st_build_shell = /home/crx/code/hccl_three_sequence_rs/hccl_2039/test/st/algorithm/build.sh
开始执行st...
-- The C compiler identification is GNU 11.4.0
-- The CXX compiler identification is GNU 11.4.0
-- Detecting C compiler ABI info
-- Detecting C compiler ABI info - done
-- Check for working C compiler: /usr/bin/cc - skipped
-- Detecting C compile features
-- Detecting C compile features - done
-- Detecting CXX compiler ABI info
-- Detecting CXX compiler ABI info - done
-- Check for working CXX compiler: /usr/bin/c++ - skipped
-- Detecting CXX compile features
-- Detecting CXX compile features - done
-- Final Ascend Path: /home/crx/toolkit/cann-9.1.0/x86_64-linux
-- [ST] Detected CANN_VERSION_NUM = 90100000
-- [ThirdParty] GTEST_INSTALL_PATH=/home/crx/code/hccl_three_sequence_rs/hccl_2039/test/st/algorithm/../../../third_party/gtest
-- Found gtest: /home/crx/code/hccl_three_sequence_rs/hccl_2039/third_party/gtest/include  
-- [ThirdParty] Found GTest: TRUE
-- [ThirdParty] GTest found in /home/crx/code/hccl_three_sequence_rs/hccl_2039/test/st/algorithm/../../../third_party/gtest, and not force rebuild cann third_party
-- utils path= /home/crx/code/hccl_three_sequence_rs/hccl_2039/test/st/algorithm/utils/src
-- Configuring done
-- Generating done
-- Build files have been written to: /home/crx/code/hccl_three_sequence_rs/hccl_2039/test/st/algorithm/build
[  0%] Building CXX object utils/src/hccl_depends_stub/CMakeFiles/acl_rt.dir/hccl_depends_stub.cc.o
[  1%] Building CXX object utils/src/hccl_depends_stub/CMakeFiles/unified_dlog.dir/hccl_depends_stub.cc.o
[  2%] Building CXX object utils/src/hccl_verifier/CMakeFiles/hccl-verifier.dir/hccl_verifier.cc.o
[  3%] Building CXX object utils/src/hccl_depends_stub/CMakeFiles/hcomm.dir/hccl_depends_stub.cc.o
[  3%] Building CXX object utils/src/hccl_verifier/CMakeFiles/hccl-verifier.dir/mem_conflict_check/check_rank_mem.cc.o
[  4%] Building CXX object utils/src/hccl_verifier/CMakeFiles/hccl-verifier.dir/checker.cc.o
[  5%] Building CXX object utils/src/hccl_verifier/CMakeFiles/hccl-verifier.dir/mem_conflict_check/task_graph_revamp.cc.o
[  6%] Building CXX object utils/src/aicpu/CMakeFiles/scatter_aicpu_kernel.dir/home/crx/code/hccl_three_sequence_rs/hccl_2039/src/common/utils.cc.o
[  7%] Linking CXX shared library libacl_rt.so
[  7%] Linking CXX shared library libhcomm.so
[  8%] Linking CXX shared library libunified_dlog.so
[  8%] Built target hcomm
[  8%] Built target acl_rt
[  8%] Built target unified_dlog
[  9%] Building CXX object utils/src/aicpu/CMakeFiles/scatter_aicpu_kernel.dir/home/crx/code/hccl_three_sequence_rs/hccl_2039/src/common/config_log.cc.o
[  9%] Building CXX object utils/src/hccl_verifier/CMakeFiles/hccl-verifier.dir/semantics_check/task_check_op_semantics.cc.o
[ 10%] Building CXX object utils/src/aicpu/CMakeFiles/scatter_aicpu_kernel.dir/home/crx/code/hccl_three_sequence_rs/hccl_2039/src/common/sal.cc.o
[ 11%] Building CXX object utils/src/aicpu/CMakeFiles/scatter_aicpu_kernel.dir/home/crx/code/hccl_three_sequence_rs/hccl_2039/src/common/log.cc.o
[ 11%] Building CXX object utils/src/aicpu/CMakeFiles/scatter_aicpu_kernel.dir/home/crx/code/hccl_three_sequence_rs/hccl_2039/src/common/adapter_error_manager_pub.cc.o
[ 12%] Building CXX object utils/src/aicpu/CMakeFiles/scatter_aicpu_kernel.dir/home/crx/code/hccl_three_sequence_rs/hccl_2039/src/common/alg_env_config.cc.o
[ 12%] Building CXX object utils/src/hccl_verifier/CMakeFiles/hccl-verifier.dir/semantics_check/allgather_semantics_checker.cc.o
[ 13%] Building CXX object utils/src/hccl_verifier/CMakeFiles/hccl-verifier.dir/semantics_check/allgather_v_semantics_checker.cc.o
[ 13%] Building CXX object utils/src/aicpu/CMakeFiles/scatter_aicpu_kernel.dir/home/crx/code/hccl_three_sequence_rs/hccl_2039/src/common/hcomm_dlsym/hcomm_primitives_dl.cc.o
[ 13%] Building CXX object utils/src/hccl_verifier/CMakeFiles/hccl-verifier.dir/semantics_check/allreduce_semantics_checker.cc.o
[ 14%] Building CXX object utils/src/aicpu/CMakeFiles/scatter_aicpu_kernel.dir/home/crx/code/hccl_three_sequence_rs/hccl_2039/src/ops/op_common/exec_timeout_manager.cc.o
[ 15%] Building CXX object utils/src/hccl_verifier/CMakeFiles/hccl-verifier.dir/semantics_check/reduce_scatter_v_semantics_checker.cc.o
[ 16%] Building CXX object utils/src/hccl_verifier/CMakeFiles/hccl-verifier.dir/semantics_check/reduce_scatter_semantics_checker.cc.o
[ 17%] Building CXX object utils/src/aicpu/CMakeFiles/scatter_aicpu_kernel.dir/home/crx/code/hccl_three_sequence_rs/hccl_2039/src/ops/op_common/executor/channel/channel.cc.o
[ 17%] Building CXX object utils/src/hccl_verifier/CMakeFiles/hccl-verifier.dir/semantics_check/all2all_semantics_checker.cc.o
[ 18%] Building CXX object utils/src/hccl_verifier/CMakeFiles/hccl-verifier.dir/semantics_check/all2allv_semantics_checker.cc.o
[ 18%] Building CXX object utils/src/hccl_verifier/CMakeFiles/hccl-verifier.dir/semantics_check/broadcast_semantics_checker.cc.o
[ 19%] Building CXX object utils/src/hccl_verifier/CMakeFiles/hccl-verifier.dir/semantics_check/reduce_semantics_checker.cc.o
[ 20%] Building CXX object utils/src/hccl_verifier/CMakeFiles/hccl-verifier.dir/semantics_check/send_recv_semantics_checker.cc.o
[ 20%] Building CXX object utils/src/hccl_verifier/CMakeFiles/hccl-verifier.dir/semantics_check/scatter_semantics_checker.cc.o
[ 21%] Building CXX object utils/src/hccl_verifier/CMakeFiles/hccl-verifier.dir/semantics_check/batchsendrecv_semantics_checker.cc.o
[ 21%] Building CXX object utils/src/hccl_verifier/CMakeFiles/hccl-verifier.dir/singletask_check/singletask_check.cc.o
[ 22%] Building CXX object utils/src/hccl_verifier/CMakeFiles/hccl-verifier.dir/task_graph_generator/task_graph_generator.cc.o
[ 22%] Building CXX object utils/src/aicpu/CMakeFiles/scatter_aicpu_kernel.dir/home/crx/code/hccl_three_sequence_rs/hccl_2039/src/ops/op_common/executor/channel/channel_request.cc.o
[ 23%] Building CXX object utils/src/aicpu/CMakeFiles/scatter_aicpu_kernel.dir/home/crx/code/hccl_three_sequence_rs/hccl_2039/src/ops/op_common/executor/registry/coll_alg_exec_registry.cc.o
[ 24%] Building CXX object utils/src/aicpu/CMakeFiles/scatter_aicpu_kernel.dir/home/crx/code/hccl_three_sequence_rs/hccl_2039/src/ops/op_common/executor/registry/coll_alg_v2_exec_registry.cc.o
[ 24%] Building CXX object utils/src/aicpu/CMakeFiles/scatter_aicpu_kernel.dir/home/crx/code/hccl_three_sequence_rs/hccl_2039/src/ops/op_common/executor/executor_base.cc.o
[ 25%] Building CXX object utils/src/aicpu/CMakeFiles/scatter_aicpu_kernel.dir/home/crx/code/hccl_three_sequence_rs/hccl_2039/src/ops/op_common/executor/executor_v2_base.cc.o
[ 25%] Building CXX object utils/src/aicpu/CMakeFiles/scatter_aicpu_kernel.dir/home/crx/code/hccl_three_sequence_rs/hccl_2039/src/ops/op_common/template/alg_template_base.cc.o
[ 26%] Building CXX object utils/src/aicpu/CMakeFiles/scatter_aicpu_kernel.dir/home/crx/code/hccl_three_sequence_rs/hccl_2039/src/ops/op_common/template/alg_v2_template_base.cc.o
[ 27%] Building CXX object utils/src/aicpu/CMakeFiles/scatter_aicpu_kernel.dir/home/crx/code/hccl_three_sequence_rs/hccl_2039/src/ops/op_common/template/template_utils.cc.o
[ 28%] Linking CXX shared library libhccl-verifier.so
[ 28%] Built target hccl-verifier
[ 28%] Building CXX object utils/src/aicpu/CMakeFiles/scatter_aicpu_kernel.dir/home/crx/code/hccl_three_sequence_rs/hccl_2039/src/ops/op_common/template/aicpu/kernel_launch.cc.o
[ 29%] Building CXX object utils/src/aicpu/CMakeFiles/scatter_aicpu_kernel.dir/home/crx/code/hccl_three_sequence_rs/hccl_2039/src/ops/op_common/template/aicpu/dfx/task_exception_fun.cc.o
[ 29%] Building CXX object utils/src/aicpu/CMakeFiles/scatter_aicpu_kernel.dir/home/crx/code/hccl_three_sequence_rs/hccl_2039/src/ops/op_common/template/registry/alg_template_register.cc.o
[ 30%] Building CXX object utils/src/aicpu/CMakeFiles/scatter_aicpu_kernel.dir/home/crx/code/hccl_three_sequence_rs/hccl_2039/src/ops/op_common/template/registry/alg_v2_template_register.cc.o
[ 31%] Building CXX object utils/src/aicpu/CMakeFiles/scatter_aicpu_kernel.dir/home/crx/code/hccl_three_sequence_rs/hccl_2039/src/ops/op_common/template/wrapper/alg_data_trans_wrapper.cc.o
[ 31%] Building CXX object utils/src/aicpu/CMakeFiles/scatter_aicpu_kernel.dir/home/crx/code/hccl_three_sequence_rs/hccl_2039/src/ops/op_common/template/wrapper/dpu_alg_data_trans_wrapper.cc.o
[ 32%] Building CXX object utils/src/aicpu/CMakeFiles/scatter_aicpu_kernel.dir/home/crx/code/hccl_three_sequence_rs/hccl_2039/src/ops/op_common/topo/topo.cc.o
[ 32%] Building CXX object utils/src/aicpu/CMakeFiles/scatter_aicpu_kernel.dir/home/crx/code/hccl_three_sequence_rs/hccl_2039/src/ops/op_common/topo/topo_match_1d.cc.o
[ 33%] Building CXX object utils/src/aicpu/CMakeFiles/scatter_aicpu_kernel.dir/home/crx/code/hccl_three_sequence_rs/hccl_2039/src/ops/op_common/topo/topo_match_base.cc.o
[ 34%] Building CXX object utils/src/aicpu/CMakeFiles/scatter_aicpu_kernel.dir/home/crx/code/hccl_three_sequence_rs/hccl_2039/src/ops/op_common/topo/topo_match_multilevel.cc.o
[ 34%] Building CXX object utils/src/aicpu/CMakeFiles/scatter_aicpu_kernel.dir/home/crx/code/hccl_three_sequence_rs/hccl_2039/src/ops/op_common/topo/topo_match_ubx.cc.o
[ 35%] Building CXX object utils/src/aicpu/CMakeFiles/scatter_aicpu_kernel.dir/home/crx/code/hccl_three_sequence_rs/hccl_2039/src/ops/op_common/topo/topo_match_pcie_mix.cc.o
[ 36%] Building CXX object utils/src/aicpu/CMakeFiles/scatter_aicpu_kernel.dir/home/crx/code/hccl_three_sequence_rs/hccl_2039/src/ops/scatter/algo/scatter_comm_executor.cc.o
[ 36%] Building CXX object utils/src/aicpu/CMakeFiles/scatter_aicpu_kernel.dir/home/crx/code/hccl_three_sequence_rs/hccl_2039/src/ops/scatter/algo/scatter_executor_base.cc.o
[ 37%] Building CXX object utils/src/aicpu/CMakeFiles/scatter_aicpu_kernel.dir/home/crx/code/hccl_three_sequence_rs/hccl_2039/src/ops/scatter/algo/scatter_mesh_executor.cc.o
[ 37%] Building CXX object utils/src/aicpu/CMakeFiles/scatter_aicpu_kernel.dir/home/crx/code/hccl_three_sequence_rs/hccl_2039/src/ops/scatter/algo/scatter_ring_executor.cc.o
[ 38%] Building CXX object utils/src/aicpu/CMakeFiles/scatter_aicpu_kernel.dir/home/crx/code/hccl_three_sequence_rs/hccl_2039/src/ops/scatter/algo/scatter_single_executor.cc.o
[ 39%] Building CXX object utils/src/aicpu/CMakeFiles/scatter_aicpu_kernel.dir/home/crx/code/hccl_three_sequence_rs/hccl_2039/src/ops/scatter/algo/template/nhr_base.cc.o
[ 39%] Building CXX object utils/src/aicpu/CMakeFiles/scatter_aicpu_kernel.dir/home/crx/code/hccl_three_sequence_rs/hccl_2039/src/ops/scatter/algo/template/scatter_mesh.cc.o
[ 40%] Building CXX object utils/src/aicpu/CMakeFiles/scatter_aicpu_kernel.dir/home/crx/code/hccl_three_sequence_rs/hccl_2039/src/ops/scatter/algo/template/scatter_nb.cc.o
[ 40%] Building CXX object utils/src/aicpu/CMakeFiles/scatter_aicpu_kernel.dir/home/crx/code/hccl_three_sequence_rs/hccl_2039/src/ops/scatter/algo/template/scatter_nhr.cc.o
[ 41%] Building CXX object utils/src/aicpu/CMakeFiles/scatter_aicpu_kernel.dir/home/crx/code/hccl_three_sequence_rs/hccl_2039/src/ops/scatter/algo/template/scatter_ring_direct.cc.o
[ 42%] Building CXX object utils/src/aicpu/CMakeFiles/scatter_aicpu_kernel.dir/home/crx/code/hccl_three_sequence_rs/hccl_2039/src/ops/scatter/algo/template/scatter_ring.cc.o
[ 42%] Building CXX object utils/src/aicpu/CMakeFiles/scatter_aicpu_kernel.dir/home/crx/code/hccl_three_sequence_rs/hccl_2039/src/ops/scatter/executor/ins_v2_scatter_sole_executor.cc.o
[ 43%] Building CXX object utils/src/aicpu/CMakeFiles/scatter_aicpu_kernel.dir/home/crx/code/hccl_three_sequence_rs/hccl_2039/src/ops/scatter/executor/ins_v2_scatter_parallel_executor.cc.o
[ 44%] Building CXX object utils/src/aicpu/CMakeFiles/scatter_aicpu_kernel.dir/home/crx/code/hccl_three_sequence_rs/hccl_2039/src/ops/scatter/template/aicpu/ins_temp_scatter_mesh_1D.cc.o
[ 44%] Building CXX object utils/src/aicpu/CMakeFiles/scatter_aicpu_kernel.dir/home/crx/code/hccl_three_sequence_rs/hccl_2039/src/ops/scatter/template/aicpu/ins_temp_scatter_nhr.cc.o
[ 45%] Building CXX object utils/src/aicpu/CMakeFiles/scatter_aicpu_kernel.dir/home/crx/code/hccl_three_sequence_rs/hccl_2039/src/ops/reduce_scatter/executor/ins_v2_reduce_scatter_sole_executor.cc.o
[ 45%] Building CXX object utils/src/aicpu/CMakeFiles/scatter_aicpu_kernel.dir/home/crx/code/hccl_three_sequence_rs/hccl_2039/src/ops/reduce_scatter/executor/ins_reduce_scatter_parallel_executor.cc.o
[ 46%] Building CXX object utils/src/aicpu/CMakeFiles/scatter_aicpu_kernel.dir/home/crx/code/hccl_three_sequence_rs/hccl_2039/src/ops/reduce_scatter/executor/ins_v2_reduce_scatter_sequence_executor.cc.o
[ 47%] Building CXX object utils/src/aicpu/CMakeFiles/scatter_aicpu_kernel.dir/home/crx/code/hccl_three_sequence_rs/hccl_2039/src/ops/reduce_scatter/executor/ins_v2_reduce_scatter_sequence_executor_aicpu.cc.o
[ 47%] Building CXX object utils/src/aicpu/CMakeFiles/scatter_aicpu_kernel.dir/home/crx/code/hccl_three_sequence_rs/hccl_2039/src/ops/reduce_scatter/executor/ins_v2_reduce_scatter_sequence_executor_3level.cc.o
[ 48%] Building CXX object utils/src/aicpu/CMakeFiles/scatter_aicpu_kernel.dir/home/crx/code/hccl_three_sequence_rs/hccl_2039/src/ops/reduce_scatter/template/aicpu/ins_temp_reduce_scatter_mesh_1D.cc.o
[ 48%] Building CXX object utils/src/aicpu/CMakeFiles/scatter_aicpu_kernel.dir/home/crx/code/hccl_three_sequence_rs/hccl_2039/src/ops/reduce_scatter/template/aicpu/ins_temp_reduce_scatter_nhr.cc.o
[ 49%] Building CXX object utils/src/aicpu/CMakeFiles/scatter_aicpu_kernel.dir/home/crx/code/hccl_three_sequence_rs/hccl_2039/src/ops/reduce_scatter/template/aicpu/ins_temp_reduce_scatter_mesh_1D_meshchunk.cc.o
[ 50%] Building CXX object utils/src/aicpu/CMakeFiles/scatter_aicpu_kernel.dir/home/crx/code/hccl_three_sequence_rs/hccl_2039/src/ops/reduce_scatter/template/aicpu/ins_temp_reduce_scatter_mesh_1D_Z_axis_detour.cc.o
[ 50%] Building CXX object utils/src/aicpu/CMakeFiles/scatter_aicpu_kernel.dir/home/crx/code/hccl_three_sequence_rs/hccl_2039/src/ops/reduce_scatter/template/aicpu/ins_temp_reduce_scatter_mesh_1d_dpu.cc.o
[ 51%] Building CXX object utils/src/aicpu/CMakeFiles/scatter_aicpu_kernel.dir/home/crx/code/hccl_three_sequence_rs/hccl_2039/src/ops/all_gather/executor/ins_v2_all_gather_sole_executor.cc.o
[ 52%] Building CXX object utils/src/aicpu/CMakeFiles/scatter_aicpu_kernel.dir/home/crx/code/hccl_three_sequence_rs/hccl_2039/src/ops/all_gather/executor/ins_v2_all_gather_parallel_executor.cc.o
[ 52%] Building CXX object utils/src/aicpu/CMakeFiles/scatter_aicpu_kernel.dir/home/crx/code/hccl_three_sequence_rs/hccl_2039/src/ops/all_gather/executor/ins_v2_all_gather_sequence_executor_aicpu.cc.o
[ 53%] Building CXX object utils/src/aicpu/CMakeFiles/scatter_aicpu_kernel.dir/home/crx/code/hccl_three_sequence_rs/hccl_2039/src/ops/all_gather/template/aicpu/ins_temp_all_gather_mesh_1D.cc.o
[ 53%] Building CXX object utils/src/aicpu/CMakeFiles/scatter_aicpu_kernel.dir/home/crx/code/hccl_three_sequence_rs/hccl_2039/src/ops/all_gather/template/aicpu/ins_temp_all_gather_nhr.cc.o
[ 54%] Building CXX object utils/src/aicpu/CMakeFiles/scatter_aicpu_kernel.dir/home/crx/code/hccl_three_sequence_rs/hccl_2039/src/ops/all_gather/template/aicpu/ins_temp_all_gather_mesh_1D_Z_axis_detour.cc.o
[ 55%] Building CXX object utils/src/aicpu/CMakeFiles/scatter_aicpu_kernel.dir/home/crx/code/hccl_three_sequence_rs/hccl_2039/src/ops/all_gather/executor/ins_v2_all_gather_sequence_executor.cc.o
[ 55%] Building CXX object utils/src/aicpu/CMakeFiles/scatter_aicpu_kernel.dir/home/crx/code/hccl_three_sequence_rs/hccl_2039/src/ops/all_gather/template/aicpu/ins_temp_all_gather_nhr_dpu.cc.o
[ 56%] Building CXX object utils/src/aicpu/CMakeFiles/scatter_aicpu_kernel.dir/home/crx/code/hccl_three_sequence_rs/hccl_2039/src/ops/all_reduce/template/aicpu/ins_temp_all_gather_mesh_1D_intra.cc.o
[ 56%] Building CXX object utils/src/aicpu/CMakeFiles/scatter_aicpu_kernel.dir/home/crx/code/hccl_three_sequence_rs/hccl_2039/src/ops/all_reduce/template/aicpu/ins_temp_all_gather_nhr_dpu_inter.cc.o
[ 57%] Building CXX object utils/src/aicpu/CMakeFiles/scatter_aicpu_kernel.dir/home/crx/code/hccl_three_sequence_rs/hccl_2039/src/ops/all_reduce/template/aicpu/ins_temp_reduce_scatter_mesh_1D_dpu_inter.cc.o
[ 58%] Building CXX object utils/src/aicpu/CMakeFiles/scatter_aicpu_kernel.dir/home/crx/code/hccl_three_sequence_rs/hccl_2039/src/ops/all_reduce/template/aicpu/ins_temp_reduce_scatter_mesh_1D_intra.cc.o
[ 58%] Building CXX object utils/src/aicpu/CMakeFiles/scatter_aicpu_kernel.dir/home/crx/code/hccl_three_sequence_rs/hccl_2039/src/ops/all_gather_v/executor/ins_v2_all_gather_v_sole_executor.cc.o
[ 59%] Building CXX object utils/src/aicpu/CMakeFiles/scatter_aicpu_kernel.dir/home/crx/code/hccl_three_sequence_rs/hccl_2039/src/ops/all_gather_v/template/aicpu/ins_temp_all_gather_v_mesh_1D.cc.o
[ 59%] Building CXX object utils/src/aicpu/CMakeFiles/scatter_aicpu_kernel.dir/home/crx/code/hccl_three_sequence_rs/hccl_2039/src/ops/all_to_all_v/executor/ins_v2_all_to_all_v_sole_executor.cc.o
[ 60%] Building CXX object utils/src/aicpu/CMakeFiles/scatter_aicpu_kernel.dir/home/crx/code/hccl_three_sequence_rs/hccl_2039/src/ops/all_to_all_v/template/aicpu/ins_temp_all_to_all_v_mesh_1D.cc.o
[ 61%] Building CXX object utils/src/aicpu/CMakeFiles/scatter_aicpu_kernel.dir/home/crx/code/hccl_three_sequence_rs/hccl_2039/src/ops/all_to_all_v/template/aicpu/ins_temp_dpu_alltoall_mesh.cc.o
[ 61%] Building CXX object utils/src/aicpu/CMakeFiles/scatter_aicpu_kernel.dir/home/crx/code/hccl_three_sequence_rs/hccl_2039/src/ops/send/executor/ins_v2_send_sole_executor.cc.o
[ 62%] Building CXX object utils/src/aicpu/CMakeFiles/scatter_aicpu_kernel.dir/home/crx/code/hccl_three_sequence_rs/hccl_2039/src/ops/send/executor/ins_send_executor.cc.o
[ 63%] Building CXX object utils/src/aicpu/CMakeFiles/scatter_aicpu_kernel.dir/home/crx/code/hccl_three_sequence_rs/hccl_2039/src/ops/send/template/ins_temp_send_dpu.cc.o
[ 63%] Building CXX object utils/src/aicpu/CMakeFiles/scatter_aicpu_kernel.dir/home/crx/code/hccl_three_sequence_rs/hccl_2039/src/ops/recv/executor/ins_v2_recv_sole_executor.cc.o
[ 64%] Building CXX object utils/src/aicpu/CMakeFiles/scatter_aicpu_kernel.dir/home/crx/code/hccl_three_sequence_rs/hccl_2039/src/ops/recv/executor/ins_recv_executor.cc.o
[ 64%] Building CXX object utils/src/aicpu/CMakeFiles/scatter_aicpu_kernel.dir/home/crx/code/hccl_three_sequence_rs/hccl_2039/src/ops/recv/template/ins_temp_recv_dpu.cc.o
[ 65%] Building CXX object utils/src/aicpu/CMakeFiles/scatter_aicpu_kernel.dir/home/crx/code/hccl_three_sequence_rs/hccl_2039/src/ops/all_reduce/executor/ins_v2_all_reduce_sole_executor.cc.o
[ 66%] Building CXX object utils/src/aicpu/CMakeFiles/scatter_aicpu_kernel.dir/home/crx/code/hccl_three_sequence_rs/hccl_2039/src/ops/all_reduce/executor/ins_v2_all_reduce_parallel_executor.cc.o
[ 66%] Building CXX object utils/src/aicpu/CMakeFiles/scatter_aicpu_kernel.dir/home/crx/code/hccl_three_sequence_rs/hccl_2039/src/ops/all_reduce/executor/ins_v2_all_reduce_sequence_executor.cc.o
[ 67%] Building CXX object utils/src/aicpu/CMakeFiles/scatter_aicpu_kernel.dir/home/crx/code/hccl_three_sequence_rs/hccl_2039/src/ops/all_reduce/executor/ins_v2_all_reduce_sequence_executor_aicpu.cc.o
[ 67%] Building CXX object utils/src/aicpu/CMakeFiles/scatter_aicpu_kernel.dir/home/crx/code/hccl_three_sequence_rs/hccl_2039/src/ops/all_reduce/executor/ins_v2_all_reduce_two_shot_sole_executor.cc.o
[ 68%] Building CXX object utils/src/aicpu/CMakeFiles/scatter_aicpu_kernel.dir/home/crx/code/hccl_three_sequence_rs/hccl_2039/src/ops/all_reduce/template/aicpu/ins_temp_all_reduce_mesh_1D_one_shot.cc.o
[ 69%] Building CXX object utils/src/aicpu/CMakeFiles/scatter_aicpu_kernel.dir/home/crx/code/hccl_three_sequence_rs/hccl_2039/src/ops/all_reduce/template/aicpu/ins_temp_all_reduce_mesh_1D_two_shot.cc.o
[ 69%] Building CXX object utils/src/aicpu/CMakeFiles/scatter_aicpu_kernel.dir/home/crx/code/hccl_three_sequence_rs/hccl_2039/src/ops/all_reduce/template/aicpu/ins_temp_all_reduce_nhr.cc.o
[ 70%] Building CXX object utils/src/aicpu/CMakeFiles/scatter_aicpu_kernel.dir/home/crx/code/hccl_three_sequence_rs/hccl_2039/src/ops/all_reduce/template/aicpu/ins_temp_all_reduce_aicpu_reduce_nhr.cc.o
[ 71%] Building CXX object utils/src/aicpu/CMakeFiles/scatter_aicpu_kernel.dir/home/crx/code/hccl_three_sequence_rs/hccl_2039/src/ops/all_reduce/template/aicpu/ins_temp_all_reduce_mesh_1D_two_shot_mesh_chunk.cc.o
[ 71%] Building CXX object utils/src/aicpu/CMakeFiles/scatter_aicpu_kernel.dir/home/crx/code/hccl_three_sequence_rs/hccl_2039/src/ops/broadcast/executor/ins_v2_broadcast_sole_executor.cc.o
[ 72%] Building CXX object utils/src/aicpu/CMakeFiles/scatter_aicpu_kernel.dir/home/crx/code/hccl_three_sequence_rs/hccl_2039/src/ops/broadcast/executor/ins_v2_broadcast_parallel_executor.cc.o
[ 72%] Building CXX object utils/src/aicpu/CMakeFiles/scatter_aicpu_kernel.dir/home/crx/code/hccl_three_sequence_rs/hccl_2039/src/ops/broadcast/template/aicpu/ins_temp_broadcast_mesh_1D_two_shot.cc.o
[ 73%] Building CXX object utils/src/aicpu/CMakeFiles/scatter_aicpu_kernel.dir/home/crx/code/hccl_three_sequence_rs/hccl_2039/src/ops/broadcast/template/aicpu/ins_temp_broadcast_nhr.cc.o
[ 74%] Building CXX object utils/src/aicpu/CMakeFiles/scatter_aicpu_kernel.dir/home/crx/code/hccl_three_sequence_rs/hccl_2039/src/ops/batch_send_recv/executor/ins_v2_batch_send_recv_executor.cc.o
[ 74%] Building CXX object utils/src/aicpu/CMakeFiles/scatter_aicpu_kernel.dir/home/crx/code/hccl_three_sequence_rs/hccl_2039/src/ops/reduce/executor/reduce_sole_executor.cc.o
[ 75%] Building CXX object utils/src/aicpu/CMakeFiles/scatter_aicpu_kernel.dir/home/crx/code/hccl_three_sequence_rs/hccl_2039/src/ops/reduce/executor/reduce_parallel_executor.cc.o
[ 75%] Building CXX object utils/src/aicpu/CMakeFiles/scatter_aicpu_kernel.dir/home/crx/code/hccl_three_sequence_rs/hccl_2039/src/ops/reduce/template/aicpu/reduce_mesh_1D.cc.o
[ 76%] Building CXX object utils/src/aicpu/CMakeFiles/scatter_aicpu_kernel.dir/home/crx/code/hccl_three_sequence_rs/hccl_2039/src/ops/reduce/template/aicpu/reduce_nhr.cc.o
[ 77%] Building CXX object utils/src/aicpu/CMakeFiles/scatter_aicpu_kernel.dir/home/crx/code/hccl_three_sequence_rs/hccl_2039/src/ops/reduce/template/aicpu/reduce_aicpu_reduce_nhr.cc.o
[ 77%] Linking CXX shared library libscatter_aicpu_kernel.so
[ 77%] Built target scatter_aicpu_kernel
[ 78%] Building CXX object utils/src/CMakeFiles/hccl-model-proxy.dir/sim_world/sim_task_queue.cc.o
[ 78%] Building CXX object utils/src/CMakeFiles/hccl-model-proxy.dir/sim_world/sim_npu.cc.o
[ 78%] Building CXX object utils/src/CMakeFiles/hccl-model-proxy.dir/sim_world/comm_domain.cc.o
[ 79%] Building CXX object utils/src/CMakeFiles/hccl-model-proxy.dir/sim_world/sim_task.cc.o
[ 80%] Building CXX object utils/src/CMakeFiles/hccl-model-proxy.dir/sim_world/sim_world.cc.o
[ 80%] Building CXX object utils/src/CMakeFiles/hccl-model-proxy.dir/hccl_proxy/aclrt_stub.cc.o
[ 82%] Building CXX object utils/src/CMakeFiles/hccl-model-proxy.dir/hccl_proxy/hcclinner_stub.cc.o
[ 82%] Building CXX object utils/src/CMakeFiles/hccl-model-proxy.dir/hccl_proxy/hccl_stub.cc.o
[ 82%] Building CXX object utils/src/CMakeFiles/hccl-model-proxy.dir/hccl_proxy/log_stub.cc.o
[ 83%] Building CXX object utils/src/CMakeFiles/hccl-model-proxy.dir/hccl_proxy/error_manager_stub.cc.o
[ 83%] Building CXX object utils/src/CMakeFiles/hccl-model-proxy.dir/hccl_proxy/hcomm_ccu_stub.cc.o
[ 84%] Building CXX object utils/src/CMakeFiles/hccl-model-proxy.dir/hccl_proxy/hccl_profiling_dfx_stub.cc.o
[ 85%] Building CXX object utils/src/CMakeFiles/hccl-model-proxy.dir/hccl_proxy/communicator/sim_communicator.cc.o
[ 85%] Building CXX object utils/src/CMakeFiles/hccl-model-proxy.dir/hccl_proxy/communicator/sim_thread_manager.cc.o
[ 86%] Building CXX object utils/src/CMakeFiles/hccl-model-proxy.dir/hccl_proxy/communicator/sim_thread.cc.o
[ 87%] Building CXX object utils/src/CMakeFiles/hccl-model-proxy.dir/hccl_proxy/communicator/sim_channel.cc.o
[ 87%] Building CXX object utils/src/CMakeFiles/hccl-model-proxy.dir/hccl_proxy/communicator/sim_channel_manager.cc.o
[ 88%] Building CXX object utils/src/CMakeFiles/hccl-model-proxy.dir/hccl_proxy/communicator/sim_channel_exchange_handler.cc.o
[ 88%] Building CXX object utils/src/CMakeFiles/hccl-model-proxy.dir/hccl_proxy/communicator/sim_context_manager.cc.o
[ 89%] Building CXX object utils/src/CMakeFiles/hccl-model-proxy.dir/hccl_proxy/topo_model/topo_model.cc.o
[ 90%] Building CXX object utils/src/CMakeFiles/hccl-model-proxy.dir/common/exception/exception_defination.cc.o
[ 90%] Building CXX object utils/src/CMakeFiles/hccl-model-proxy.dir/common/exception/hccl_exception.cc.o
[ 91%] Building CXX object utils/src/CMakeFiles/hccl-model-proxy.dir/common/utils/check_utils.cc.o
[ 91%] Linking CXX shared library libhccl-model-proxy.so
[ 91%] Built target hccl-model-proxy
[ 92%] Building CXX object testcase/CMakeFiles/hccl_checker_ops_stest.dir/scatter_testcase.cc.o
[ 93%] Building CXX object testcase/CMakeFiles/hccl_checker_ops_stest.dir/reduce_scatter_aicpu_testcase.cc.o
[ 93%] Building CXX object testcase/CMakeFiles/hccl_checker_ops_stest.dir/main.cc.o
[ 94%] Building CXX object testcase/CMakeFiles/hccl_checker_ops_stest.dir/all_reduce_testcase.cc.o
[ 94%] Building CXX object testcase/CMakeFiles/hccl_checker_ops_stest.dir/all_reduce_parallel_testcase.cc.o
[ 94%] Building CXX object testcase/CMakeFiles/hccl_checker_ops_stest.dir/all_gather_dpu_testcase.cc.o
[ 95%] Building CXX object testcase/CMakeFiles/hccl_checker_ops_stest.dir/all_gather_aicpu_testcase.cc.o
[ 96%] Building CXX object testcase/CMakeFiles/hccl_checker_ops_stest.dir/all_gather_v_testcase.cc.o
[ 96%] Building CXX object testcase/CMakeFiles/hccl_checker_ops_stest.dir/reduce_scatter_v_testcase.cc.o
[ 97%] Building CXX object testcase/CMakeFiles/hccl_checker_ops_stest.dir/reduce_scatter_3level_testcase.cc.o
[ 97%] Building CXX object testcase/CMakeFiles/hccl_checker_ops_stest.dir/alltoall_testcase.cc.o
[ 98%] Building CXX object testcase/CMakeFiles/hccl_checker_ops_stest.dir/alltoallv_testcase.cc.o
[ 99%] Building CXX object testcase/CMakeFiles/hccl_checker_ops_stest.dir/alltoallvc_testcase.cc.o
[ 99%] Building CXX object testcase/CMakeFiles/hccl_checker_ops_stest.dir/broadcast_testcase.cc.o
[100%] Linking CXX executable hccl_checker_ops_stest
[100%] Built target hccl_checker_ops_stest
[2026-06-11 15:36:28.560733][pid:26917][INFO][hccl_res_dl.cc:33] [26917][HcclWrapper] HcclGetRemoteIpcHcclBuf not supported
[2026-06-11 15:36:28.560777][pid:26917][INFO][hccl_res_dl.cc:34] [26917][HcclWrapper] HcclTaskRegister not supported
[2026-06-11 15:36:28.560782][pid:26917][INFO][hccl_res_dl.cc:35] [26917][HcclWrapper] HcclTaskUnRegister not supported
[2026-06-11 15:36:28.560785][pid:26917][INFO][hccl_res_dl.cc:36] [26917][HcclWrapper] HcclDevMemAcquire not supported
[2026-06-11 15:36:28.560787][pid:26917][INFO][hccl_res_dl.cc:37] [26917][HcclWrapper] HcclThreadExportToCommEngine not supported
[2026-06-11 15:36:28.560789][pid:26917][INFO][hccl_res_dl.cc:38] [26917][HcclWrapper] HcclChannelGetRemoteMems not supported
[2026-06-11 15:36:28.560792][pid:26917][INFO][hccl_res_dl.cc:39] [26917][HcclWrapper] HcclCommMemReg not supported
[2026-06-11 15:36:28.560794][pid:26917][INFO][hccl_res_dl.cc:40] [26917][HcclWrapper] HcclEngineCtxDestroy not supported
[2026-06-11 15:36:28.560797][pid:26917][INFO][hccl_rank_graph_dl.cc:27] [26917][HcclWrapper] HcclRankGraphGetTopoInstsByLayer not supported
[2026-06-11 15:36:28.560799][pid:26917][INFO][hccl_rank_graph_dl.cc:28] [26917][HcclWrapper] HcclRankGraphGetTopoType not supported
[2026-06-11 15:36:28.560802][pid:26917][INFO][hccl_rank_graph_dl.cc:29] [26917][HcclWrapper] HcclRankGraphGetRanksByTopoInst not supported
[2026-06-11 15:36:28.560804][pid:26917][INFO][hccl_rank_graph_dl.cc:30] [26917][HcclWrapper] HcclRankGraphGetEndpointNum not supported
[2026-06-11 15:36:28.560807][pid:26917][INFO][hccl_rank_graph_dl.cc:31] [26917][HcclWrapper] HcclRankGraphGetEndpointDesc not supported
[2026-06-11 15:36:28.560809][pid:26917][INFO][hccl_rank_graph_dl.cc:32] [26917][HcclWrapper] HcclRankGraphGetEndpointInfo not supported
[2026-06-11 15:36:28.560813][pid:26917][INFO][/home/crx/code/hccl_three_sequence_rs/hccl_2039/src/common/hcomm_dlsym/hcomm_primitives_dl.cc:65] [26917][HcclWrapper] HcommWriteWithNotifyOnThread not supported
[2026-06-11 15:36:28.560815][pid:26917][INFO][/home/crx/code/hccl_three_sequence_rs/hccl_2039/src/common/hcomm_dlsym/hcomm_primitives_dl.cc:66] [26917][HcclWrapper] HcommWriteReduceWithNotifyOnThread not supported
[2026-06-11 15:36:28.560818][pid:26917][INFO][/home/crx/code/hccl_three_sequence_rs/hccl_2039/src/common/hcomm_dlsym/hcomm_primitives_dl.cc:67] [26917][HcclWrapper] HcommWriteNbiOnThread not supported
[2026-06-11 15:36:28.560820][pid:26917][INFO][/home/crx/code/hccl_three_sequence_rs/hccl_2039/src/common/hcomm_dlsym/hcomm_primitives_dl.cc:68] [26917][HcclWrapper] HcommWriteNbi not supported
[2026-06-11 15:36:28.560823][pid:26917][INFO][/home/crx/code/hccl_three_sequence_rs/hccl_2039/src/common/hcomm_dlsym/hcomm_primitives_dl.cc:69] [26917][HcclWrapper] HcommWriteWithNotifyNbiOnThread not supported
[2026-06-11 15:36:28.560825][pid:26917][INFO][/home/crx/code/hccl_three_sequence_rs/hccl_2039/src/common/hcomm_dlsym/hcomm_primitives_dl.cc:70] [26917][HcclWrapper] HcommWriteWithNotifyNbi not supported
[2026-06-11 15:36:28.560827][pid:26917][INFO][/home/crx/code/hccl_three_sequence_rs/hccl_2039/src/common/hcomm_dlsym/hcomm_primitives_dl.cc:71] [26917][HcclWrapper] HcommReadNbiOnThread not supported
[2026-06-11 15:36:28.560830][pid:26917][INFO][/home/crx/code/hccl_three_sequence_rs/hccl_2039/src/common/hcomm_dlsym/hcomm_primitives_dl.cc:72] [26917][HcclWrapper] HcommReadNbi not supported
[2026-06-11 15:36:28.560832][pid:26917][INFO][/home/crx/code/hccl_three_sequence_rs/hccl_2039/src/common/hcomm_dlsym/hcomm_primitives_dl.cc:73] [26917][HcclWrapper] HcommReadReduceOnThread not supported
[2026-06-11 15:36:28.560835][pid:26917][INFO][/home/crx/code/hccl_three_sequence_rs/hccl_2039/src/common/hcomm_dlsym/hcomm_primitives_dl.cc:74] [26917][HcclWrapper] HcommChannelNotifyRecord not supported
[2026-06-11 15:36:28.560837][pid:26917][INFO][/home/crx/code/hccl_three_sequence_rs/hccl_2039/src/common/hcomm_dlsym/hcomm_primitives_dl.cc:75] [26917][HcclWrapper] HcommChannelNotifyWait not supported
[2026-06-11 15:36:28.560839][pid:26917][INFO][/home/crx/code/hccl_three_sequence_rs/hccl_2039/src/common/hcomm_dlsym/hcomm_primitives_dl.cc:76] [26917][HcclWrapper] HcommSymWinGetPeerPointer not supported
[2026-06-11 15:36:28.560912][pid:26917][INFO][/home/crx/code/hccl_three_sequence_rs/hccl_2039/src/common/hcomm_dlsym/hcomm_primitives_dl.cc:77] [26917][HcclWrapper] HcommThreadSynchronize not supported
[2026-06-11 15:36:28.560919][pid:26917][INFO][/home/crx/code/hccl_three_sequence_rs/hccl_2039/src/common/hcomm_dlsym/hcomm_primitives_dl.cc:78] [26917][HcclWrapper] HcommSendRequest not supported
[2026-06-11 15:36:28.560923][pid:26917][INFO][/home/crx/code/hccl_three_sequence_rs/hccl_2039/src/common/hcomm_dlsym/hcomm_primitives_dl.cc:79] [26917][HcclWrapper] HcommWaitResponse not supported
[2026-06-11 15:36:28.560925][pid:26917][INFO][/home/crx/code/hccl_three_sequence_rs/hccl_2039/src/common/hcomm_dlsym/hcomm_primitives_dl.cc:80] [26917][HcclWrapper] HcommFlush not supported
[2026-06-11 15:36:28.560928][pid:26917][INFO][/home/crx/code/hccl_three_sequence_rs/hccl_2039/src/common/hcomm_dlsym/hcomm_primitives_dl.cc:81] [26917][HcclWrapper] HcommChannelFence not supported
[2026-06-11 15:36:28.560930][pid:26917][INFO][/home/crx/code/hccl_three_sequence_rs/hccl_2039/src/common/hcomm_dlsym/hcomm_primitives_dl.cc:82] [26917][HcclWrapper] HcommFenceOnThread not supported
[2026-06-11 15:36:28.560933][pid:26917][INFO][/home/crx/code/hccl_three_sequence_rs/hccl_2039/src/common/hcomm_dlsym/hcomm_primitives_dl.cc:83] [26917][HcclWrapper] HcommChannelFenceOnThread not supported
[2026-06-11 15:36:28.560935][pid:26917][INFO][/home/crx/code/hccl_three_sequence_rs/hccl_2039/src/common/hcomm_dlsym/hcomm_primitives_dl.cc:84] [26917][HcclWrapper] HcommThreadJoin not supported
[2026-06-11 15:36:28.560938][pid:26917][INFO][/home/crx/code/hccl_three_sequence_rs/hccl_2039/src/common/hcomm_dlsym/hcomm_primitives_dl.cc:89] [26917][HcclWrapper] HcommBatchTransferOnThread not supported
[2026-06-11 15:36:28.560941][pid:26917][INFO][hccl_inner_dl.cc:21] [26917][HcclWrapper] HcclCreateOpResCtxInner not supported
[2026-06-11 15:36:28.560943][pid:26917][INFO][hcomm_host_profiling_dl.cc:29] [26917][HcclWrapper] HcommProfilingRegThread not supported
[2026-06-11 15:36:28.560946][pid:26917][INFO][hcomm_host_profiling_dl.cc:30] [26917][HcclWrapper] HcommProfilingUnRegThread not supported
[2026-06-11 15:36:28.560948][pid:26917][INFO][hcomm_host_profiling_dl.cc:31] [26917][HcclWrapper] HcommProfilingReportKernel not supported
[2026-06-11 15:36:28.560950][pid:26917][INFO][hcomm_host_profiling_dl.cc:32] [26917][HcclWrapper] HcommProfilingReportOp not supported
[2026-06-11 15:36:28.560953][pid:26917][INFO][hcomm_host_profiling_dl.cc:33] [26917][HcclWrapper] HcommGetProfilingSysCycleTime not supported
[2026-06-11 15:36:28.560955][pid:26917][INFO][hcomm_host_profiling_dl.cc:34] [26917][HcclWrapper] HcclDfxRegOpInfoByCommId not supported
[2026-06-11 15:36:28.560958][pid:26917][INFO][hcomm_host_profiling_dl.cc:35] [26917][HcclWrapper] HcclProfilingReportOp not supported
[2026-06-11 15:36:28.560960][pid:26917][INFO][hcomm_host_profiling_dl.cc:36] [26917][HcclWrapper] HcclReportAicpuKernel not supported
[2026-06-11 15:36:28.560962][pid:26917][INFO][hcomm_host_profiling_dl.cc:37] [26917][HcclWrapper] HcclReportAivKernel not supported
[2026-06-11 15:36:28.560965][pid:26917][INFO][hccl_host_comm_dl.cc:23] [26917][HcclWrapper] HcclCommGetStatus not supported
[2026-06-11 15:36:28.560967][pid:26917][INFO][hccl_host_comm_dl.cc:24] [26917][HcclWrapper] HcclConfigGetInfo not supported
[2026-06-11 15:36:28.560969][pid:26917][INFO][hccl_res_expt_dl.cc:19] [26917][HcclWrapper] HcclCommAddExchangeInfo not supported
[2026-06-11 15:36:28.560972][pid:26917][INFO][hccl_res_expt_dl.cc:20] [26917][HcclWrapper] HcclCommGetExchangeInfo not supported
[2026-06-11 15:36:28.561287][pid:26917][INFO][alg_template_register.cc:36] [26917][AlgTemplateRegistry]template type[0] already registered.
[2026-06-11 15:36:28.561312][pid:26917][INFO][alg_template_register.cc:36] [26917][AlgTemplateRegistry]template type[2] already registered.
[2026-06-11 15:36:28.561329][pid:26917][INFO][alg_template_register.cc:36] [26917][AlgTemplateRegistry]template type[3] already registered.
[2026-06-11 15:36:28.561403][pid:26917][INFO][alg_template_register.cc:36] [26917][AlgTemplateRegistry]template type[4] already registered.
[2026-06-11 15:36:28.561428][pid:26917][INFO][alg_template_register.cc:36] [26917][AlgTemplateRegistry]template type[1] already registered.
[2026-06-11 15:36:28.561460][pid:26917][INFO][coll_alg_exec_registry.cc:25] [26917][CollAlgExecRegistry]Exec tag[ScatterCommExecutor] already registered.
[2026-06-11 15:36:28.561477][pid:26917][INFO][coll_alg_exec_registry.cc:25] [26917][CollAlgExecRegistry]Exec tag[ScatterRingFor91093Executor] already registered.
[2026-06-11 15:36:28.561507][pid:26917][INFO][coll_alg_exec_registry.cc:25] [26917][CollAlgExecRegistry]Exec tag[ScatterSingleExecutor] already registered.
[2026-06-11 15:36:28.561528][pid:26917][INFO][coll_alg_exec_registry.cc:25] [26917][CollAlgExecRegistry]Exec tag[ScatterMeshExecutor] already registered.
[2026-06-11 15:36:28.561554][pid:26917][INFO][coll_alg_v2_exec_registry.cc:26] [26917][CollAlgExecRegistryV2]Exec tag[InsScatterMesh1D] already registered.
[2026-06-11 15:36:28.561558][pid:26917][INFO][coll_alg_v2_exec_registry.cc:26] [26917][CollAlgExecRegistryV2]Exec tag[InsScatterNHR] already registered.
[2026-06-11 15:36:28.561583][pid:26917][INFO][coll_alg_v2_exec_registry.cc:26] [26917][CollAlgExecRegistryV2]Exec tag[InsScatterParallelMesh1DNHR] already registered.
[2026-06-11 15:36:28.561587][pid:26917][INFO][coll_alg_v2_exec_registry.cc:26] [26917][CollAlgExecRegistryV2]Exec tag[InsScatterParallelMesh1DNHRPcie] already registered.
[2026-06-11 15:36:28.561589][pid:26917][INFO][coll_alg_v2_exec_registry.cc:26] [26917][CollAlgExecRegistryV2]Exec tag[InsScatterParallelMesh1DNHRUBX] already registered.
[2026-06-11 15:36:28.564886][pid:26917][INFO][coll_alg_v2_exec_registry.cc:26] [26917][CollAlgExecRegistryV2]Exec tag[InsReduceScatterMesh1D] already registered.
[2026-06-11 15:36:28.564897][pid:26917][INFO][coll_alg_v2_exec_registry.cc:26] [26917][CollAlgExecRegistryV2]Exec tag[InsReduceScatterMesh1DMeshChunk] already registered.
[2026-06-11 15:36:28.564900][pid:26917][INFO][coll_alg_v2_exec_registry.cc:26] [26917][CollAlgExecRegistryV2]Exec tag[InsReduceScatterNHR] already registered.
[2026-06-11 15:36:28.564902][pid:26917][INFO][coll_alg_v2_exec_registry.cc:26] [26917][CollAlgExecRegistryV2]Exec tag[InsReduceScatterAicpuReduceNHR] already registered.
[2026-06-11 15:36:28.564905][pid:26917][INFO][coll_alg_v2_exec_registry.cc:26] [26917][CollAlgExecRegistryV2]Exec tag[InsReduceScatterMesh1DZAxisDetour] already registered.
[2026-06-11 15:36:28.565444][pid:26917][INFO][coll_alg_v2_exec_registry.cc:26] [26917][CollAlgExecRegistryV2]Exec tag[InsReduceScatterParallelMesh1DNHR] already registered.
[2026-06-11 15:36:28.565454][pid:26917][INFO][coll_alg_v2_exec_registry.cc:26] [26917][CollAlgExecRegistryV2]Exec tag[InsReduceScatterParallelMesh1DNHRUBX] already registered.
[2026-06-11 15:36:28.565457][pid:26917][INFO][coll_alg_v2_exec_registry.cc:26] [26917][CollAlgExecRegistryV2]Exec tag[InsReduceScatterParallelMesh1DNHRPcie] already registered.
[2026-06-11 15:36:28.565522][pid:26917][INFO][coll_alg_v2_exec_registry.cc:26] [26917][CollAlgExecRegistryV2]Exec tag[InsReduceScatterSequenceMesh1DNhr] already registered.
[2026-06-11 15:36:28.565552][pid:26917][INFO][coll_alg_v2_exec_registry.cc:26] [26917][CollAlgExecRegistryV2]Exec tag[InsReduceScatterSequenceMesh1DNHRNHR] already registered.
[2026-06-11 15:36:28.565597][pid:26917][INFO][coll_alg_v2_exec_registry.cc:26] [26917][CollAlgExecRegistryV2]Exec tag[InsReduceScatterSequenceMeshMeshDPU] already registered.
[2026-06-11 15:36:28.568514][pid:26917][INFO][coll_alg_v2_exec_registry.cc:26] [26917][CollAlgExecRegistryV2]Exec tag[InsAllGatherMesh1D] already registered.
[2026-06-11 15:36:28.568525][pid:26917][INFO][coll_alg_v2_exec_registry.cc:26] [26917][CollAlgExecRegistryV2]Exec tag[InsAllGatherMesh1D1DZAxisDetour] already registered.
[2026-06-11 15:36:28.568529][pid:26917][INFO][coll_alg_v2_exec_registry.cc:26] [26917][CollAlgExecRegistryV2]Exec tag[InsAllGatherNHR] already registered.
[2026-06-11 15:36:28.568914][pid:26917][INFO][coll_alg_v2_exec_registry.cc:26] [26917][CollAlgExecRegistryV2]Exec tag[InsAllGatherParallelMesh1DNHR] already registered.
[2026-06-11 15:36:28.568922][pid:26917][INFO][coll_alg_v2_exec_registry.cc:26] [26917][CollAlgExecRegistryV2]Exec tag[InsAllGatherParallelMesh1DNHRMultiJetty] already registered.
[2026-06-11 15:36:28.568925][pid:26917][INFO][coll_alg_v2_exec_registry.cc:26] [26917][CollAlgExecRegistryV2]Exec tag[InsAllGatherParallelMesh1DNHRPcie] already registered.
[2026-06-11 15:36:28.569220][pid:26917][INFO][coll_alg_v2_exec_registry.cc:26] [26917][CollAlgExecRegistryV2]Exec tag[InsAllGatherSequenceNHRMesh1D] already registered.
[2026-06-11 15:36:28.569255][pid:26917][INFO][coll_alg_v2_exec_registry.cc:26] [26917][CollAlgExecRegistryV2]Exec tag[InsAllGatherMeshNhrDPU] already registered.
[2026-06-11 15:36:28.570568][pid:26917][INFO][alg_v2_template_register.cc:25] [26917][InsAlgTemplateRegistry]template name[InsTempAllGatherNHRDPU] already registered.
[2026-06-11 15:36:28.571711][pid:26917][INFO][coll_alg_v2_exec_registry.cc:26] [26917][CollAlgExecRegistryV2]Exec tag[InsAlltoAllMesh1D] already registered.
[2026-06-11 15:36:28.571720][pid:26917][INFO][coll_alg_v2_exec_registry.cc:26] [26917][CollAlgExecRegistryV2]Exec tag[InsAlltoAllMesh1DSingleChannel] already registered.
[2026-06-11 15:36:28.571724][pid:26917][INFO][coll_alg_v2_exec_registry.cc:26] [26917][CollAlgExecRegistryV2]Exec tag[InsAlltoAllVMesh1D] already registered.
[2026-06-11 15:36:28.571726][pid:26917][INFO][coll_alg_v2_exec_registry.cc:26] [26917][CollAlgExecRegistryV2]Exec tag[InsAlltoAllMesh1DUBX] already registered.
[2026-06-11 15:36:28.571729][pid:26917][INFO][coll_alg_v2_exec_registry.cc:26] [26917][CollAlgExecRegistryV2]Exec tag[InsAlltoAllVMesh1DUBX] already registered.
[2026-06-11 15:36:28.571731][pid:26917][INFO][coll_alg_v2_exec_registry.cc:26] [26917][CollAlgExecRegistryV2]Exec tag[InsAlltoAllVCMesh1D] already registered.
[2026-06-11 15:36:28.571734][pid:26917][INFO][coll_alg_v2_exec_registry.cc:26] [26917][CollAlgExecRegistryV2]Exec tag[InsAlltoAllMesh1DDPU] already registered.
[2026-06-11 15:36:28.571736][pid:26917][INFO][coll_alg_v2_exec_registry.cc:26] [26917][CollAlgExecRegistryV2]Exec tag[InsAlltoAllVMesh1DDPU] already registered.
[2026-06-11 15:36:28.571738][pid:26917][INFO][coll_alg_v2_exec_registry.cc:26] [26917][CollAlgExecRegistryV2]Exec tag[InsAlltoAllVCMesh1DDPU] already registered.
[2026-06-11 15:36:28.571741][pid:26917][INFO][coll_alg_v2_exec_registry.cc:26] [26917][CollAlgExecRegistryV2]Exec tag[InsAlltoAllClosMesh1DDPU] already registered.
[2026-06-11 15:36:28.571743][pid:26917][INFO][coll_alg_v2_exec_registry.cc:26] [26917][CollAlgExecRegistryV2]Exec tag[InsAlltoAllVClosMesh1DDPU] already registered.
[2026-06-11 15:36:28.571746][pid:26917][INFO][coll_alg_v2_exec_registry.cc:26] [26917][CollAlgExecRegistryV2]Exec tag[InsAlltoAllVCClosMesh1DDPU] already registered.
[2026-06-11 15:36:28.573009][pid:26917][INFO][alg_v2_template_register.cc:25] [26917][InsAlgTemplateRegistry]template name[InsTempDpuAlltoAllMesh] already registered.
[2026-06-11 15:36:28.574541][pid:26917][INFO][coll_alg_v2_exec_registry.cc:26] [26917][CollAlgExecRegistryV2]Exec tag[InsBroadcastMesh1DTwoShot] already registered.
[2026-06-11 15:36:28.574550][pid:26917][INFO][coll_alg_v2_exec_registry.cc:26] [26917][CollAlgExecRegistryV2]Exec tag[InsBroadcastNHR] already registered.
[2026-06-11 15:36:28.574581][pid:26917][INFO][coll_alg_v2_exec_registry.cc:26] [26917][CollAlgExecRegistryV2]Exec tag[InsBroadcastParallelMesh1DNHR] already registered.
[2026-06-11 15:36:28.574586][pid:26917][INFO][coll_alg_v2_exec_registry.cc:26] [26917][CollAlgExecRegistryV2]Exec tag[InsBroadcastParallelMesh1DNHRUBX] already registered.
[2026-06-11 15:36:28.574589][pid:26917][INFO][coll_alg_v2_exec_registry.cc:26] [26917][CollAlgExecRegistryV2]Exec tag[InsBroadcastParallelMesh1DNHRPcie] already registered.
[2026-06-11 15:36:28.576027][pid:26917][INFO][coll_alg_v2_exec_registry.cc:26] [26917][CollAlgExecRegistryV2]Exec tag[InsAllReduceMesh1DOneShot] already registered.
[2026-06-11 15:36:28.576097][pid:26917][INFO][coll_alg_v2_exec_registry.cc:26] [26917][CollAlgExecRegistryV2]Exec tag[InsAllReduceMesh1DTwoShot] already registered.
[2026-06-11 15:36:28.576104][pid:26917][INFO][coll_alg_v2_exec_registry.cc:26] [26917][CollAlgExecRegistryV2]Exec tag[InsAllReduceNHR] already registered.
[2026-06-11 15:36:28.576108][pid:26917][INFO][coll_alg_v2_exec_registry.cc:26] [26917][CollAlgExecRegistryV2]Exec tag[InsAllReduceMesh1DTwoShotMeshChunk] already registered.
[2026-06-11 15:36:28.576111][pid:26917][INFO][coll_alg_v2_exec_registry.cc:26] [26917][CollAlgExecRegistryV2]Exec tag[InsAllReduceAicpuReduceNHR] already registered.
[2026-06-11 15:36:28.576473][pid:26917][INFO][coll_alg_v2_exec_registry.cc:26] [26917][CollAlgExecRegistryV2]Exec tag[InsAllReduceParallelRSAG] already registered.
[2026-06-11 15:36:28.576481][pid:26917][INFO][coll_alg_v2_exec_registry.cc:26] [26917][CollAlgExecRegistryV2]Exec tag[InsAllReduceParallelMesh1DNHRPcie] already registered.
[2026-06-11 15:36:28.576485][pid:26917][INFO][coll_alg_v2_exec_registry.cc:26] [26917][CollAlgExecRegistryV2]Exec tag[InsAllReduceParallelRSAGUBX] already registered.
[2026-06-11 15:36:28.576511][pid:26917][INFO][coll_alg_v2_exec_registry.cc:26] [26917][CollAlgExecRegistryV2]Exec tag[InsAllReduceSequenceMesh1DNhr] already registered.
[2026-06-11 15:36:28.576534][pid:26917][INFO][coll_alg_v2_exec_registry.cc:26] [26917][CollAlgExecRegistryV2]Exec tag[InsAllReduceMesh1DTwoShotZAxisDetour] already registered.
[2026-06-11 15:36:28.576923][pid:26917][INFO][coll_alg_v2_exec_registry.cc:26] [26917][CollAlgExecRegistryV2]Exec tag[InsAllReduceSequenceMeshNhrDPU] already registered.
[2026-06-11 15:36:28.578312][pid:26917][INFO][alg_v2_template_register.cc:25] [26917][InsAlgTemplateRegistry]template name[InsTempAllGatherNhrDpuInter] already registered.
[2026-06-11 15:36:28.580067][pid:26917][INFO][coll_alg_v2_exec_registry.cc:26] [26917][CollAlgExecRegistryV2]Exec tag[InsSend] already registered.
[2026-06-11 15:36:28.580097][pid:26917][INFO][coll_alg_v2_exec_registry.cc:26] [26917][CollAlgExecRegistryV2]Exec tag[InsSendDPU] already registered.
[2026-06-11 15:36:28.580340][pid:26917][INFO][alg_v2_template_register.cc:25] [26917][InsAlgTemplateRegistry]template name[InsTempSendDpu] already registered.
[2026-06-11 15:36:28.580393][pid:26917][INFO][coll_alg_v2_exec_registry.cc:26] [26917][CollAlgExecRegistryV2]Exec tag[InsRecv] already registered.
[2026-06-11 15:36:28.580414][pid:26917][INFO][coll_alg_v2_exec_registry.cc:26] [26917][CollAlgExecRegistryV2]Exec tag[InsRecvDPU] already registered.
[2026-06-11 15:36:28.580718][pid:26917][INFO][alg_v2_template_register.cc:25] [26917][InsAlgTemplateRegistry]template name[InsTempRecvDpu] already registered.
[2026-06-11 15:36:28.581261][pid:26917][INFO][coll_alg_v2_exec_registry.cc:26] [26917][CollAlgExecRegistryV2]Exec tag[InsAllGatherVMesh1D] already registered.
[2026-06-11 15:36:28.581860][pid:26917][INFO][coll_alg_v2_exec_registry.cc:26] [26917][CollAlgExecRegistryV2]Exec tag[ReduceMesh1D] already registered.
[2026-06-11 15:36:28.581869][pid:26917][INFO][coll_alg_v2_exec_registry.cc:26] [26917][CollAlgExecRegistryV2]Exec tag[ReduceMesh1DTwoShot] already registered.
[2026-06-11 15:36:28.581873][pid:26917][INFO][coll_alg_v2_exec_registry.cc:26] [26917][CollAlgExecRegistryV2]Exec tag[ReduceNHR] already registered.
[2026-06-11 15:36:28.581875][pid:26917][INFO][coll_alg_v2_exec_registry.cc:26] [26917][CollAlgExecRegistryV2]Exec tag[ReduceAicpuReduceNHR] already registered.
[2026-06-11 15:36:28.582114][pid:26917][INFO][coll_alg_v2_exec_registry.cc:26] [26917][CollAlgExecRegistryV2]Exec tag[ReduceParallelMesh1DNHR] already registered.
[2026-06-11 15:36:28.582125][pid:26917][INFO][coll_alg_v2_exec_registry.cc:26] [26917][CollAlgExecRegistryV2]Exec tag[ReduceParallelMesh1DNHRUBX] already registered.
[2026-06-11 15:36:28.582128][pid:26917][INFO][coll_alg_v2_exec_registry.cc:26] [26917][CollAlgExecRegistryV2]Exec tag[ReduceParallelMesh1DNHRPcie] already registered.
[2026-06-11 15:36:28.583436][pid:26917][INFO][coll_alg_v2_exec_registry.cc:26] [26917][CollAlgExecRegistryV2]Exec tag[InsBatchSendRecv] already registered.
Start to run demo for hccl_checker_ops_stest.
Note: Google Test filter = ST_REDUCE_SCATTER_AICPU_TEST.st_reduce_scatter_a5_aicpu_meshnhrnhr_1x2x2rank_int8_max_test
[==========] Running 1 test from 1 test suite.
[----------] Global test environment set-up.
[----------] 1 test from ST_REDUCE_SCATTER_AICPU_TEST
[ RUN      ] ST_REDUCE_SCATTER_AICPU_TEST.st_reduce_scatter_a5_aicpu_meshnhrnhr_1x2x2rank_int8_max_test
[2026-06-11 15:36:28.585033][pid:26917][INFO][/home/crx/code/hccl_three_sequence_rs/hccl_2039/test/st/algorithm/utils/src/sim_world/comm_domain.cc:38] [26917][CommDomain::Init] rankId[0] -> npuPos[0, 0, 0]
[2026-06-11 15:36:28.585063][pid:26917][INFO][/home/crx/code/hccl_three_sequence_rs/hccl_2039/test/st/algorithm/utils/src/sim_world/comm_domain.cc:38] [26917][CommDomain::Init] rankId[1] -> npuPos[0, 0, 1]
[2026-06-11 15:36:28.585070][pid:26917][INFO][/home/crx/code/hccl_three_sequence_rs/hccl_2039/test/st/algorithm/utils/src/sim_world/comm_domain.cc:38] [26917][CommDomain::Init] rankId[2] -> npuPos[0, 1, 0]
[2026-06-11 15:36:28.585073][pid:26917][INFO][/home/crx/code/hccl_three_sequence_rs/hccl_2039/test/st/algorithm/utils/src/sim_world/comm_domain.cc:38] [26917][CommDomain::Init] rankId[3] -> npuPos[0, 1, 1]
[2026-06-11 15:36:28.586161][pid:26917][INFO][/home/crx/code/hccl_three_sequence_rs/hccl_2039/test/st/algorithm/utils/src/hccl_proxy/aclrt_stub.cc:160] [26922][aclstub][aclrtSetDevice]deviceId: 1
[2026-06-11 15:36:28.586271][pid:26917][INFO][/home/crx/code/hccl_three_sequence_rs/hccl_2039/test/st/algorithm/utils/src/hccl_proxy/aclrt_stub.cc:160] [26924][aclstub][aclrtSetDevice]deviceId: 3
[2026-06-11 15:36:28.586303][pid:26917][INFO][/home/crx/code/hccl_three_sequence_rs/hccl_2039/test/st/algorithm/utils/src/hccl_proxy/aclrt_stub.cc:160] [26923][aclstub][aclrtSetDevice]deviceId: 2
[2026-06-11 15:36:28.586315][pid:26917][INFO][/home/crx/code/hccl_three_sequence_rs/hccl_2039/test/st/algorithm/utils/src/hccl_proxy/aclrt_stub.cc:160] [26921][aclstub][aclrtSetDevice]deviceId: 0
[2026-06-11 15:36:28.587041][pid:26917][DEBUG][/home/crx/code/hccl_three_sequence_rs/hccl_2039/test/st/algorithm/utils/src/hccl_proxy/communicator/sim_communicator.cc:37] [26924][SimCommunicator::Init] rankSize[4], 
[2026-06-11 15:36:28.587055][pid:26917][INFO][/home/crx/code/hccl_three_sequence_rs/hccl_2039/test/st/algorithm/utils/src/hccl_proxy/communicator/sim_communicator.cc:55] [26924][SetIndependentOpConfig] commEngine[-1], threadNum[0], notifyNumPerThread[0], commId[hccl_world_group]
[2026-06-11 15:36:28.587034][pid:26917][DEBUG][/home/crx/code/hccl_three_sequence_rs/hccl_2039/test/st/algorithm/utils/src/hccl_proxy/communicator/sim_communicator.cc:37] [26921][SimCommunicator::Init] rankSize[4], 
[2026-06-11 15:36:28.587034][pid:26917][DEBUG][/home/crx/code/hccl_three_sequence_rs/hccl_2039/test/st/algorithm/utils/src/hccl_proxy/communicator/sim_communicator.cc:37] [26923][SimCommunicator::Init] rankSize[4], 
[2026-06-11 15:36:28.587034][pid:26917][DEBUG][/home/crx/code/hccl_three_sequence_rs/hccl_2039/test/st/algorithm/utils/src/hccl_proxy/communicator/sim_communicator.cc:37] [26922][SimCommunicator::Init] rankSize[4], 
[2026-06-11 15:36:28.587121][pid:26917][INFO][reduce_scatter_op.cc:26] [26924]Start to run execute HcclReduceScatter
[2026-06-11 15:36:28.587126][pid:26917][INFO][/home/crx/code/hccl_three_sequence_rs/hccl_2039/test/st/algorithm/utils/src/hccl_proxy/communicator/sim_communicator.cc:55] [26922][SetIndependentOpConfig] commEngine[-1], threadNum[0], notifyNumPerThread[0], commId[hccl_world_group]
[2026-06-11 15:36:28.587164][pid:26917][INFO][reduce_scatter_op.cc:26] [26922]Start to run execute HcclReduceScatter
[2026-06-11 15:36:28.587097][pid:26917][INFO][/home/crx/code/hccl_three_sequence_rs/hccl_2039/test/st/algorithm/utils/src/hccl_proxy/communicator/sim_communicator.cc:55] [26923][SetIndependentOpConfig] commEngine[-1], threadNum[0], notifyNumPerThread[0], commId[hccl_world_group]
[2026-06-11 15:36:28.587063][pid:26917][INFO][/home/crx/code/hccl_three_sequence_rs/hccl_2039/test/st/algorithm/utils/src/hccl_proxy/communicator/sim_communicator.cc:55] [26921][SetIndependentOpConfig] commEngine[-1], threadNum[0], notifyNumPerThread[0], commId[hccl_world_group]
[2026-06-11 15:36:28.587190][pid:26917][INFO][reduce_scatter_op.cc:26] [26923]Start to run execute HcclReduceScatter
[2026-06-11 15:36:28.587205][pid:26917][INFO][reduce_scatter_op.cc:26] [26921]Start to run execute HcclReduceScatter
[2026-06-11 15:36:28.587462][pid:26917][INFO][alg_env_config.cc:814] [26924]environmental variable HCCL_OP_EXPANSION_MODE is [AI_CPU], aicpuUnfold[1], aivMode[0], enableFfts[1]
[2026-06-11 15:36:28.587529][pid:26917][INFO][alg_env_config.cc:939] [26924]HCCL_DETERMINISTIC set by default to [false]
[2026-06-11 15:36:28.587543][pid:26917][INFO][alg_env_config.cc:636] [26924]HCCL_INTRA_PCIE_ENABLE set by default to [1], HCCL_INTRA_ROCE_ENABLE set by default to [0]
[2026-06-11 15:36:28.587547][pid:26917][INFO][alg_env_config.cc:732] [26924]HCCL_ENTRY_LOG_ENABLE set by default to [0]
[2026-06-11 15:36:28.587550][pid:26917][INFO][alg_env_config.cc:607] [26924]HCCL_INTER_HCCS_DISABLE is not set, default value is FALSE.
[2026-06-11 15:36:28.587553][pid:26917][INFO][alg_env_config.cc:909] [26924][ParseRetryEnable] HCCL_OP_RETRY_ENABLE is not set. The retryEnable of all levels is set to false.
[2026-06-11 15:36:28.587557][pid:26917][INFO][alg_env_config.cc:312] [26924]HCCL_ALGO is not set
[2026-06-11 15:36:28.587560][pid:26917][INFO][config_log.cc:27] [26924]HCCL_DEBUG_CONFIG is not set, debugConfig set by default to 0x0
[2026-06-11 15:36:28.587563][pid:26917][INFO][alg_env_config.cc:987] [26924][ParseDfsConfig] HCCL_DFS_CONFIG is not set.
[2026-06-11 15:36:28.587588][pid:26917][INFO][/home/crx/code/hccl_three_sequence_rs/hccl_2039/test/st/algorithm/utils/src/hccl_proxy/hccl_stub.cc:168] [26924][HcclGetRankSize] rankSize: 4
[2026-06-11 15:36:28.587596][pid:26917][INFO][/home/crx/code/hccl_three_sequence_rs/hccl_2039/test/st/algorithm/utils/src/hccl_proxy/hccl_stub.cc:178] [26924][HcclGetRankId] rankId: 3
[2026-06-11 15:36:28.587757][pid:26917][INFO][alg_env_config.cc:814] [26922]environmental variable HCCL_OP_EXPANSION_MODE is [AI_CPU], aicpuUnfold[1], aivMode[0], enableFfts[1]
[2026-06-11 15:36:28.587767][pid:26917][INFO][alg_env_config.cc:939] [26922]HCCL_DETERMINISTIC set by default to [false]
[2026-06-11 15:36:28.587771][pid:26917][INFO][alg_env_config.cc:636] [26922]HCCL_INTRA_PCIE_ENABLE set by default to [1], HCCL_INTRA_ROCE_ENABLE set by default to [0]
[2026-06-11 15:36:28.587773][pid:26917][INFO][alg_env_config.cc:732] [26922]HCCL_ENTRY_LOG_ENABLE set by default to [0]
[2026-06-11 15:36:28.587776][pid:26917][INFO][alg_env_config.cc:607] [26922]HCCL_INTER_HCCS_DISABLE is not set, default value is FALSE.
[2026-06-11 15:36:28.587779][pid:26917][INFO][alg_env_config.cc:909] [26922][ParseRetryEnable] HCCL_OP_RETRY_ENABLE is not set. The retryEnable of all levels is set to false.
[2026-06-11 15:36:28.587782][pid:26917][INFO][alg_env_config.cc:312] [26922]HCCL_ALGO is not set
[2026-06-11 15:36:28.587785][pid:26917][INFO][config_log.cc:27] [26922]HCCL_DEBUG_CONFIG is not set, debugConfig set by default to 0x0
[2026-06-11 15:36:28.587788][pid:26917][INFO][alg_env_config.cc:987] [26922][ParseDfsConfig] HCCL_DFS_CONFIG is not set.
[2026-06-11 15:36:28.587811][pid:26917][INFO][/home/crx/code/hccl_three_sequence_rs/hccl_2039/test/st/algorithm/utils/src/hccl_proxy/hccl_stub.cc:168] [26922][HcclGetRankSize] rankSize: 4
[2026-06-11 15:36:28.587819][pid:26917][INFO][/home/crx/code/hccl_three_sequence_rs/hccl_2039/test/st/algorithm/utils/src/hccl_proxy/hccl_stub.cc:178] [26922][HcclGetRankId] rankId: 1
[2026-06-11 15:36:28.587883][pid:26917][INFO][reduce_scatter_op.cc:176] [26924]Start to execute ReduceScatterOutPlace
[2026-06-11 15:36:28.587887][pid:26917][INFO][reduce_scatter_op.cc:176] [26922]Start to execute ReduceScatterOutPlace
[2026-06-11 15:36:28.587984][pid:26917][INFO][alg_env_config.cc:814] [26923]environmental variable HCCL_OP_EXPANSION_MODE is [AI_CPU], aicpuUnfold[1], aivMode[0], enableFfts[1]
[2026-06-11 15:36:28.587992][pid:26917][INFO][alg_env_config.cc:939] [26923]HCCL_DETERMINISTIC set by default to [false]
[2026-06-11 15:36:28.587995][pid:26917][INFO][alg_env_config.cc:636] [26923]HCCL_INTRA_PCIE_ENABLE set by default to [1], HCCL_INTRA_ROCE_ENABLE set by default to [0]
[2026-06-11 15:36:28.587998][pid:26917][INFO][alg_env_config.cc:732] [26923]HCCL_ENTRY_LOG_ENABLE set by default to [0]
[2026-06-11 15:36:28.588001][pid:26917][INFO][alg_env_config.cc:607] [26923]HCCL_INTER_HCCS_DISABLE is not set, default value is FALSE.
[2026-06-11 15:36:28.588049][pid:26917][INFO][alg_env_config.cc:909] [26923][ParseRetryEnable] HCCL_OP_RETRY_ENABLE is not set. The retryEnable of all levels is set to false.
[2026-06-11 15:36:28.588056][pid:26917][INFO][alg_env_config.cc:312] [26923]HCCL_ALGO is not set
[2026-06-11 15:36:28.588060][pid:26917][INFO][config_log.cc:27] [26923]HCCL_DEBUG_CONFIG is not set, debugConfig set by default to 0x0
[2026-06-11 15:36:28.588071][pid:26917][INFO][op_common.cc:2005] [26922][DecideHcclOpExpansionMode] HcclConfigGetInfo is not supported, use environment mode.
[2026-06-11 15:36:28.588062][pid:26917][INFO][op_common.cc:2005] [26924][DecideHcclOpExpansionMode] HcclConfigGetInfo is not supported, use environment mode.
[2026-06-11 15:36:28.588064][pid:26917][INFO][alg_env_config.cc:987] [26923][ParseDfsConfig] HCCL_DFS_CONFIG is not set.
[2026-06-11 15:36:28.588125][pid:26917][INFO][/home/crx/code/hccl_three_sequence_rs/hccl_2039/test/st/algorithm/utils/src/hccl_proxy/hccl_stub.cc:168] [26923][HcclGetRankSize] rankSize: 4
[2026-06-11 15:36:28.588134][pid:26917][INFO][/home/crx/code/hccl_three_sequence_rs/hccl_2039/test/st/algorithm/utils/src/hccl_proxy/hccl_stub.cc:178] [26923][HcclGetRankId] rankId: 2
[2026-06-11 15:36:28.588142][pid:26917][INFO][reduce_scatter_op.cc:176] [26923]Start to execute ReduceScatterOutPlace
[2026-06-11 15:36:28.588299][pid:26917][INFO][alg_env_config.cc:814] [26921]environmental variable HCCL_OP_EXPANSION_MODE is [AI_CPU], aicpuUnfold[1], aivMode[0], enableFfts[1]
[2026-06-11 15:36:28.588306][pid:26917][INFO][op_common.cc:2005] [26923][DecideHcclOpExpansionMode] HcclConfigGetInfo is not supported, use environment mode.
[2026-06-11 15:36:28.588308][pid:26917][INFO][alg_env_config.cc:939] [26921]HCCL_DETERMINISTIC set by default to [false]
[2026-06-11 15:36:28.588321][pid:26917][INFO][alg_env_config.cc:636] [26921]HCCL_INTRA_PCIE_ENABLE set by default to [1], HCCL_INTRA_ROCE_ENABLE set by default to [0]
[2026-06-11 15:36:28.588324][pid:26917][INFO][alg_env_config.cc:732] [26921]HCCL_ENTRY_LOG_ENABLE set by default to [0]
[2026-06-11 15:36:28.588327][pid:26917][INFO][alg_env_config.cc:607] [26921]HCCL_INTER_HCCS_DISABLE is not set, default value is FALSE.
[2026-06-11 15:36:28.588330][pid:26917][INFO][alg_env_config.cc:909] [26921][ParseRetryEnable] HCCL_OP_RETRY_ENABLE is not set. The retryEnable of all levels is set to false.
[2026-06-11 15:36:28.588333][pid:26917][INFO][alg_env_config.cc:312] [26921]HCCL_ALGO is not set
[2026-06-11 15:36:28.588335][pid:26917][INFO][config_log.cc:27] [26921]HCCL_DEBUG_CONFIG is not set, debugConfig set by default to 0x0
[2026-06-11 15:36:28.588338][pid:26917][INFO][alg_env_config.cc:987] [26921][ParseDfsConfig] HCCL_DFS_CONFIG is not set.
[2026-06-11 15:36:28.588361][pid:26917][INFO][/home/crx/code/hccl_three_sequence_rs/hccl_2039/test/st/algorithm/utils/src/hccl_proxy/hccl_stub.cc:168] [26921][HcclGetRankSize] rankSize: 4
[2026-06-11 15:36:28.588368][pid:26917][INFO][/home/crx/code/hccl_three_sequence_rs/hccl_2039/test/st/algorithm/utils/src/hccl_proxy/hccl_stub.cc:178] [26921][HcclGetRankId] rankId: 0
[2026-06-11 15:36:28.588374][pid:26917][INFO][reduce_scatter_op.cc:176] [26921]Start to execute ReduceScatterOutPlace
[2026-06-11 15:36:28.588384][pid:26917][INFO][op_common.cc:2033] [26922][DecideHcclOpExpansionMode] finalMode: 0.
[2026-06-11 15:36:28.588388][pid:26917][INFO][op_common.cc:2033] [26924][DecideHcclOpExpansionMode] finalMode: 0.
[2026-06-11 15:36:28.588436][pid:26917][DEBUG][load_kernel.cc:32] [26924][GetKernelFilePath]kernel folder path[/home/crx/toolkit/cann-9.1.0/opp/built-in/op_impl/aicpu/config/]
[2026-06-11 15:36:28.588454][pid:26917][INFO][op_common.cc:2033] [26923][DecideHcclOpExpansionMode] finalMode: 0.
[2026-06-11 15:36:28.588474][pid:26917][INFO][adapter_acl.cc:132] [26924][LoadBinaryFromFile]realPath: /home/crx/toolkit/cann-9.1.0/opp/built-in/op_impl/aicpu/config/libscatter_aicpu_kernel.json
[2026-06-11 07:36:28.588413][pid:26917][DEBUG][load_kernel.cc:32] [26922][GetKernelFilePath]kernel folder path[/home/crx/toolkit/cann-9.1.0/opp/built-in/op_impl/aicpu/config/]
[2026-06-11 15:36:28.588482][pid:26917][WARNING][/home/crx/code/hccl_three_sequence_rs/hccl_2039/test/st/algorithm/utils/src/hccl_proxy/aclrt_stub.cc:272] [26924][aclrtBinaryLoadFromFile] not support.
[2026-06-11 15:36:28.588562][pid:26917][INFO][adapter_acl.cc:132] [26922][LoadBinaryFromFile]realPath: /home/crx/toolkit/cann-9.1.0/opp/built-in/op_impl/aicpu/config/libscatter_aicpu_kernel.json
[2026-06-11 15:36:28.588460][pid:26917][DEBUG][load_kernel.cc:32] [26923][GetKernelFilePath]kernel folder path[/home/crx/toolkit/cann-9.1.0/opp/built-in/op_impl/aicpu/config/]
[2026-06-11 15:36:28.588572][pid:26917][DEBUG][op_common.cc:2045] [26924][ApplyOpExpansionMode] AICPU mode selected.
[2026-06-11 15:36:28.588597][pid:26917][INFO][op_common.cc:95] [26924]Start to execute Selector.
[2026-06-11 15:36:28.588604][pid:26917][INFO][op_common.cc:792] [26924][HcclCalcTopoInfo] HcclCalcTopoInfo start.
[2026-06-11 15:36:28.588521][pid:26917][INFO][op_common.cc:2005] [26921][DecideHcclOpExpansionMode] HcclConfigGetInfo is not supported, use environment mode.
[2026-06-11 15:36:28.588572][pid:26917][WARNING][/home/crx/code/hccl_three_sequence_rs/hccl_2039/test/st/algorithm/utils/src/hccl_proxy/aclrt_stub.cc:272] [26922][aclrtBinaryLoadFromFile] not support.
[2026-06-11 15:36:28.588627][pid:26917][INFO][/home/crx/code/hccl_three_sequence_rs/hccl_2039/test/st/algorithm/utils/src/hccl_proxy/communicator/sim_context_manager.cc:68] [26924][GetCommEngineCtx] not exist a context with tag[ReduceScatter_hccl_world_group]
[2026-06-11 15:36:28.588633][pid:26917][INFO][/home/crx/code/hccl_three_sequence_rs/hccl_2039/test/st/algorithm/utils/src/hccl_proxy/hccl_stub.cc:168] [26924][HcclGetRankSize] rankSize: 4
[2026-06-11 15:36:28.588636][pid:26917][INFO][/home/crx/code/hccl_three_sequence_rs/hccl_2039/test/st/algorithm/utils/src/hccl_proxy/hccl_stub.cc:178] [26924][HcclGetRankId] rankId: 3
[2026-06-11 15:36:28.588617][pid:26917][INFO][adapter_acl.cc:132] [26923][LoadBinaryFromFile]realPath: /home/crx/toolkit/cann-9.1.0/opp/built-in/op_impl/aicpu/config/libscatter_aicpu_kernel.json
[2026-06-11 15:36:28.588645][pid:26917][WARNING][/home/crx/code/hccl_three_sequence_rs/hccl_2039/test/st/algorithm/utils/src/hccl_proxy/aclrt_stub.cc:272] [26923][aclrtBinaryLoadFromFile] not support.
[2026-06-11 15:36:28.588668][pid:26917][DEBUG][op_common.cc:2045] [26923][ApplyOpExpansionMode] AICPU mode selected.
[2026-06-11 15:36:28.588619][pid:26917][DEBUG][op_common.cc:2045] [26922][ApplyOpExpansionMode] AICPU mode selected.
[2026-06-11 15:36:28.588691][pid:26917][INFO][op_common.cc:95] [26923]Start to execute Selector.
[2026-06-11 15:36:28.588743][pid:26917][INFO][op_common.cc:792] [26923][HcclCalcTopoInfo] HcclCalcTopoInfo start.
[2026-06-11 15:36:28.588767][pid:26917][INFO][/home/crx/code/hccl_three_sequence_rs/hccl_2039/test/st/algorithm/utils/src/hccl_proxy/communicator/sim_context_manager.cc:68] [26923][GetCommEngineCtx] not exist a context with tag[ReduceScatter_hccl_world_group]
[2026-06-11 15:36:28.588774][pid:26917][INFO][/home/crx/code/hccl_three_sequence_rs/hccl_2039/test/st/algorithm/utils/src/hccl_proxy/hccl_stub.cc:168] [26923][HcclGetRankSize] rankSize: 4
[2026-06-11 15:36:28.588777][pid:26917][INFO][/home/crx/code/hccl_three_sequence_rs/hccl_2039/test/st/algorithm/utils/src/hccl_proxy/hccl_stub.cc:178] [26923][HcclGetRankId] rankId: 2
[2026-06-11 15:36:28.588760][pid:26917][INFO][op_common.cc:2033] [26921][DecideHcclOpExpansionMode] finalMode: 0.
[2026-06-11 15:36:28.588783][pid:26917][DEBUG][topo_host.cc:250] [26924][CalcGroupIdx]netLayer[0] rankListNum[2] rankSizeList[0]=[2]
[2026-06-11 15:36:28.588721][pid:26917][INFO][op_common.cc:95] [26922]Start to execute Selector.
[2026-06-11 15:36:28.588797][pid:26917][INFO][op_common.cc:792] [26922][HcclCalcTopoInfo] HcclCalcTopoInfo start.
[2026-06-11 15:36:28.588803][pid:26917][INFO][/home/crx/code/hccl_three_sequence_rs/hccl_2039/test/st/algorithm/utils/src/hccl_proxy/communicator/sim_context_manager.cc:68] [26922][GetCommEngineCtx] not exist a context with tag[ReduceScatter_hccl_world_group]
[2026-06-11 15:36:28.588793][pid:26917][DEBUG][load_kernel.cc:32] [26921][GetKernelFilePath]kernel folder path[/home/crx/toolkit/cann-9.1.0/opp/built-in/op_impl/aicpu/config/]
[2026-06-11 15:36:28.588873][pid:26917][INFO][/home/crx/code/hccl_three_sequence_rs/hccl_2039/test/st/algorithm/utils/src/hccl_proxy/hccl_stub.cc:168] [26922][HcclGetRankSize] rankSize: 4
[2026-06-11 15:36:28.588881][pid:26917][INFO][/home/crx/code/hccl_three_sequence_rs/hccl_2039/test/st/algorithm/utils/src/hccl_proxy/hccl_stub.cc:178] [26922][HcclGetRankId] rankId: 1
[2026-06-11 15:36:28.588794][pid:26917][DEBUG][topo_host.cc:250] [26924][CalcGroupIdx]netLayer[0] rankListNum[2] rankSizeList[1]=[2]
[2026-06-11 15:36:28.588923][pid:26917][DEBUG][topo_host.cc:250] [26923][CalcGroupIdx]netLayer[0] rankListNum[2] rankSizeList[0]=[2]
[2026-06-11 15:36:28.588927][pid:26917][DEBUG][topo_host.cc:250] [26923][CalcGroupIdx]netLayer[0] rankListNum[2] rankSizeList[1]=[2]
[2026-06-11 15:36:28.588907][pid:26917][DEBUG][topo_host.cc:263] [26924][CalcGroupIdx]currentGroup[1]
[2026-06-11 15:36:28.588930][pid:26917][DEBUG][topo_host.cc:263] [26923][CalcGroupIdx]currentGroup[1]
[2026-06-11 15:36:28.588933][pid:26917][DEBUG][topo_host.cc:267] [26923][CalcGroupIdx]netLayer[0] currentGroup[1] serverIdx[1] serverNum[2]
[2026-06-11 15:36:28.588935][pid:26917][DEBUG][topo_host.cc:267] [26924][CalcGroupIdx]netLayer[0] currentGroup[1] serverIdx[1] serverNum[2]
[2026-06-11 15:36:28.588935][pid:26917][DEBUG][topo_host.cc:250] [26923][CalcGroupIdx]netLayer[1] rankListNum[1] rankSizeList[0]=[4]
[2026-06-11 15:36:28.588908][pid:26917][INFO][adapter_acl.cc:132] [26921][LoadBinaryFromFile]realPath: /home/crx/toolkit/cann-9.1.0/opp/built-in/op_impl/aicpu/config/libscatter_aicpu_kernel.json
[2026-06-11 15:36:28.588983][pid:26917][DEBUG][topo_host.cc:263] [26923][CalcGroupIdx]currentGroup[0]
[2026-06-11 15:36:28.589004][pid:26917][WARNING][/home/crx/code/hccl_three_sequence_rs/hccl_2039/test/st/algorithm/utils/src/hccl_proxy/aclrt_stub.cc:272] [26921][aclrtBinaryLoadFromFile] not support.
[2026-06-11 15:36:28.589007][pid:26917][DEBUG][topo_host.cc:272] [26923][CalcGroupIdx]netLayer[1] currentGroup[0] superPodIdx[0]
[2026-06-11 15:36:28.588960][pid:26917][DEBUG][topo_host.cc:250] [26924][CalcGroupIdx]netLayer[1] rankListNum[1] rankSizeList[0]=[4]
[2026-06-11 15:36:28.589025][pid:26917][DEBUG][topo_host.cc:263] [26924][CalcGroupIdx]currentGroup[0]
[2026-06-11 15:36:28.589015][pid:26917][DEBUG][topo_host.cc:88] [26923][CalcMyRankInfo]userRank[2], userRankSize[4], deviceType[6], netLayersNum[2], moduleIdx[4294967295] and superPodIdx[0]
[2026-06-11 15:36:28.589028][pid:26917][DEBUG][topo_host.cc:250] [26922][CalcGroupIdx]netLayer[0] rankListNum[2] rankSizeList[0]=[2]
[2026-06-11 15:36:28.589046][pid:26917][DEBUG][topo_host.cc:299] [26923][GetPairLinkCounter]Getting links between srcRank[2] and dstRank[3]
[2026-06-11 15:36:28.589052][pid:26917][DEBUG][topo_host.cc:250] [26922][CalcGroupIdx]netLayer[0] rankListNum[2] rankSizeList[1]=[2]
[2026-06-11 15:36:28.589009][pid:26917][DEBUG][op_common.cc:2045] [26921][ApplyOpExpansionMode] AICPU mode selected.
[2026-06-11 15:36:28.589083][pid:26917][INFO][op_common.cc:95] [26921]Start to execute Selector.
[2026-06-11 15:36:28.589087][pid:26917][INFO][op_common.cc:792] [26921][HcclCalcTopoInfo] HcclCalcTopoInfo start.
[2026-06-11 15:36:28.589091][pid:26917][INFO][/home/crx/code/hccl_three_sequence_rs/hccl_2039/test/st/algorithm/utils/src/hccl_proxy/communicator/sim_context_manager.cc:68] [26921][GetCommEngineCtx] not exist a context with tag[ReduceScatter_hccl_world_group]
[2026-06-11 15:36:28.589076][pid:26917][DEBUG][topo_host.cc:263] [26922][CalcGroupIdx]currentGroup[0]
[2026-06-11 15:36:28.589095][pid:26917][INFO][/home/crx/code/hccl_three_sequence_rs/hccl_2039/test/st/algorithm/utils/src/hccl_proxy/hccl_stub.cc:168] [26921][HcclGetRankSize] rankSize: 4
[2026-06-11 15:36:28.589098][pid:26917][INFO][/home/crx/code/hccl_three_sequence_rs/hccl_2039/test/st/algorithm/utils/src/hccl_proxy/hccl_stub.cc:178] [26921][HcclGetRankId] rankId: 0
[2026-06-11 15:36:28.589155][pid:26917][DEBUG][topo_host.cc:299] [26923][GetPairLinkCounter]Getting links between srcRank[3] and dstRank[2]
[2026-06-11 15:36:28.589099][pid:26917][DEBUG][topo_host.cc:267] [26922][CalcGroupIdx]netLayer[0] currentGroup[0] serverIdx[0] serverNum[2]
[2026-06-11 15:36:28.589175][pid:26917][DEBUG][topo_host.cc:328] [26923][GetPairLinkCounter] pair link counter information linkType[3], size[0]
[2026-06-11 15:36:28.589179][pid:26917][DEBUG][topo_host.cc:328] [26923][GetPairLinkCounter] pair link counter information linkType[2], size[0]
[2026-06-11 15:36:28.589182][pid:26917][DEBUG][topo_host.cc:328] [26923][GetPairLinkCounter] pair link counter information linkType[1], size[0]
[2026-06-11 15:36:28.589184][pid:26917][DEBUG][topo_host.cc:328] [26923][GetPairLinkCounter] pair link counter information linkType[0], size[0]
[2026-06-11 15:36:28.589187][pid:26917][INFO][topo_host.cc:199] [26923][IsDiffDeviceModule] deviceType[6], topoInfo->userRankSize[4]
[2026-06-11 15:36:28.589191][pid:26917][DEBUG][topo_host.cc:97] [26923][SetServerModuleInfo]isDiffDeviceModule[0], moduleIdx[1]
[2026-06-11 15:36:28.589029][pid:26917][DEBUG][topo_host.cc:272] [26924][CalcGroupIdx]netLayer[1] currentGroup[0] superPodIdx[0]
[2026-06-11 15:36:28.589191][pid:26917][DEBUG][topo_host.cc:250] [26922][CalcGroupIdx]netLayer[1] rankListNum[1] rankSizeList[0]=[4]
[2026-06-11 15:36:28.589214][pid:26917][DEBUG][topo_host.cc:88] [26924][CalcMyRankInfo]userRank[3], userRankSize[4], deviceType[6], netLayersNum[2], moduleIdx[4294967295] and superPodIdx[0]
[2026-06-11 15:36:28.589224][pid:26917][DEBUG][topo_host.cc:263] [26922][CalcGroupIdx]currentGroup[0]
[2026-06-11 15:36:28.589228][pid:26917][DEBUG][topo_host.cc:299] [26924][GetPairLinkCounter]Getting links between srcRank[2] and dstRank[3]
[2026-06-11 15:36:28.589270][pid:26917][DEBUG][topo_host.cc:299] [26924][GetPairLinkCounter]Getting links between srcRank[3] and dstRank[2]
[2026-06-11 15:36:28.589201][pid:26917][DEBUG][topo_host.cc:411] [26923][GetModuleMap] ModuleMap:
[2026-06-11 15:36:28.589283][pid:26917][DEBUG][topo_host.cc:328] [26924][GetPairLinkCounter] pair link counter information linkType[3], size[0]
[2026-06-11 15:36:28.589306][pid:26917][DEBUG][topo_host.cc:328] [26924][GetPairLinkCounter] pair link counter information linkType[2], size[0]
[2026-06-11 15:36:28.589330][pid:26917][DEBUG][topo_host.cc:328] [26924][GetPairLinkCounter] pair link counter information linkType[1], size[0]
[2026-06-11 15:36:28.589353][pid:26917][DEBUG][topo_host.cc:328] [26924][GetPairLinkCounter] pair link counter information linkType[0], size[0]
[2026-06-11 15:36:28.589376][pid:26917][INFO][topo_host.cc:199] [26924][IsDiffDeviceModule] deviceType[6], topoInfo->userRankSize[4]
[2026-06-11 15:36:28.589401][pid:26917][DEBUG][topo_host.cc:97] [26924][SetServerModuleInfo]isDiffDeviceModule[0], moduleIdx[1]
[2026-06-11 15:36:28.589333][pid:26917][DEBUG][topo_host.cc:250] [26921][CalcGroupIdx]netLayer[0] rankListNum[2] rankSizeList[0]=[2]
[2026-06-11 15:36:28.589230][pid:26917][DEBUG][topo_host.cc:272] [26922][CalcGroupIdx]netLayer[1] currentGroup[0] superPodIdx[0]
[2026-06-11 15:36:28.589434][pid:26917][DEBUG][topo_host.cc:250] [26921][CalcGroupIdx]netLayer[0] rankListNum[2] rankSizeList[1]=[2]
[2026-06-11 15:36:28.589455][pid:26917][DEBUG][topo_host.cc:88] [26922][CalcMyRankInfo]userRank[1], userRankSize[4], deviceType[6], netLayersNum[2], moduleIdx[4294967295] and superPodIdx[0]
[2026-06-11 15:36:28.589428][pid:26917][DEBUG][topo_host.cc:411] [26924][GetModuleMap] ModuleMap:
[2026-06-11 15:36:28.589284][pid:26917][DEBUG][topo_host.cc:421] [26923][GetModuleMap] ModuleIdx[0]: {0, 1}
[2026-06-11 15:36:28.589458][pid:26917][DEBUG][topo_host.cc:263] [26921][CalcGroupIdx]currentGroup[0]
[2026-06-11 15:36:28.589606][pid:26917][DEBUG][topo_host.cc:267] [26921][CalcGroupIdx]netLayer[0] currentGroup[0] serverIdx[0] serverNum[2]
[2026-06-11 15:36:28.589631][pid:26917][DEBUG][topo_host.cc:250] [26921][CalcGroupIdx]netLayer[1] rankListNum[1] rankSizeList[0]=[4]
[2026-06-11 15:36:28.589505][pid:26917][DEBUG][topo_host.cc:299] [26922][GetPairLinkCounter]Getting links between srcRank[0] and dstRank[1]
[2026-06-11 15:36:28.589548][pid:26917][DEBUG][topo_host.cc:421] [26924][GetModuleMap] ModuleIdx[0]: {0, 1}
[2026-06-11 15:36:28.589722][pid:26917][DEBUG][topo_host.cc:263] [26921][CalcGroupIdx]currentGroup[0]
[2026-06-11 15:36:28.589578][pid:26917][DEBUG][topo_host.cc:421] [26923][GetModuleMap] ModuleIdx[1]: {2, 3}
[2026-06-11 15:36:28.589728][pid:26917][DEBUG][topo_host.cc:299] [26922][GetPairLinkCounter]Getting links between srcRank[1] and dstRank[0]
[2026-06-11 15:36:28.589727][pid:26917][DEBUG][topo_host.cc:421] [26924][GetModuleMap] ModuleIdx[1]: {2, 3}
[2026-06-11 15:36:28.589745][pid:26917][INFO][topo_host.cc:109] [26923]module[0] contains [2]devices
[2026-06-11 15:36:28.589729][pid:26917][DEBUG][topo_host.cc:272] [26921][CalcGroupIdx]netLayer[1] currentGroup[0] superPodIdx[0]
[2026-06-11 15:36:28.589767][pid:26917][INFO][topo_host.cc:109] [26924]module[0] contains [2]devices
[2026-06-11 15:36:28.589747][pid:26917][DEBUG][topo_host.cc:328] [26922][GetPairLinkCounter] pair link counter information linkType[3], size[0]
[2026-06-11 15:36:28.589800][pid:26917][DEBUG][topo_host.cc:328] [26922][GetPairLinkCounter] pair link counter information linkType[2], size[0]
[2026-06-11 15:36:28.589825][pid:26917][DEBUG][topo_host.cc:328] [26922][GetPairLinkCounter] pair link counter information linkType[1], size[0]
[2026-06-11 15:36:28.589847][pid:26917][DEBUG][topo_host.cc:328] [26922][GetPairLinkCounter] pair link counter information linkType[0], size[0]
[2026-06-11 15:36:28.589871][pid:26917][INFO][topo_host.cc:199] [26922][IsDiffDeviceModule] deviceType[6], topoInfo->userRankSize[4]
[2026-06-11 15:36:28.589774][pid:26917][INFO][topo_host.cc:109] [26924]module[1] contains [2]devices
[2026-06-11 15:36:28.589776][pid:26917][DEBUG][topo_host.cc:88] [26921][CalcMyRankInfo]userRank[0], userRankSize[4], deviceType[6], netLayersNum[2], moduleIdx[4294967295] and superPodIdx[0]
[2026-06-11 15:36:28.589772][pid:26917][INFO][topo_host.cc:109] [26923]module[1] contains [2]devices
[2026-06-11 15:36:28.589978][pid:26917][INFO][topo_host.cc:112] [26923]different module contains different numbers of cards:[0]
[2026-06-11 15:36:28.590003][pid:26917][INFO][topo_host.cc:52] [26923][InitRankInfo] userRank[2] userRankSize[4] serverIdx[1] superPodIdx[0] deviceType[6] deviceNumPerModule[2] serverNumPerSuperPod[0] serverNum[2] moduleNum[2] superPodNum[0] moduleIdx[1] isDiffDeviceModule[0] multiModuleDiffDeviceNumMode[0] multiSuperPodDiffServerNumMode[0] isHCCSSWNumEqualToTwiceSIONum[0],
[2026-06-11 15:36:28.590038][pid:26917][INFO][topo_host.cc:672] [26923][BaseSelector][ExtractNetLayerDetails] Net layer[0] instNum[2]
[2026-06-11 15:36:28.589951][pid:26917][DEBUG][topo_host.cc:299] [26921][GetPairLinkCounter]Getting links between srcRank[0] and dstRank[1]
[2026-06-11 15:36:28.590048][pid:26917][INFO][topo_host.cc:672] [26923][BaseSelector][ExtractNetLayerDetails] Net layer[1] instNum[1]
[2026-06-11 15:36:28.590066][pid:26917][DEBUG][topo_host.cc:299] [26921][GetPairLinkCounter]Getting links between srcRank[1] and dstRank[0]
[2026-06-11 15:36:28.590078][pid:26917][DEBUG][topo_host.cc:328] [26921][GetPairLinkCounter] pair link counter information linkType[3], size[0]
[2026-06-11 15:36:28.590082][pid:26917][DEBUG][topo_host.cc:328] [26921][GetPairLinkCounter] pair link counter information linkType[2], size[0]
[2026-06-11 15:36:28.590085][pid:26917][DEBUG][topo_host.cc:328] [26921][GetPairLinkCounter] pair link counter information linkType[1], size[0]
[2026-06-11 15:36:28.589895][pid:26917][DEBUG][topo_host.cc:97] [26922][SetServerModuleInfo]isDiffDeviceModule[0], moduleIdx[0]
[2026-06-11 15:36:28.590088][pid:26917][DEBUG][topo_host.cc:328] [26921][GetPairLinkCounter] pair link counter information linkType[0], size[0]
[2026-06-11 15:36:28.590090][pid:26917][INFO][topo_host.cc:199] [26921][IsDiffDeviceModule] deviceType[6], topoInfo->userRankSize[4]
[2026-06-11 15:36:28.589922][pid:26917][INFO][topo_host.cc:112] [26924]different module contains different numbers of cards:[0]
[2026-06-11 15:36:28.590093][pid:26917][DEBUG][topo_host.cc:97] [26921][SetServerModuleInfo]isDiffDeviceModule[0], moduleIdx[0]
[2026-06-11 15:36:28.590052][pid:26917][INFO][topo_host.cc:693] [26923][BaseSelector][ExtractNetLayerDetails] topoLevelNum[2], netLayerNum[2], netLayers.size[2]
[2026-06-11 15:36:28.590096][pid:26917][DEBUG][topo_host.cc:411] [26922][GetModuleMap] ModuleMap:
[2026-06-11 15:36:28.590200][pid:26917][INFO][topo_host.cc:728] [26923][BaseSelector][ExtractTopoDetails] netLayerIdx[0], topoInstNum[1]
[2026-06-11 15:36:28.590213][pid:26917][INFO][topo_host.cc:762] [26923][BaseSelector][ExtractTopoDetails] netLayerIdx[0], topoInstIdx[0] type is[1], topoInstId is[0], topoSize is[2]
[2026-06-11 15:36:28.590218][pid:26917][INFO][topo_host.cc:728] [26923][BaseSelector][ExtractTopoDetails] netLayerIdx[1], topoInstNum[1]
[2026-06-11 15:36:28.590223][pid:26917][INFO][topo_host.cc:762] [26923][BaseSelector][ExtractTopoDetails] netLayerIdx[1], topoInstIdx[0] type is[0], topoInstId is[0], topoSize is[4]
[2026-06-11 15:36:28.590182][pid:26917][INFO][topo_host.cc:52] [26924][InitRankInfo] userRank[3] userRankSize[4] serverIdx[1] superPodIdx[0] deviceType[6] deviceNumPerModule[2] serverNumPerSuperPod[0] serverNum[2] moduleNum[2] superPodNum[0] moduleIdx[1] isDiffDeviceModule[0] multiModuleDiffDeviceNumMode[0] multiSuperPodDiffServerNumMode[0] isHCCSSWNumEqualToTwiceSIONum[0],
[2026-06-11 15:36:28.590183][pid:26917][DEBUG][topo_host.cc:411] [26921][GetModuleMap] ModuleMap:
[2026-06-11 15:36:28.590209][pid:26917][DEBUG][topo_host.cc:421] [26922][GetModuleMap] ModuleIdx[0]: {0, 1}
[2026-06-11 15:36:28.590234][pid:26917][INFO][topo_host.cc:950] [26923][IsLevel0PcieMix]link[0] protocol[2363473760]
[2026-06-11 15:36:28.590319][pid:26917][INFO][topo_host.cc:958] [26923][IsLevel0PcieMix] Level 0 has no PCIE protocol
[2026-06-11 15:36:28.590262][pid:26917][DEBUG][topo_host.cc:421] [26921][GetModuleMap] ModuleIdx[0]: {0, 1}
[2026-06-11 15:36:28.590291][pid:26917][DEBUG][topo_host.cc:421] [26922][GetModuleMap] ModuleIdx[1]: {2, 3}
[2026-06-11 15:36:28.590238][pid:26917][INFO][topo_host.cc:672] [26924][BaseSelector][ExtractNetLayerDetails] Net layer[0] instNum[2]
[2026-06-11 15:36:28.590431][pid:26917][INFO][topo_host.cc:672] [26924][BaseSelector][ExtractNetLayerDetails] Net layer[1] instNum[1]
[2026-06-11 15:36:28.590438][pid:26917][INFO][topo_host.cc:693] [26924][BaseSelector][ExtractNetLayerDetails] topoLevelNum[2], netLayerNum[2], netLayers.size[2]
[2026-06-11 15:36:28.590444][pid:26917][INFO][topo_host.cc:728] [26924][BaseSelector][ExtractTopoDetails] netLayerIdx[0], topoInstNum[1]
[2026-06-11 15:36:28.590374][pid:26917][DEBUG][topo_host.cc:421] [26921][GetModuleMap] ModuleIdx[1]: {2, 3}
[2026-06-11 15:36:28.590451][pid:26917][INFO][topo_host.cc:762] [26924][BaseSelector][ExtractTopoDetails] netLayerIdx[0], topoInstIdx[0] type is[1], topoInstId is[0], topoSize is[2]
[2026-06-11 15:36:28.590464][pid:26917][INFO][/home/crx/code/hccl_three_sequence_rs/hccl_2039/test/st/algorithm/utils/src/hccl_proxy/communicator/sim_context_manager.cc:59] [26923][CreateCommEngineCtx] create context success, tag[ReduceScatter_hccl_world_group], engine[1]
[2026-06-11 15:36:28.590472][pid:26917][DEBUG][execute_selector.cc:24] [26923][Algo][Selector] Run.
[2026-06-11 15:36:28.590405][pid:26917][INFO][topo_host.cc:109] [26922]module[0] contains [2]devices
[2026-06-11 15:36:28.590476][pid:26917][INFO][execute_selector.cc:43] [26923][Algo][Selector] The selector nums of optype[7] is [1].
[2026-06-11 15:36:28.590514][pid:26917][DEBUG][execute_selector.cc:45] [26923][Algo][Selector] The selector[priority of 18] is running.
[2026-06-11 15:36:28.590537][pid:26917][DEBUG][auto_selector_base.cc:20] [26923][AutoSelectorBase][Select] start, OpExecuteConfig is 2.
[2026-06-11 15:36:28.590483][pid:26917][INFO][topo_host.cc:109] [26922]module[1] contains [2]devices
[2026-06-11 15:36:28.590455][pid:26917][INFO][topo_host.cc:728] [26924][BaseSelector][ExtractTopoDetails] netLayerIdx[1], topoInstNum[1]
[2026-06-11 15:36:28.590567][pid:26917][INFO][op_common.cc:2237] [26923]Start CheckHostDPUOnly
[2026-06-11 15:36:28.590454][pid:26917][INFO][topo_host.cc:109] [26921]module[0] contains [2]devices
[2026-06-11 15:36:28.590672][pid:26917][INFO][op_common.cc:2263] [26923]Skip checking layer[0], topoLevelNums is [2]
[2026-06-11 15:36:28.590677][pid:26917][INFO][topo_host.cc:109] [26921]module[1] contains [2]devices
[2026-06-11 15:36:28.590704][pid:26917][INFO][topo_host.cc:112] [26921]different module contains different numbers of cards:[0]
[2026-06-11 15:36:28.590700][pid:26917][INFO][op_common.cc:2275] [26923]Start checking topoInstId[0]
[2026-06-11 15:36:28.590592][pid:26917][INFO][topo_host.cc:112] [26922]different module contains different numbers of cards:[0]
[2026-06-11 15:36:28.590673][pid:26917][INFO][topo_host.cc:762] [26924][BaseSelector][ExtractTopoDetails] netLayerIdx[1], topoInstIdx[0] type is[0], topoInstId is[0], topoSize is[4]
[2026-06-11 15:36:28.590729][pid:26917][INFO][op_common.cc:2297] [26923]Not using hostdpu because there is links on device in netLayer[1] in endPointIdx[0]
[2026-06-11 15:36:28.590714][pid:26917][INFO][topo_host.cc:52] [26921][InitRankInfo] userRank[0] userRankSize[4] serverIdx[0] superPodIdx[0] deviceType[6] deviceNumPerModule[2] serverNumPerSuperPod[0] serverNum[2] moduleNum[2] superPodNum[0] moduleIdx[0] isDiffDeviceModule[0] multiModuleDiffDeviceNumMode[0] multiSuperPodDiffServerNumMode[0] isHCCSSWNumEqualToTwiceSIONum[0],
[2026-06-11 15:36:28.590767][pid:26917][INFO][topo_host.cc:950] [26924][IsLevel0PcieMix]link[0] protocol[2281693024]
[2026-06-11 15:36:28.590770][pid:26917][DEBUG][reduce_scatter_auto_selector.cc:288] [26923][ReduceScatterAutoSelector][SelectAicpuAlgo] start, topoInfo levelNum[2]
[2026-06-11 15:36:28.590788][pid:26917][INFO][reduce_scatter_auto_selector.cc:293] [26923][ReduceScatterAutoSelector][SelectAicpuAlgo] topoLevelNums[2], level0Topo[1], Level1Nhr[0], Level0Nhr[0], localNetInsSizeOfLayer.at(0)[2], dataSize[1], userRankSize[4], dataType[0], reduceType[2]
[2026-06-11 15:36:28.590793][pid:26917][INFO][reduce_scatter_auto_selector.cc:314] [26923][ReduceScatterAutoSelector][SelectAicpuAlgo] enter topoLevelNums > 1 branch, level0Topo[1], localNetInsSizeOfLayer[0][2], Level1Nhr[0], Level0Nhr[0]
[2026-06-11 15:36:28.590795][pid:26917][INFO][reduce_scatter_auto_selector.cc:330] [26923][ReduceScatterAutoSelector][SelectAicpuAlgo] enter MESH_1D branch, dataSize[1]
[2026-06-11 15:36:28.590748][pid:26917][INFO][topo_host.cc:52] [26922][InitRankInfo] userRank[1] userRankSize[4] serverIdx[0] superPodIdx[0] deviceType[6] deviceNumPerModule[2] serverNumPerSuperPod[0] serverNum[2] moduleNum[2] superPodNum[0] moduleIdx[0] isDiffDeviceModule[0] multiModuleDiffDeviceNumMode[0] multiSuperPodDiffServerNumMode[0] isHCCSSWNumEqualToTwiceSIONum[0],
[2026-06-11 15:36:28.590799][pid:26917][INFO][reduce_scatter_auto_selector.cc:340] [26923][ReduceScatterAutoSelector][SelectAicpuAlgo] MESH_1D small data, select [InsReduceScatterNHR]
[2026-06-11 15:36:28.590779][pid:26917][INFO][topo_host.cc:672] [26921][BaseSelector][ExtractNetLayerDetails] Net layer[0] instNum[2]
[2026-06-11 15:36:28.590774][pid:26917][INFO][topo_host.cc:958] [26924][IsLevel0PcieMix] Level 0 has no PCIE protocol
[2026-06-11 15:36:28.590883][pid:26917][INFO][/home/crx/code/hccl_three_sequence_rs/hccl_2039/test/st/algorithm/utils/src/hccl_proxy/communicator/sim_context_manager.cc:59] [26924][CreateCommEngineCtx] create context success, tag[ReduceScatter_hccl_world_group], engine[1]
[2026-06-11 15:36:28.590807][pid:26917][INFO][reduce_scatter_auto_selector.cc:355] [26923][ReduceScatterAutoSelector][SelectAicpuAlgo] final select [InsReduceScatterNHR]
[2026-06-11 15:36:28.590890][pid:26917][DEBUG][execute_selector.cc:24] [26924][Algo][Selector] Run.
[2026-06-11 15:36:28.590894][pid:26917][INFO][execute_selector.cc:43] [26924][Algo][Selector] The selector nums of optype[7] is [1].
[2026-06-11 15:36:28.590916][pid:26917][DEBUG][execute_selector.cc:45] [26924][Algo][Selector] The selector[priority of 18] is running.
[2026-06-11 15:36:28.590811][pid:26917][INFO][topo_host.cc:672] [26922][BaseSelector][ExtractNetLayerDetails] Net layer[0] instNum[2]
[2026-06-11 15:36:28.590894][pid:26917][INFO][auto_selector_base.cc:65] [26923][Algo][AutoSelectorBase] The selected algo is InsReduceScatterNHR, OpExecuteConfig is 2.
[2026-06-11 15:36:28.591001][pid:26917][DEBUG][auto_selector_base.cc:20] [26924][AutoSelectorBase][Select] start, OpExecuteConfig is 2.
[2026-06-11 15:36:28.590839][pid:26917][INFO][topo_host.cc:672] [26921][BaseSelector][ExtractNetLayerDetails] Net layer[1] instNum[1]
[2026-06-11 15:36:28.591021][pid:26917][INFO][execute_selector.cc:47] [26923][Algo][Selector] The selector[priority of 18] is matched, the selected algo type is InsReduceScatterNHR
[2026-06-11 15:36:28.591058][pid:26917][DEBUG][op_common.cc:119] [26923][Selector] is aicpu mode
[2026-06-11 15:36:28.591065][pid:26917][DEBUG][load_kernel.cc:32] [26923][GetKernelFilePath]kernel folder path[/home/crx/toolkit/cann-9.1.0/opp/built-in/op_impl/aicpu/config/]
[2026-06-11 15:36:28.590998][pid:26917][INFO][topo_host.cc:672] [26922][BaseSelector][ExtractNetLayerDetails] Net layer[1] instNum[1]
[2026-06-11 15:36:28.591023][pid:26917][INFO][op_common.cc:2237] [26924]Start CheckHostDPUOnly
[2026-06-11 15:36:28.591026][pid:26917][INFO][topo_host.cc:693] [26921][BaseSelector][ExtractNetLayerDetails] topoLevelNum[2], netLayerNum[2], netLayers.size[2]
[2026-06-11 15:36:28.591077][pid:26917][INFO][adapter_acl.cc:132] [26923][LoadBinaryFromFile]realPath: /home/crx/toolkit/cann-9.1.0/opp/built-in/op_impl/aicpu/config/libscatter_aicpu_kernel.json
[2026-06-11 15:36:28.591156][pid:26917][WARNING][/home/crx/code/hccl_three_sequence_rs/hccl_2039/test/st/algorithm/utils/src/hccl_proxy/aclrt_stub.cc:272] [26923][aclrtBinaryLoadFromFile] not support.
[2026-06-11 15:36:28.591103][pid:26917][INFO][op_common.cc:2263] [26924]Skip checking layer[0], topoLevelNums is [2]
[2026-06-11 15:36:28.591130][pid:26917][INFO][topo_host.cc:728] [26921][BaseSelector][ExtractTopoDetails] netLayerIdx[0], topoInstNum[1]
[2026-06-11 15:36:28.591240][pid:26917][INFO][topo_host.cc:762] [26921][BaseSelector][ExtractTopoDetails] netLayerIdx[0], topoInstIdx[0] type is[1], topoInstId is[0], topoSize is[2]
[2026-06-11 15:36:28.591079][pid:26917][INFO][topo_host.cc:693] [26922][BaseSelector][ExtractNetLayerDetails] topoLevelNum[2], netLayerNum[2], netLayers.size[2]
[2026-06-11 15:36:28.591182][pid:26917][INFO][op_common.cc:2319] [26923][OpCommon] Exec timeout is not set, use default value: 1800 seconds
[2026-06-11 15:36:28.591294][pid:26917][INFO][topo_host.cc:728] [26922][BaseSelector][ExtractTopoDetails] netLayerIdx[0], topoInstNum[1]
[2026-06-11 15:36:28.591212][pid:26917][INFO][op_common.cc:2275] [26924]Start checking topoInstId[0]
[2026-06-11 15:36:28.591305][pid:26917][INFO][topo_host.cc:762] [26922][BaseSelector][ExtractTopoDetails] netLayerIdx[0], topoInstIdx[0] type is[1], topoInstId is[0], topoSize is[2]
[2026-06-11 15:36:28.591247][pid:26917][INFO][topo_host.cc:728] [26921][BaseSelector][ExtractTopoDetails] netLayerIdx[1], topoInstNum[1]
[2026-06-11 15:36:28.591361][pid:26917][INFO][topo_host.cc:762] [26921][BaseSelector][ExtractTopoDetails] netLayerIdx[1], topoInstIdx[0] type is[0], topoInstId is[0], topoSize is[4]
[2026-06-11 15:36:28.591329][pid:26917][INFO][op_common.cc:2297] [26924]Not using hostdpu because there is links on device in netLayer[1] in endPointIdx[0]
[2026-06-11 15:36:28.591374][pid:26917][INFO][topo_host.cc:950] [26921][IsLevel0PcieMix]link[0] protocol[2380259168]
[2026-06-11 15:36:28.591378][pid:26917][INFO][topo_host.cc:958] [26921][IsLevel0PcieMix] Level 0 has no PCIE protocol
[2026-06-11 15:36:28.591304][pid:26917][INFO][op_common.cc:2218] [26923][OpCommon] Ratio is not set, use default value: 0.500000
[2026-06-11 15:36:28.591332][pid:26917][INFO][topo_host.cc:728] [26922][BaseSelector][ExtractTopoDetails] netLayerIdx[1], topoInstNum[1]
[2026-06-11 15:36:28.591418][pid:26917][INFO][/home/crx/code/hccl_three_sequence_rs/hccl_2039/test/st/algorithm/utils/src/hccl_proxy/communicator/sim_context_manager.cc:59] [26921][CreateCommEngineCtx] create context success, tag[ReduceScatter_hccl_world_group], engine[1]
[2026-06-11 15:36:28.591422][pid:26917][INFO][topo_host.cc:762] [26922][BaseSelector][ExtractTopoDetails] netLayerIdx[1], topoInstIdx[0] type is[0], topoInstId is[0], topoSize is[4]
[2026-06-11 15:36:28.591492][pid:26917][DEBUG][execute_selector.cc:24] [26921][Algo][Selector] Run.
[2026-06-11 15:36:28.591378][pid:26917][DEBUG][reduce_scatter_auto_selector.cc:288] [26924][ReduceScatterAutoSelector][SelectAicpuAlgo] start, topoInfo levelNum[2]
[2026-06-11 15:36:28.591410][pid:26917][INFO][op_common.cc:127] [26923]Success to execute Selector.
[2026-06-11 15:36:28.591518][pid:26917][INFO][execute_selector.cc:43] [26921][Algo][Selector] The selector nums of optype[7] is [1].
[2026-06-11 15:36:28.591529][pid:26917][INFO][op_common.cc:496] [26923][HcclExecOp]Start to execute HcclExecOp. HcommGetProfilingSysCycleTime[0]
[2026-06-11 15:36:28.591540][pid:26917][INFO][/home/crx/code/hccl_three_sequence_rs/hccl_2039/test/st/algorithm/utils/src/hccl_proxy/communicator/sim_context_manager.cc:68] [26923][GetCommEngineCtx] not exist a context with tag[InsReduceScatterNHR_fallback]
[2026-06-11 15:36:28.591524][pid:26917][INFO][reduce_scatter_auto_selector.cc:293] [26924][ReduceScatterAutoSelector][SelectAicpuAlgo] topoLevelNums[2], level0Topo[1], Level1Nhr[0], Level0Nhr[0], localNetInsSizeOfLayer.at(0)[2], dataSize[1], userRankSize[4], dataType[0], reduceType[2]
[2026-06-11 15:36:28.591545][pid:26917][DEBUG][coll_alg_v2_exec_registry.cc:40] [26923][CollAlgExecRegistryV2][GetAlgExec]get executor by algName[InsReduceScatterNHR].
[2026-06-11 15:36:28.591549][pid:26917][INFO][reduce_scatter_auto_selector.cc:314] [26924][ReduceScatterAutoSelector][SelectAicpuAlgo] enter topoLevelNums > 1 branch, level0Topo[1], localNetInsSizeOfLayer[0][2], Level1Nhr[0], Level0Nhr[0]
[2026-06-11 15:36:28.591572][pid:26917][INFO][reduce_scatter_auto_selector.cc:330] [26924][ReduceScatterAutoSelector][SelectAicpuAlgo] enter MESH_1D branch, dataSize[1]
[2026-06-11 15:36:28.591595][pid:26917][INFO][reduce_scatter_auto_selector.cc:340] [26924][ReduceScatterAutoSelector][SelectAicpuAlgo] MESH_1D small data, select [InsReduceScatterNHR]
[2026-06-11 15:36:28.591611][pid:26917][INFO][op_common.cc:871] [26923][HcclGetAlgRes] Start to execute HcclGetAlgRes.
[2026-06-11 15:36:28.591616][pid:26917][INFO][/home/crx/code/hccl_three_sequence_rs/hccl_2039/test/st/algorithm/utils/src/hccl_proxy/communicator/sim_context_manager.cc:68] [26923][GetCommEngineCtx] not exist a context with tag[ReduceScatter_hccl_world_group_InsReduceScatterNHR_device]
[2026-06-11 15:36:28.591527][pid:26917][INFO][topo_host.cc:950] [26922][IsLevel0PcieMix]link[0] protocol[2371866464]
[2026-06-11 15:36:28.591525][pid:26917][DEBUG][execute_selector.cc:45] [26921][Algo][Selector] The selector[priority of 18] is running.
[2026-06-11 15:36:28.591647][pid:26917][INFO][topo_host.cc:958] [26922][IsLevel0PcieMix] Level 0 has no PCIE protocol
[2026-06-11 15:36:28.591648][pid:26917][INFO][op_common.cc:883] [26923][HcclGetAlgRes] executor->CalcRes.
[2026-06-11 15:36:28.591617][pid:26917][INFO][reduce_scatter_auto_selector.cc:355] [26924][ReduceScatterAutoSelector][SelectAicpuAlgo] final select [InsReduceScatterNHR]
[2026-06-11 15:36:28.591690][pid:26917][INFO][auto_selector_base.cc:65] [26924][Algo][AutoSelectorBase] The selected algo is InsReduceScatterNHR, OpExecuteConfig is 2.
[2026-06-11 15:36:28.591691][pid:26917][INFO][/home/crx/code/hccl_three_sequence_rs/hccl_2039/test/st/algorithm/utils/src/hccl_proxy/communicator/sim_context_manager.cc:59] [26922][CreateCommEngineCtx] create context success, tag[ReduceScatter_hccl_world_group], engine[1]
[2026-06-11 15:36:28.591739][pid:26917][DEBUG][execute_selector.cc:24] [26922][Algo][Selector] Run.
[2026-06-11 15:36:28.591764][pid:26917][INFO][execute_selector.cc:43] [26922][Algo][Selector] The selector nums of optype[7] is [1].
[2026-06-11 15:36:28.591787][pid:26917][DEBUG][execute_selector.cc:45] [26922][Algo][Selector] The selector[priority of 18] is running.
[2026-06-11 15:36:28.591717][pid:26917][INFO][execute_selector.cc:47] [26924][Algo][Selector] The selector[priority of 18] is matched, the selected algo type is InsReduceScatterNHR
[2026-06-11 15:36:28.591873][pid:26917][DEBUG][auto_selector_base.cc:20] [26922][AutoSelectorBase][Select] start, OpExecuteConfig is 2.
[2026-06-11 15:36:28.591886][pid:26917][INFO][op_common.cc:2237] [26922]Start CheckHostDPUOnly
[2026-06-11 15:36:28.591890][pid:26917][INFO][op_common.cc:2263] [26922]Skip checking layer[0], topoLevelNums is [2]
[2026-06-11 15:36:28.591895][pid:26917][INFO][op_common.cc:2275] [26922]Start checking topoInstId[0]
[2026-06-11 15:36:28.591669][pid:26917][DEBUG][auto_selector_base.cc:20] [26921][AutoSelectorBase][Select] start, OpExecuteConfig is 2.
[2026-06-11 15:36:28.591912][pid:26917][INFO][op_common.cc:2237] [26921]Start CheckHostDPUOnly
[2026-06-11 15:36:28.591898][pid:26917][DEBUG][op_common.cc:119] [26924][Selector] is aicpu mode
[2026-06-11 15:36:28.591921][pid:26917][INFO][op_common.cc:2263] [26921]Skip checking layer[0], topoLevelNums is [2]
[2026-06-11 15:36:28.591926][pid:26917][DEBUG][load_kernel.cc:32] [26924][GetKernelFilePath]kernel folder path[/home/crx/toolkit/cann-9.1.0/opp/built-in/op_impl/aicpu/config/]
[2026-06-11 15:36:28.591960][pid:26917][INFO][adapter_acl.cc:132] [26924][LoadBinaryFromFile]realPath: /home/crx/toolkit/cann-9.1.0/opp/built-in/op_impl/aicpu/config/libscatter_aicpu_kernel.json
[2026-06-11 15:36:28.591966][pid:26917][WARNING][/home/crx/code/hccl_three_sequence_rs/hccl_2039/test/st/algorithm/utils/src/hccl_proxy/aclrt_stub.cc:272] [26924][aclrtBinaryLoadFromFile] not support.
[2026-06-11 15:36:28.591970][pid:26917][INFO][op_common.cc:2319] [26924][OpCommon] Exec timeout is not set, use default value: 1800 seconds
[2026-06-11 15:36:28.591974][pid:26917][INFO][op_common.cc:2218] [26924][OpCommon] Ratio is not set, use default value: 0.500000
[2026-06-11 15:36:28.591927][pid:26917][INFO][op_common.cc:2275] [26921]Start checking topoInstId[0]
[2026-06-11 15:36:28.591977][pid:26917][INFO][op_common.cc:127] [26924]Success to execute Selector.
[2026-06-11 15:36:28.591987][pid:26917][INFO][op_common.cc:2297] [26921]Not using hostdpu because there is links on device in netLayer[1] in endPointIdx[0]
[2026-06-11 15:36:28.591994][pid:26917][DEBUG][reduce_scatter_auto_selector.cc:288] [26921][ReduceScatterAutoSelector][SelectAicpuAlgo] start, topoInfo levelNum[2]
[2026-06-11 15:36:28.591981][pid:26917][INFO][op_common.cc:496] [26924][HcclExecOp]Start to execute HcclExecOp. HcommGetProfilingSysCycleTime[0]
[2026-06-11 15:36:28.591998][pid:26917][INFO][reduce_scatter_auto_selector.cc:293] [26921][ReduceScatterAutoSelector][SelectAicpuAlgo] topoLevelNums[2], level0Topo[1], Level1Nhr[0], Level0Nhr[0], localNetInsSizeOfLayer.at(0)[2], dataSize[1], userRankSize[4], dataType[0], reduceType[2]
[2026-06-11 15:36:28.592002][pid:26917][INFO][reduce_scatter_auto_selector.cc:314] [26921][ReduceScatterAutoSelector][SelectAicpuAlgo] enter topoLevelNums > 1 branch, level0Topo[1], localNetInsSizeOfLayer[0][2], Level1Nhr[0], Level0Nhr[0]
[2026-06-11 15:36:28.591900][pid:26917][INFO][op_common.cc:2297] [26922]Not using hostdpu because there is links on device in netLayer[1] in endPointIdx[0]
[2026-06-11 15:36:28.592005][pid:26917][INFO][/home/crx/code/hccl_three_sequence_rs/hccl_2039/test/st/algorithm/utils/src/hccl_proxy/communicator/sim_context_manager.cc:68] [26924][GetCommEngineCtx] not exist a context with tag[InsReduceScatterNHR_fallback]
[2026-06-11 15:36:28.592027][pid:26917][DEBUG][reduce_scatter_auto_selector.cc:288] [26922][ReduceScatterAutoSelector][SelectAicpuAlgo] start, topoInfo levelNum[2]
[2026-06-11 15:36:28.592035][pid:26917][INFO][channel_request.cc:71] [26923][CalcNHRChannelConnect]localRank[2], rankPos[3], rankNeg[1]
[2026-06-11 15:36:28.592047][pid:26917][INFO][channel_request.cc:71] [26923][CalcNHRChannelConnect]localRank[2], rankPos[0], rankNeg[0]
[2026-06-11 15:36:28.592030][pid:26917][DEBUG][coll_alg_v2_exec_registry.cc:40] [26924][CollAlgExecRegistryV2][GetAlgExec]get executor by algName[InsReduceScatterNHR].
[2026-06-11 15:36:28.592067][pid:26917][DEBUG][channel.cc:252] [26923][CreateChannelFromLink][CalcLevel1ChannelRequestNhr] local device phyId: 0, remote device phyId: 0.
[2026-06-11 15:36:28.592131][pid:26917][INFO][op_common.cc:871] [26924][HcclGetAlgRes] Start to execute HcclGetAlgRes.
[2026-06-11 15:36:28.592140][pid:26917][INFO][/home/crx/code/hccl_three_sequence_rs/hccl_2039/test/st/algorithm/utils/src/hccl_proxy/communicator/sim_context_manager.cc:68] [26924][GetCommEngineCtx] not exist a context with tag[ReduceScatter_hccl_world_group_InsReduceScatterNHR_device]
[2026-06-11 15:36:28.592007][pid:26917][INFO][reduce_scatter_auto_selector.cc:330] [26921][ReduceScatterAutoSelector][SelectAicpuAlgo] enter MESH_1D branch, dataSize[1]
[2026-06-11 15:36:28.592145][pid:26917][INFO][channel.cc:255] [26923][CreateChannelFromLink][CalcLevel1ChannelRequestNhr] Add channel request between 2 and 0, netLayerIdx 1, linkListIdx 0, protocol 2363473760
[2026-06-11 15:36:28.592031][pid:26917][INFO][reduce_scatter_auto_selector.cc:293] [26922][ReduceScatterAutoSelector][SelectAicpuAlgo] topoLevelNums[2], level0Topo[1], Level1Nhr[0], Level0Nhr[0], localNetInsSizeOfLayer.at(0)[2], dataSize[1], userRankSize[4], dataType[0], reduceType[2]
[2026-06-11 15:36:28.592149][pid:26917][INFO][op_common.cc:883] [26924][HcclGetAlgRes] executor->CalcRes.
[2026-06-11 15:36:28.592185][pid:26917][INFO][channel_request.cc:71] [26924][CalcNHRChannelConnect]localRank[3], rankPos[0], rankNeg[2]
[2026-06-11 15:36:28.592175][pid:26917][INFO][reduce_scatter_auto_selector.cc:314] [26922][ReduceScatterAutoSelector][SelectAicpuAlgo] enter topoLevelNums > 1 branch, level0Topo[1], localNetInsSizeOfLayer[0][2], Level1Nhr[0], Level0Nhr[0]
[2026-06-11 15:36:28.592196][pid:26917][INFO][channel_request.cc:71] [26924][CalcNHRChannelConnect]localRank[3], rankPos[1], rankNeg[1]
[2026-06-11 15:36:28.592200][pid:26917][INFO][reduce_scatter_auto_selector.cc:330] [26922][ReduceScatterAutoSelector][SelectAicpuAlgo] enter MESH_1D branch, dataSize[1]
[2026-06-11 15:36:28.592217][pid:26917][DEBUG][channel.cc:252] [26924][CreateChannelFromLink][CalcLevel1ChannelRequestNhr] local device phyId: 1, remote device phyId: 0.
[2026-06-11 15:36:28.592222][pid:26917][INFO][channel.cc:255] [26924][CreateChannelFromLink][CalcLevel1ChannelRequestNhr] Add channel request between 3 and 0, netLayerIdx 1, linkListIdx 0, protocol 2281693024
[2026-06-11 15:36:28.592224][pid:26917][INFO][reduce_scatter_auto_selector.cc:340] [26922][ReduceScatterAutoSelector][SelectAicpuAlgo] MESH_1D small data, select [InsReduceScatterNHR]
[2026-06-11 15:36:28.592247][pid:26917][INFO][reduce_scatter_auto_selector.cc:355] [26922][ReduceScatterAutoSelector][SelectAicpuAlgo] final select [InsReduceScatterNHR]
[2026-06-11 15:36:28.592270][pid:26917][INFO][auto_selector_base.cc:65] [26922][Algo][AutoSelectorBase] The selected algo is InsReduceScatterNHR, OpExecuteConfig is 2.
[2026-06-11 15:36:28.592168][pid:26917][INFO][reduce_scatter_auto_selector.cc:340] [26921][ReduceScatterAutoSelector][SelectAicpuAlgo] MESH_1D small data, select [InsReduceScatterNHR]
[2026-06-11 15:36:28.592323][pid:26917][INFO][reduce_scatter_auto_selector.cc:355] [26921][ReduceScatterAutoSelector][SelectAicpuAlgo] final select [InsReduceScatterNHR]
[2026-06-11 15:36:28.592298][pid:26917][INFO][execute_selector.cc:47] [26922][Algo][Selector] The selector[priority of 18] is matched, the selected algo type is InsReduceScatterNHR
[2026-06-11 15:36:28.592347][pid:26917][INFO][auto_selector_base.cc:65] [26921][Algo][AutoSelectorBase] The selected algo is InsReduceScatterNHR, OpExecuteConfig is 2.
[2026-06-11 15:36:28.592417][pid:26917][DEBUG][channel.cc:252] [26923][CreateChannelFromLink][CalcLevel1ChannelRequestNhr] local device phyId: 0, remote device phyId: 1.
[2026-06-11 15:36:28.592376][pid:26917][DEBUG][op_common.cc:119] [26922][Selector] is aicpu mode
[2026-06-11 15:36:28.592422][pid:26917][DEBUG][channel.cc:252] [26924][CreateChannelFromLink][CalcLevel1ChannelRequestNhr] local device phyId: 1, remote device phyId: 1.
[2026-06-11 15:36:28.592426][pid:26917][INFO][channel.cc:255] [26923][CreateChannelFromLink][CalcLevel1ChannelRequestNhr] Add channel request between 2 and 1, netLayerIdx 1, linkListIdx 0, protocol 2363473760
[2026-06-11 15:36:28.592486][pid:26917][INFO][channel.cc:255] [26924][CreateChannelFromLink][CalcLevel1ChannelRequestNhr] Add channel request between 3 and 1, netLayerIdx 1, linkListIdx 0, protocol 2281693024
[2026-06-11 15:36:28.592502][pid:26917][DEBUG][channel.cc:252] [26924][CreateChannelFromLink][CalcLevel1ChannelRequestNhr] local device phyId: 1, remote device phyId: 0.
[2026-06-11 15:36:28.592507][pid:26917][INFO][channel.cc:255] [26924][CreateChannelFromLink][CalcLevel1ChannelRequestNhr] Add channel request between 3 and 2, netLayerIdx 1, linkListIdx 0, protocol 2281693024
[2026-06-11 15:36:28.592402][pid:26917][INFO][execute_selector.cc:47] [26921][Algo][Selector] The selector[priority of 18] is matched, the selected algo type is InsReduceScatterNHR
[2026-06-11 15:36:28.592512][pid:26917][INFO][ins_temp_reduce_scatter_nhr.cc:43] [26924][InsTempReduceScatterNHR][CalcRes] channelsPerRank: [1].
[2026-06-11 15:36:28.592515][pid:26917][INFO][ins_temp_reduce_scatter_nhr.cc:59] [26924][GetRes] channelsPerRank_: [1], slaveThreadNum: [0].
[2026-06-11 15:36:28.592518][pid:26917][INFO][ins_temp_reduce_scatter_nhr.cc:46] [26924][InsTempReduceScatterNHR][CalcRes] slaveThreadNum: [0], notifyNumOnMainThread: [0].
[2026-06-11 15:36:28.592519][pid:26917][DEBUG][channel.cc:252] [26923][CreateChannelFromLink][CalcLevel1ChannelRequestNhr] local device phyId: 0, remote device phyId: 1.
[2026-06-11 15:36:28.592528][pid:26917][INFO][channel.cc:255] [26923][CreateChannelFromLink][CalcLevel1ChannelRequestNhr] Add channel request between 2 and 3, netLayerIdx 1, linkListIdx 0, protocol 2363473760
[2026-06-11 15:36:28.592431][pid:26917][DEBUG][load_kernel.cc:32] [26922][GetKernelFilePath]kernel folder path[/home/crx/toolkit/cann-9.1.0/opp/built-in/op_impl/aicpu/config/]
[2026-06-11 15:36:28.592534][pid:26917][DEBUG][op_common.cc:119] [26921][Selector] is aicpu mode
[2026-06-11 15:36:28.592552][pid:26917][INFO][adapter_acl.cc:132] [26922][LoadBinaryFromFile]realPath: /home/crx/toolkit/cann-9.1.0/opp/built-in/op_impl/aicpu/config/libscatter_aicpu_kernel.json
[2026-06-11 15:36:28.592559][pid:26917][WARNING][/home/crx/code/hccl_three_sequence_rs/hccl_2039/test/st/algorithm/utils/src/hccl_proxy/aclrt_stub.cc:272] [26922][aclrtBinaryLoadFromFile] not support.
[2026-06-11 15:36:28.592561][pid:26917][DEBUG][load_kernel.cc:32] [26921][GetKernelFilePath]kernel folder path[/home/crx/toolkit/cann-9.1.0/opp/built-in/op_impl/aicpu/config/]
[2026-06-11 15:36:28.592595][pid:26917][INFO][adapter_acl.cc:132] [26921][LoadBinaryFromFile]realPath: /home/crx/toolkit/cann-9.1.0/opp/built-in/op_impl/aicpu/config/libscatter_aicpu_kernel.json
[2026-06-11 15:36:28.592600][pid:26917][WARNING][/home/crx/code/hccl_three_sequence_rs/hccl_2039/test/st/algorithm/utils/src/hccl_proxy/aclrt_stub.cc:272] [26921][aclrtBinaryLoadFromFile] not support.
[2026-06-11 15:36:28.592604][pid:26917][INFO][op_common.cc:2319] [26921][OpCommon] Exec timeout is not set, use default value: 1800 seconds
[2026-06-11 15:36:28.592608][pid:26917][INFO][op_common.cc:2218] [26921][OpCommon] Ratio is not set, use default value: 0.500000
[2026-06-11 15:36:28.592529][pid:26917][INFO][/home/crx/code/hccl_three_sequence_rs/hccl_2039/test/st/algorithm/utils/src/hccl_proxy/communicator/sim_context_manager.cc:68] [26924][GetCommEngineCtx] not exist a context with tag[ReduceScatter_hccl_world_group_InsReduceScatterNHR_device_hostCache]
[2026-06-11 15:36:28.592611][pid:26917][INFO][op_common.cc:127] [26921]Success to execute Selector.
[2026-06-11 15:36:28.592615][pid:26917][INFO][op_common.cc:496] [26921][HcclExecOp]Start to execute HcclExecOp. HcommGetProfilingSysCycleTime[0]
[2026-06-11 15:36:28.592536][pid:26917][INFO][ins_temp_reduce_scatter_nhr.cc:43] [26923][InsTempReduceScatterNHR][CalcRes] channelsPerRank: [1].
[2026-06-11 15:36:28.592564][pid:26917][INFO][op_common.cc:2319] [26922][OpCommon] Exec timeout is not set, use default value: 1800 seconds
[2026-06-11 15:36:28.592619][pid:26917][INFO][/home/crx/code/hccl_three_sequence_rs/hccl_2039/test/st/algorithm/utils/src/hccl_proxy/communicator/sim_context_manager.cc:68] [26921][GetCommEngineCtx] not exist a context with tag[InsReduceScatterNHR_fallback]
[2026-06-11 15:36:28.592619][pid:26917][INFO][op_common.cc:1162] [26924]Start to execute AllocAlgResource.
[2026-06-11 15:36:28.592737][pid:26917][INFO][op_common.cc:2218] [26922][OpCommon] Ratio is not set, use default value: 0.500000
[2026-06-11 15:36:28.592745][pid:26917][INFO][op_common.cc:127] [26922]Success to execute Selector.
[2026-06-11 15:36:28.592645][pid:26917][INFO][ins_temp_reduce_scatter_nhr.cc:59] [26923][GetRes] channelsPerRank_: [1], slaveThreadNum: [0].
[2026-06-11 15:36:28.592749][pid:26917][INFO][op_common.cc:496] [26922][HcclExecOp]Start to execute HcclExecOp. HcommGetProfilingSysCycleTime[0]
[2026-06-11 15:36:28.592728][pid:26917][DEBUG][coll_alg_v2_exec_registry.cc:40] [26921][CollAlgExecRegistryV2][GetAlgExec]get executor by algName[InsReduceScatterNHR].
[2026-06-11 15:36:28.592776][pid:26917][INFO][/home/crx/code/hccl_three_sequence_rs/hccl_2039/test/st/algorithm/utils/src/hccl_proxy/communicator/sim_context_manager.cc:68] [26922][GetCommEngineCtx] not exist a context with tag[InsReduceScatterNHR_fallback]
[2026-06-11 15:36:28.592756][pid:26917][INFO][ins_temp_reduce_scatter_nhr.cc:46] [26923][InsTempReduceScatterNHR][CalcRes] slaveThreadNum: [0], notifyNumOnMainThread: [0].
[2026-06-11 15:36:28.592817][pid:26917][INFO][/home/crx/code/hccl_three_sequence_rs/hccl_2039/test/st/algorithm/utils/src/hccl_proxy/communicator/sim_context_manager.cc:68] [26923][GetCommEngineCtx] not exist a context with tag[ReduceScatter_hccl_world_group_InsReduceScatterNHR_device_hostCache]
[2026-06-11 15:36:28.592825][pid:26917][INFO][op_common.cc:1162] [26923]Start to execute AllocAlgResource.
[2026-06-11 15:36:28.592809][pid:26917][INFO][/home/crx/code/hccl_three_sequence_rs/hccl_2039/test/st/algorithm/utils/src/hccl_proxy/communicator/sim_context_manager.cc:59] [26924][CreateCommEngineCtx] create context success, tag[ReduceScatter_hccl_world_group_InsReduceScatterNHR_device], engine[1]
[2026-06-11 15:36:28.592850][pid:26917][INFO][/home/crx/code/hccl_three_sequence_rs/hccl_2039/test/st/algorithm/utils/src/hccl_proxy/communicator/sim_context_manager.cc:59] [26923][CreateCommEngineCtx] create context success, tag[ReduceScatter_hccl_world_group_InsReduceScatterNHR_device], engine[1]
[2026-06-11 15:36:28.592836][pid:26917][INFO][op_common.cc:1270] [26924][SaveMainThreadInfo]threadPtr[0x76fd70018e80], thread[130830877953040], notifyNumPtr[0x76fd70018e88], notifyNum[1]
[2026-06-11 15:36:28.592855][pid:26917][INFO][op_common.cc:1270] [26923][SaveMainThreadInfo]threadPtr[0x76fd7801b0c0], thread[130831012170576], notifyNumPtr[0x76fd7801b0c8], notifyNum[1]
[2026-06-11 15:36:28.592787][pid:26917][DEBUG][coll_alg_v2_exec_registry.cc:40] [26922][CollAlgExecRegistryV2][GetAlgExec]get executor by algName[InsReduceScatterNHR].
[2026-06-11 15:36:28.592879][pid:26917][INFO][/home/crx/code/hccl_three_sequence_rs/hccl_2039/test/st/algorithm/utils/src/hccl_proxy/communicator/sim_context_manager.cc:59] [26923][CreateCommEngineCtx] create context success, tag[ReduceScatter_hccl_world_group_InsReduceScatterNHR_device_unfold], engine[1]
[2026-06-11 15:36:28.592791][pid:26917][INFO][op_common.cc:871] [26921][HcclGetAlgRes] Start to execute HcclGetAlgRes.
[2026-06-11 15:36:28.592887][pid:26917][INFO][op_common.cc:1287] [26923][SaveUnfoldThreadInfo]unfoldAlgTag[ReduceScatter_hccl_world_group_InsReduceScatterNHR_device_unfold], threadPtr[0x76fd7801b040], unfoldThread[130831012180304]
[2026-06-11 15:36:28.592902][pid:26917][INFO][op_common.cc:871] [26922][HcclGetAlgRes] Start to execute HcclGetAlgRes.
[2026-06-11 15:36:28.592909][pid:26917][INFO][op_common.cc:1196] [26923][HcclGetThread] unfoldThread [130831012180304]
[2026-06-11 15:36:28.592933][pid:26917][DEBUG][op_common.cc:1197] [26923]threads ptr is 0x76fd780189d0

[2026-06-11 15:36:28.592928][pid:26917][INFO][/home/crx/code/hccl_three_sequence_rs/hccl_2039/test/st/algorithm/utils/src/hccl_proxy/communicator/sim_context_manager.cc:68] [26922][GetCommEngineCtx] not exist a context with tag[ReduceScatter_hccl_world_group_InsReduceScatterNHR_device]
[2026-06-11 15:36:28.593007][pid:26917][DEBUG][op_common.cc:1218] [26923][HcclGetThread] slaveThreadNum[0]
[2026-06-11 15:36:28.593014][pid:26917][DEBUG][op_common.cc:1220] [26923][HcclGetThread] threads[0]=[130831012170576]
[2026-06-11 15:36:28.592881][pid:26917][INFO][/home/crx/code/hccl_three_sequence_rs/hccl_2039/test/st/algorithm/utils/src/hccl_proxy/communicator/sim_context_manager.cc:59] [26924][CreateCommEngineCtx] create context success, tag[ReduceScatter_hccl_world_group_InsReduceScatterNHR_device_unfold], engine[1]
[2026-06-11 15:36:28.593040][pid:26917][INFO][op_common.cc:883] [26922][HcclGetAlgRes] executor->CalcRes.
[2026-06-11 15:36:28.592904][pid:26917][INFO][/home/crx/code/hccl_three_sequence_rs/hccl_2039/test/st/algorithm/utils/src/hccl_proxy/communicator/sim_context_manager.cc:68] [26921][GetCommEngineCtx] not exist a context with tag[ReduceScatter_hccl_world_group_InsReduceScatterNHR_device]
[2026-06-11 15:36:28.593054][pid:26917][INFO][channel_request.cc:71] [26922][CalcNHRChannelConnect]localRank[1], rankPos[2], rankNeg[0]
[2026-06-11 15:36:28.593070][pid:26917][INFO][op_common.cc:883] [26921][HcclGetAlgRes] executor->CalcRes.
[2026-06-11 15:36:28.593055][pid:26917][INFO][op_common.cc:1287] [26924][SaveUnfoldThreadInfo]unfoldAlgTag[ReduceScatter_hccl_world_group_InsReduceScatterNHR_device_unfold], threadPtr[0x76fd70018e60], unfoldThread[130830877953808]
[2026-06-11 15:36:28.593083][pid:26917][INFO][channel_request.cc:71] [26921][CalcNHRChannelConnect]localRank[0], rankPos[1], rankNeg[3]
[2026-06-11 15:36:28.593086][pid:26917][INFO][op_common.cc:1196] [26924][HcclGetThread] unfoldThread [130830877953808]
[2026-06-11 15:36:28.593109][pid:26917][DEBUG][op_common.cc:1197] [26924]threads ptr is 0x76fd70018e20

[2026-06-11 15:36:28.593133][pid:26917][DEBUG][op_common.cc:1218] [26924][HcclGetThread] slaveThreadNum[0]
[2026-06-11 15:36:28.593155][pid:26917][DEBUG][op_common.cc:1220] [26924][HcclGetThread] threads[0]=[130830877953040]
[2026-06-11 15:36:28.593088][pid:26917][INFO][channel_request.cc:71] [26921][CalcNHRChannelConnect]localRank[0], rankPos[2], rankNeg[2]
[2026-06-11 15:36:28.593060][pid:26917][INFO][channel_request.cc:71] [26922][CalcNHRChannelConnect]localRank[1], rankPos[3], rankNeg[3]
[2026-06-11 15:36:28.593217][pid:26917][DEBUG][channel.cc:252] [26921][CreateChannelFromLink][CalcLevel1ChannelRequestNhr] local device phyId: 0, remote device phyId: 1.
[2026-06-11 15:36:28.593223][pid:26917][INFO][channel.cc:255] [26921][CreateChannelFromLink][CalcLevel1ChannelRequestNhr] Add channel request between 0 and 1, netLayerIdx 1, linkListIdx 0, protocol 2380259168
[2026-06-11 15:36:28.593230][pid:26917][DEBUG][channel.cc:252] [26922][CreateChannelFromLink][CalcLevel1ChannelRequestNhr] local device phyId: 1, remote device phyId: 0.
[2026-06-11 15:36:28.593235][pid:26917][INFO][channel.cc:255] [26922][CreateChannelFromLink][CalcLevel1ChannelRequestNhr] Add channel request between 1 and 0, netLayerIdx 1, linkListIdx 0, protocol 2371866464
[2026-06-11 15:36:28.593238][pid:26917][DEBUG][channel.cc:252] [26921][CreateChannelFromLink][CalcLevel1ChannelRequestNhr] local device phyId: 0, remote device phyId: 0.
[2026-06-11 15:36:28.593242][pid:26917][INFO][channel.cc:255] [26921][CreateChannelFromLink][CalcLevel1ChannelRequestNhr] Add channel request between 0 and 2, netLayerIdx 1, linkListIdx 0, protocol 2380259168
[2026-06-11 15:36:28.593249][pid:26917][DEBUG][channel.cc:252] [26922][CreateChannelFromLink][CalcLevel1ChannelRequestNhr] local device phyId: 1, remote device phyId: 0.
[2026-06-11 15:36:28.593251][pid:26917][DEBUG][channel.cc:252] [26921][CreateChannelFromLink][CalcLevel1ChannelRequestNhr] local device phyId: 0, remote device phyId: 1.
[2026-06-11 15:36:28.593254][pid:26917][INFO][channel.cc:255] [26922][CreateChannelFromLink][CalcLevel1ChannelRequestNhr] Add channel request between 1 and 2, netLayerIdx 1, linkListIdx 0, protocol 2371866464
[2026-06-11 15:36:28.593258][pid:26917][INFO][channel.cc:255] [26921][CreateChannelFromLink][CalcLevel1ChannelRequestNhr] Add channel request between 0 and 3, netLayerIdx 1, linkListIdx 0, protocol 2380259168
[2026-06-11 15:36:28.593339][pid:26917][INFO][ins_temp_reduce_scatter_nhr.cc:43] [26921][InsTempReduceScatterNHR][CalcRes] channelsPerRank: [1].
[2026-06-11 15:36:28.593366][pid:26917][INFO][ins_temp_reduce_scatter_nhr.cc:59] [26921][GetRes] channelsPerRank_: [1], slaveThreadNum: [0].
[2026-06-11 15:36:28.593391][pid:26917][INFO][ins_temp_reduce_scatter_nhr.cc:46] [26921][InsTempReduceScatterNHR][CalcRes] slaveThreadNum: [0], notifyNumOnMainThread: [0].
[2026-06-11 15:36:28.593342][pid:26917][DEBUG][channel.cc:252] [26922][CreateChannelFromLink][CalcLevel1ChannelRequestNhr] local device phyId: 1, remote device phyId: 1.
[2026-06-11 15:36:28.593444][pid:26917][INFO][channel.cc:255] [26922][CreateChannelFromLink][CalcLevel1ChannelRequestNhr] Add channel request between 1 and 3, netLayerIdx 1, linkListIdx 0, protocol 2371866464
[2026-06-11 15:36:28.593418][pid:26917][INFO][/home/crx/code/hccl_three_sequence_rs/hccl_2039/test/st/algorithm/utils/src/hccl_proxy/communicator/sim_context_manager.cc:68] [26921][GetCommEngineCtx] not exist a context with tag[ReduceScatter_hccl_world_group_InsReduceScatterNHR_device_hostCache]
[2026-06-11 15:36:28.593477][pid:26917][INFO][ins_temp_reduce_scatter_nhr.cc:43] [26922][InsTempReduceScatterNHR][CalcRes] channelsPerRank: [1].
[2026-06-11 15:36:28.593526][pid:26917][INFO][op_common.cc:1162] [26921]Start to execute AllocAlgResource.
[2026-06-11 15:36:28.593533][pid:26917][INFO][ins_temp_reduce_scatter_nhr.cc:59] [26922][GetRes] channelsPerRank_: [1], slaveThreadNum: [0].
[2026-06-11 15:36:28.593536][pid:26917][INFO][ins_temp_reduce_scatter_nhr.cc:46] [26922][InsTempReduceScatterNHR][CalcRes] slaveThreadNum: [0], notifyNumOnMainThread: [0].
[2026-06-11 15:36:28.593543][pid:26917][INFO][/home/crx/code/hccl_three_sequence_rs/hccl_2039/test/st/algorithm/utils/src/hccl_proxy/communicator/sim_context_manager.cc:68] [26922][GetCommEngineCtx] not exist a context with tag[ReduceScatter_hccl_world_group_InsReduceScatterNHR_device_hostCache]
[2026-06-11 15:36:28.593547][pid:26917][INFO][op_common.cc:1162] [26922]Start to execute AllocAlgResource.
[2026-06-11 15:36:28.593554][pid:26917][INFO][/home/crx/code/hccl_three_sequence_rs/hccl_2039/test/st/algorithm/utils/src/hccl_proxy/communicator/sim_context_manager.cc:59] [26921][CreateCommEngineCtx] create context success, tag[ReduceScatter_hccl_world_group_InsReduceScatterNHR_device], engine[1]
[2026-06-11 15:36:28.593559][pid:26917][INFO][op_common.cc:1270] [26921][SaveMainThreadInfo]threadPtr[0x76fd80018de0], thread[130831146388304], notifyNumPtr[0x76fd80018de8], notifyNum[1]
[2026-06-11 15:36:28.593570][pid:26917][INFO][/home/crx/code/hccl_three_sequence_rs/hccl_2039/test/st/algorithm/utils/src/hccl_proxy/communicator/sim_context_manager.cc:59] [26922][CreateCommEngineCtx] create context success, tag[ReduceScatter_hccl_world_group_InsReduceScatterNHR_device], engine[1]
[2026-06-11 15:36:28.593579][pid:26917][INFO][op_common.cc:1270] [26922][SaveMainThreadInfo]threadPtr[0x76fd88018de0], thread[130831280606032], notifyNumPtr[0x76fd88018de8], notifyNum[1]
[2026-06-11 15:36:28.593572][pid:26917][INFO][/home/crx/code/hccl_three_sequence_rs/hccl_2039/test/st/algorithm/utils/src/hccl_proxy/communicator/sim_context_manager.cc:59] [26921][CreateCommEngineCtx] create context success, tag[ReduceScatter_hccl_world_group_InsReduceScatterNHR_device_unfold], engine[1]
[2026-06-11 15:36:28.593611][pid:26917][INFO][op_common.cc:1287] [26921][SaveUnfoldThreadInfo]unfoldAlgTag[ReduceScatter_hccl_world_group_InsReduceScatterNHR_device_unfold], threadPtr[0x76fd80018dc0], unfoldThread[130831146389104]
[2026-06-11 15:36:28.593615][pid:26917][INFO][op_common.cc:1196] [26921][HcclGetThread] unfoldThread [130831146389104]
[2026-06-11 15:36:28.593617][pid:26917][DEBUG][op_common.cc:1197] [26921]threads ptr is 0x76fd80018d80

[2026-06-11 15:36:28.593618][pid:26917][INFO][/home/crx/code/hccl_three_sequence_rs/hccl_2039/test/st/algorithm/utils/src/hccl_proxy/communicator/sim_context_manager.cc:59] [26922][CreateCommEngineCtx] create context success, tag[ReduceScatter_hccl_world_group_InsReduceScatterNHR_device_unfold], engine[1]
[2026-06-11 15:36:28.593693][pid:26917][DEBUG][op_common.cc:1218] [26921][HcclGetThread] slaveThreadNum[0]
[2026-06-11 15:36:28.593700][pid:26917][DEBUG][op_common.cc:1220] [26921][HcclGetThread] threads[0]=[130831146388304]
[2026-06-11 15:36:28.593702][pid:26917][INFO][op_common.cc:1287] [26922][SaveUnfoldThreadInfo]unfoldAlgTag[ReduceScatter_hccl_world_group_InsReduceScatterNHR_device_unfold], threadPtr[0x76fd88018d60], unfoldThread[130831280606832]
[2026-06-11 15:36:28.593710][pid:26917][INFO][op_common.cc:1196] [26922][HcclGetThread] unfoldThread [130831280606832]
[2026-06-11 15:36:28.593713][pid:26917][DEBUG][op_common.cc:1197] [26922]threads ptr is 0x76fd88018d20

[2026-06-11 15:36:28.593716][pid:26917][DEBUG][op_common.cc:1218] [26922][HcclGetThread] slaveThreadNum[0]
[2026-06-11 15:36:28.593719][pid:26917][DEBUG][op_common.cc:1220] [26922][HcclGetThread] threads[0]=[130831280606032]
[2026-06-11 15:36:28.693861][pid:26917][INFO][op_common.cc:1406] [26922][HcclGetChannelImpl]remoteRank[0] protocol[4] remoteCclBufferAddr[0x30000000000] remoteCclBufferSize[209715200]
[2026-06-11 15:36:28.693886][pid:26917][INFO][op_common.cc:1406] [26922][HcclGetChannelImpl]remoteRank[2] protocol[4] remoteCclBufferAddr[0x90000000000] remoteCclBufferSize[209715200]
[2026-06-11 15:36:28.693890][pid:26917][INFO][op_common.cc:1406] [26922][HcclGetChannelImpl]remoteRank[3] protocol[4] remoteCclBufferAddr[0xc0000000000] remoteCclBufferSize[209715200]
[2026-06-11 15:36:28.693893][pid:26917][INFO][op_common.cc:1361] [26922][HcclGetChannelImpl] channelRequest is empty
[2026-06-11 15:36:28.693962][pid:26917][INFO][/home/crx/code/hccl_three_sequence_rs/hccl_2039/test/st/algorithm/utils/src/hccl_proxy/communicator/sim_context_manager.cc:59] [26922][CreateCommEngineCtx] create context success, tag[ReduceScatter_hccl_world_group_InsReduceScatterNHR_device], engine[3]
[2026-06-11 15:36:28.693971][pid:26917][INFO][/home/crx/code/hccl_three_sequence_rs/hccl_2039/test/st/algorithm/utils/src/hccl_proxy/communicator/sim_context_manager.cc:80] [26922][GetCommEngineCtx] get context success, tag[ReduceScatter_hccl_world_group_InsReduceScatterNHR_device], engine[3]
[2026-06-11 15:36:28.693977][pid:26917][INFO][op_common.cc:1154] [26922]Memcpy hostCtx to device success.
[2026-06-11 15:36:28.693979][pid:26917][INFO][op_common.cc:1138] [26922]Execute GetAlgResAICPU success.
[2026-06-11 15:36:28.693984][pid:26917][INFO][op_common.cc:900] [26922][HcclGetAlgRes] engine[3], algTag[ReduceScatter_hccl_world_group_InsReduceScatterNHR_device], resource allocated: thread num[1], channel num per level[level0[3]], ccu kernel num[0].
[2026-06-11 15:36:28.693989][pid:26917][INFO][op_common.cc:184] [26922][GetHcclDfxOpInfoDataType]tag[ReduceScatter_hccl_world_group], dataType[0], opType[7]
[2026-06-11 15:36:28.693993][pid:26917][INFO][/home/crx/code/hccl_three_sequence_rs/hccl_2039/test/st/algorithm/utils/src/hccl_proxy/hccl_stub.cc:168] [26922][HcclGetRankSize] rankSize: 4
[2026-06-11 15:36:28.693997][pid:26917][INFO][op_common.cc:161] [26922][GetHcclDfxOpInfoDataCount]tag[ReduceScatter_hccl_world_group], sendCount[1], opType[7], rankSize[4]
[2026-06-11 15:36:28.694000][pid:26917][INFO][op_common.cc:321] [26922][ConstructHcclDfxOpInfo]HcclDfxOpInfo param: algTag[ReduceScatter_hccl_world_group_InsReduceScatterNHR_device], opMode[1], opType[7], reduceOp[2], dataType[0], dataCount[1], root[4294967295], engine[3], inputMemAddr[0x40000000000], inputMemSize[4], outputMemAddr[0x50000000000], outputMemSize[1], cpuTsThread[0x130831280604944], cpuWaitAicpuNotifyIdx[0]
[2026-06-11 15:36:28.694004][pid:26917][WARNING][/home/crx/code/hccl_three_sequence_rs/hccl_2039/test/st/algorithm/utils/src/hccl_proxy/hccl_profiling_dfx_stub.cc:62] [26922][HcclDfxRegOpInfoByCommId] not support.
[2026-06-11 15:36:28.694093][pid:26917][INFO][/home/crx/code/hccl_three_sequence_rs/hccl_2039/test/st/algorithm/utils/src/hccl_proxy/communicator/sim_context_manager.cc:80] [26922][GetCommEngineCtx] get context success, tag[ReduceScatter_hccl_world_group_InsReduceScatterNHR_device], engine[1]
[2026-06-11 15:36:28.694101][pid:26917][INFO][op_common.cc:1322] [26922][GetMainThreadInfo]threadPtr[0x76fd88018de0], thread[130831280606032], notifyNumPtr[0x76fd88018de8], notifyNum[1]
[2026-06-11 15:36:28.694108][pid:26917][INFO][/home/crx/code/hccl_three_sequence_rs/hccl_2039/test/st/algorithm/utils/src/hccl_proxy/communicator/sim_context_manager.cc:80] [26922][GetCommEngineCtx] get context success, tag[ReduceScatter_hccl_world_group_InsReduceScatterNHR_device_unfold], engine[1]
[2026-06-11 15:36:28.694111][pid:26917][INFO][op_common.cc:1303] [26922][GetUnfoldThreadInfo]unfoldAlgTag[ReduceScatter_hccl_world_group_InsReduceScatterNHR_device_unfold], threadPtr[0x76fd88018d60], unfoldThread[130831280606832]
[2026-06-11 15:36:28.694115][pid:26917][INFO][op_common.cc:771] [26922][CaptureSlaveStreams]captureStatus is not active, captureStatus[0]
[2026-06-11 15:36:28.694118][pid:26917][DEBUG][op_common.cc:652] [26922][HcclAicpuKernelEntranceLaunch]start to run aicpu kernel
[2026-06-11 15:36:28.694282][pid:26917][WARNING][/home/crx/code/hccl_three_sequence_rs/hccl_2039/test/st/algorithm/utils/src/hccl_proxy/aclrt_stub.cc:174] [26922][aclrtBinaryGetFunction] not support.
[2026-06-11 15:36:28.694290][pid:26917][WARNING][/home/crx/code/hccl_three_sequence_rs/hccl_2039/test/st/algorithm/utils/src/hccl_proxy/aclrt_stub.cc:229] [26922][aclrtKernelArgsFinalize] not support.
[2026-06-11 15:36:28.694294][pid:26917][INFO][op_common.cc:714] [26922][AicpuKernelLaunch] unfoldThread [130831280606832]
[2026-06-11 15:36:28.694302][pid:26917][INFO][/home/crx/code/hccl_three_sequence_rs/hccl_2039/src/ops/op_common/template/aicpu/kernel_launch.cc:261] [26922]Entry-HcclLaunchAicpuKernel, commName[hccl_world_group], tag[ReduceScatter_hccl_world_group], algTag[ReduceScatter_hccl_world_group_InsReduceScatterNHR_device]
[2026-06-11 15:36:28.694419][pid:26917][INFO][/home/crx/code/hccl_three_sequence_rs/hccl_2039/src/ops/op_common/template/aicpu/kernel_launch.cc:335] [26922][HcclLaunchAicpuKernel] Cache MISS and stored for algTag[ReduceScatter_hccl_world_group_InsReduceScatterNHR_device]
[2026-06-11 15:36:28.694425][pid:26917][WARNING][/home/crx/code/hccl_three_sequence_rs/hccl_2039/test/st/algorithm/utils/src/hccl_proxy/hccl_stub.cc:751] [26922][HcommBatchModeStart] not support.
[2026-06-11 15:36:28.694428][pid:26917][INFO][op_common.cc:184] [26922][GetHcclDfxOpInfoDataType]tag[ReduceScatter_hccl_world_group], dataType[0], opType[7]
[2026-06-11 15:36:28.694433][pid:26917][INFO][/home/crx/code/hccl_three_sequence_rs/hccl_2039/src/ops/op_common/template/aicpu/dfx/task_exception_fun.cc:99] [26922][ConvertToHcclDfxOpInfo]HcclDfxOpInfo param: algTag[ReduceScatter_hccl_world_group_InsReduceScatterNHR_device], opMode[1], opType[7], reduceOp[2], dataType[0], dataCount[1],root[4294967295], engine[3], cpuTsThread[2281801488], cpuWaitAicpuNotifyIdx[0], inputMemAddr[0x40000000000], inputMemSize[4], outputMemAddr[0x50000000000], outputMemSize[1]
[2026-06-11 15:36:28.694436][pid:26917][WARNING][/home/crx/code/hccl_three_sequence_rs/hccl_2039/test/st/algorithm/utils/src/hccl_proxy/hccl_profiling_dfx_stub.cc:62] [26922][HcclDfxRegOpInfoByCommId] not support.
[2026-06-11 15:36:28.694438][pid:26917][WARNING][/home/crx/code/hccl_three_sequence_rs/hccl_2039/test/st/algorithm/utils/src/hccl_proxy/hccl_profiling_dfx_stub.cc:91] [26922][HcommProfilingReportKernelStartTask] not support.
[2026-06-11 15:36:28.694441][pid:26917][DEBUG][/home/crx/code/hccl_three_sequence_rs/hccl_2039/src/ops/op_common/template/aicpu/kernel_launch.cc:391] [26922][HcclLaunchAicpuKernel]Notify wait on thread[130831280606032], maxNotifyNum[0], timeout[1800]
[2026-06-11 15:36:28.694483][pid:26917][DEBUG][coll_alg_v2_exec_registry.cc:40] [26922][CollAlgExecRegistryV2][GetAlgExec]get executor by algName[InsReduceScatterNHR].
[2026-06-11 15:36:28.694549][pid:26917][INFO][exec_timeout_manager.cc:18] [26922][ExecTimeoutManager] Initialized with default timeout: 1800 seconds
[2026-06-11 15:36:28.694556][pid:26917][INFO][exec_timeout_manager.cc:33] [26922][ExecTimeoutManager] Setting exec timeout to: 1800 seconds
[2026-06-11 15:36:28.694567][pid:26917][INFO][ins_v2_reduce_scatter_sole_executor.cc:65] [26922][InsV2ReduceScatterSoleExecutor][Orchestrate] Orchestrate Start
[2026-06-11 15:36:28.694571][pid:26917][INFO][executor_v2_base.cc:35] [26922]algHierarchyInfo.infos.size [1]
[2026-06-11 15:36:28.694573][pid:26917][INFO][executor_v2_base.cc:39] [26922]remoteRank [0]
[2026-06-11 15:36:28.694576][pid:26917][INFO][executor_v2_base.cc:39] [26922]remoteRank [2]
[2026-06-11 15:36:28.694578][pid:26917][INFO][executor_v2_base.cc:39] [26922]remoteRank [3]
[2026-06-11 15:36:28.694582][pid:26917][INFO][ins_v2_reduce_scatter_sole_executor.cc:92] [26922][InsV2ReduceScatterSoleExecutor][OrchestrateLoop] Start
[2026-06-11 15:36:28.694587][pid:26917][INFO][ins_temp_reduce_scatter_nhr.cc:353] [26922][InsTempReduceScatterNHR][CalcScratchMultiple] templateScratchMultiplier[4]
[2026-06-11 15:36:28.694590][pid:26917][INFO][ins_v2_reduce_scatter_sole_executor.cc:131] [26922][InsV2ReduceScatterSoleExecutor]maxTmpMemSize_ [208666624]
[2026-06-11 15:36:28.694593][pid:26917][INFO][ins_v2_reduce_scatter_sole_executor.cc:140] [26922][InsV2ReduceScatterSoleExecutor][OrchestrateOpbase] maxDataCountPerLoop[52166656], maxDataSizePerLoop[52166656], transportBoundDataSize[208666624], templateScratchMultiplier[4]
[2026-06-11 15:36:28.694596][pid:26917][INFO][ins_v2_reduce_scatter_sole_executor.cc:163] [26922][InsV2ReduceScatterSoleExecutor] loop [0] tempAlgParams.inputSliceStride [1],tempAlgParams.outputSliceStride [0] tempAlgParams.sliceSize [1]
[2026-06-11 15:36:28.694598][pid:26917][INFO][ins_v2_reduce_scatter_sole_executor.cc:166] [26922][InsV2ReduceScatterSoleExecutor] loop [0] tempAlgParams.buffInfo.inBuffBaseOff [0],tempAlgParams.buffInfo.outBuffBaseOff [0]
[2026-06-11 15:36:28.694601][pid:26917][INFO][ins_temp_reduce_scatter_nhr.cc:73] [26922][InsTempReduceScatterNHR] GenExtIns start
[2026-06-11 15:36:28.694626][pid:26917][DEBUG][alg_v2_template_base.cc:99] [26922][IsPcieProtocol] the protocol of channel is Non-PCIE
[2026-06-11 15:36:28.694630][pid:26917][DEBUG][ins_temp_reduce_scatter_nhr.cc:88] [26922][InsTempReduceScatterNHR] Use Dma Read[0]
[2026-06-11 15:36:28.694632][pid:26917][INFO][ins_temp_reduce_scatter_nhr.cc:92] [26922][InsTempReduceScatterNHR] Skip step0 tx pre-copy enabled
[2026-06-11 15:36:28.694638][pid:26917][INFO][template_utils.cc:53] [26922][CalcDataSplitByPortGroup] ch.portGroupSize[1], totalPorts[1], channelsPerRank[1]
[2026-06-11 15:36:28.694655][pid:26917][INFO][template_utils.cc:53] [26922][CalcDataSplitByPortGroup] ch.portGroupSize[1], totalPorts[1], channelsPerRank[1]
[2026-06-11 15:36:28.694660][pid:26917][DEBUG][template_utils.cc:29] [26922][NHRBase][GetStepNumInterServer] rankSize[4] nSteps[2]
[2026-06-11 15:36:28.694664][pid:26917][DEBUG][ins_temp_reduce_scatter_nhr.cc:399] [26922][InsTempReduceScatterNHR][GetStepInfoList] i[0] txSliceIdx[0] rxSliceIdx[1]
[2026-06-11 15:36:28.694666][pid:26917][DEBUG][ins_temp_reduce_scatter_nhr.cc:399] [26922][InsTempReduceScatterNHR][GetStepInfoList] i[1] txSliceIdx[2] rxSliceIdx[3]
[2026-06-11 15:36:28.694669][pid:26917][DEBUG][ins_temp_reduce_scatter_nhr.cc:399] [26922][InsTempReduceScatterNHR][GetStepInfoList] i[0] txSliceIdx[3] rxSliceIdx[1]
[2026-06-11 15:36:28.694674][pid:26917][DEBUG][alg_data_trans_wrapper.cc:35] [26922][AlgDataTransWrapper][LocalCopy][LOCAL_COPY] sliceIdx[0], sliceNum[1], srcBase[0x40000000000], srcOffset[1], srcAddr[0x40000000001], srcSize[1], srcCount[0], dstBase[0x60000000000], dstOffset[1], dstAddr[0x60000000001], dstSize[1], dstCount[0], len[1], dataType[255], reduceOp[255].
[2026-06-11 15:36:28.694714][pid:26917][DEBUG][alg_data_trans_wrapper.cc:35] [26922][AlgDataTransWrapper][LocalCopy][LOCAL_COPY] sliceIdx[0], sliceNum[1], srcBase[0x40000000000], srcOffset[3], srcAddr[0x40000000003], srcSize[1], srcCount[0], dstBase[0x60000000000], dstOffset[3], dstAddr[0x60000000003], dstSize[1], dstCount[0], len[1], dataType[255], reduceOp[255].
[2026-06-11 15:36:28.694789][pid:26917][DEBUG][template_utils.cc:29] [26922][NHRBase][GetStepNumInterServer] rankSize[4] nSteps[2]
[2026-06-11 15:36:28.694797][pid:26917][DEBUG][ins_temp_reduce_scatter_nhr.cc:399] [26922][InsTempReduceScatterNHR][GetStepInfoList] i[0] txSliceIdx[0] rxSliceIdx[1]
[2026-06-11 15:36:28.694800][pid:26917][DEBUG][ins_temp_reduce_scatter_nhr.cc:399] [26922][InsTempReduceScatterNHR][GetStepInfoList] i[1] txSliceIdx[2] rxSliceIdx[3]
[2026-06-11 15:36:28.694803][pid:26917][DEBUG][ins_temp_reduce_scatter_nhr.cc:399] [26922][InsTempReduceScatterNHR][GetStepInfoList] i[0] txSliceIdx[3] rxSliceIdx[1]
[2026-06-11 15:36:28.694836][pid:26917][DEBUG][exec_timeout_manager.cc:39] [26922][ExecTimeoutManager] Getting exec timeout: 1800 seconds.
[2026-06-11 15:36:28.694868][pid:26917][DEBUG][alg_data_trans_wrapper.cc:35] [26922][AlgDataTransWrapper][SendRecvWriteReduce][WRITE_REDUCE] sliceIdx[0], sliceNum[2], srcBase[0x40000000000], srcOffset[0], srcAddr[0x40000000000], srcSize[1], srcCount[1], dstBase[0x30000000000], dstOffset[0], dstAddr[0x30000000000], dstSize[1], dstCount[1], len[1], dataType[0], reduceOp[2].
[2026-06-11 15:36:28.694895][pid:26917][DEBUG][alg_data_trans_wrapper.cc:35] [26922][AlgDataTransWrapper][SendRecvWriteReduce][WRITE_REDUCE] sliceIdx[1], sliceNum[2], srcBase[0x40000000000], srcOffset[2], srcAddr[0x40000000002], srcSize[1], srcCount[1], dstBase[0x30000000000], dstOffset[2], dstAddr[0x30000000002], dstSize[1], dstCount[1], len[1], dataType[0], reduceOp[2].
[2026-06-11 15:36:28.694914][pid:26917][DEBUG][exec_timeout_manager.cc:39] [26922][ExecTimeoutManager] Getting exec timeout: 1800 seconds.
[2026-06-11 15:36:28.694922][pid:26917][DEBUG][alg_data_trans_wrapper.cc:35] [26922][AlgDataTransWrapper][SendRecvWriteReduce][WRITE_REDUCE] sliceIdx[0], sliceNum[1], srcBase[0x60000000000], srcOffset[3], srcAddr[0x60000000003], srcSize[1], srcCount[1], dstBase[0xc0000000000], dstOffset[3], dstAddr[0xc0000000003], dstSize[1], dstCount[1], len[1], dataType[0], reduceOp[2].
[2026-06-11 15:36:28.694935][pid:26917][DEBUG][alg_data_trans_wrapper.cc:35] [26922][AlgDataTransWrapper][LocalCopy][LOCAL_COPY] sliceIdx[0], sliceNum[1], srcBase[0x60000000000], srcOffset[1], srcAddr[0x60000000001], srcSize[1], srcCount[0], dstBase[0x50000000000], dstOffset[0], dstAddr[0x50000000000], dstSize[1], dstCount[0], len[1], dataType[255], reduceOp[255].
[2026-06-11 15:36:28.694943][pid:26917][INFO][ins_v2_reduce_scatter_sole_executor.cc:184] [26922][InsV2ReduceScatterSoleExecutor][OrchestrateLoop] End.
[2026-06-11 15:36:28.694949][pid:26917][WARNING][/home/crx/code/hccl_three_sequence_rs/hccl_2039/test/st/algorithm/utils/src/hccl_proxy/hccl_profiling_dfx_stub.cc:97] [26922][HcommProfilingReportKernelEndTask] not support.
[2026-06-11 15:36:28.694953][pid:26917][DEBUG][/home/crx/code/hccl_three_sequence_rs/hccl_2039/src/ops/op_common/template/aicpu/kernel_launch.cc:418] [26922][HcclLaunchAicpuKernel]Notify record on srcThread[130831280606032], dstThread[130831280604944], notifyIdx[0]
[2026-06-11 15:36:28.694959][pid:26917][WARNING][/home/crx/code/hccl_three_sequence_rs/hccl_2039/test/st/algorithm/utils/src/hccl_proxy/hccl_profiling_dfx_stub.cc:86] [26922][HcommProfilingReportDeviceOp] not support.
[2026-06-11 15:36:28.694962][pid:26917][WARNING][/home/crx/code/hccl_three_sequence_rs/hccl_2039/test/st/algorithm/utils/src/hccl_proxy/hccl_stub.cc:757] [26922][HcommBatchModeEnd] not support.
[2026-06-11 15:36:28.694969][pid:26917][INFO][/home/crx/code/hccl_three_sequence_rs/hccl_2039/src/ops/op_common/template/aicpu/kernel_launch.cc:536] [26922]HcclLaunchAicpuKernel success, tag[ReduceScatter_hccl_world_group], algTag[ReduceScatter_hccl_world_group_InsReduceScatterNHR_device], commName[hccl_world_group]
[2026-06-11 15:36:28.694974][pid:26917][WARNING][/home/crx/code/hccl_three_sequence_rs/hccl_2039/test/st/algorithm/utils/src/hccl_proxy/hccl_profiling_dfx_stub.cc:74] [26922][HcclReportAicpuKernel] not support.
[2026-06-11 15:36:28.695036][pid:26917][WARNING][/home/crx/code/hccl_three_sequence_rs/hccl_2039/test/st/algorithm/utils/src/hccl_proxy/hccl_profiling_dfx_stub.cc:80] [26922][HcclProfilingReportOp] not support.
[2026-06-11 15:36:28.695043][pid:26917][INFO][op_common.cc:619] [26922]Execute HcclExecOp success.
[2026-06-11 15:36:28.695048][pid:26917][INFO][reduce_scatter_op.cc:199] [26922]Execute ReduceScatterOutPlace success.
[2026-06-11 15:36:28.793630][pid:26917][INFO][op_common.cc:1406] [26924][HcclGetChannelImpl]remoteRank[0] protocol[4] remoteCclBufferAddr[0x30000000000] remoteCclBufferSize[209715200]
[2026-06-11 15:36:28.793676][pid:26917][INFO][op_common.cc:1406] [26924][HcclGetChannelImpl]remoteRank[1] protocol[4] remoteCclBufferAddr[0x60000000000] remoteCclBufferSize[209715200]
[2026-06-11 15:36:28.793683][pid:26917][INFO][op_common.cc:1406] [26924][HcclGetChannelImpl]remoteRank[2] protocol[4] remoteCclBufferAddr[0x90000000000] remoteCclBufferSize[209715200]
[2026-06-11 15:36:28.793686][pid:26917][INFO][op_common.cc:1361] [26924][HcclGetChannelImpl] channelRequest is empty
[2026-06-11 15:36:28.793630][pid:26917][INFO][op_common.cc:1406] [26923][HcclGetChannelImpl]remoteRank[0] protocol[4] remoteCclBufferAddr[0x30000000000] remoteCclBufferSize[209715200]
[2026-06-11 15:36:28.793723][pid:26917][INFO][op_common.cc:1406] [26923][HcclGetChannelImpl]remoteRank[1] protocol[4] remoteCclBufferAddr[0x60000000000] remoteCclBufferSize[209715200]
[2026-06-11 15:36:28.793727][pid:26917][INFO][op_common.cc:1406] [26923][HcclGetChannelImpl]remoteRank[3] protocol[4] remoteCclBufferAddr[0xc0000000000] remoteCclBufferSize[209715200]
[2026-06-11 15:36:28.793730][pid:26917][INFO][op_common.cc:1361] [26923][HcclGetChannelImpl] channelRequest is empty
[2026-06-11 15:36:28.793731][pid:26917][INFO][/home/crx/code/hccl_three_sequence_rs/hccl_2039/test/st/algorithm/utils/src/hccl_proxy/communicator/sim_context_manager.cc:59] [26924][CreateCommEngineCtx] create context success, tag[ReduceScatter_hccl_world_group_InsReduceScatterNHR_device], engine[3]
[2026-06-11 15:36:28.793738][pid:26917][INFO][/home/crx/code/hccl_three_sequence_rs/hccl_2039/test/st/algorithm/utils/src/hccl_proxy/communicator/sim_context_manager.cc:80] [26924][GetCommEngineCtx] get context success, tag[ReduceScatter_hccl_world_group_InsReduceScatterNHR_device], engine[3]
[2026-06-11 15:36:28.793742][pid:26917][INFO][op_common.cc:1154] [26924]Memcpy hostCtx to device success.
[2026-06-11 15:36:28.793744][pid:26917][INFO][op_common.cc:1138] [26924]Execute GetAlgResAICPU success.
[2026-06-11 15:36:28.793749][pid:26917][INFO][op_common.cc:900] [26924][HcclGetAlgRes] engine[3], algTag[ReduceScatter_hccl_world_group_InsReduceScatterNHR_device], resource allocated: thread num[1], channel num per level[level0[3]], ccu kernel num[0].
[2026-06-11 15:36:28.793754][pid:26917][INFO][op_common.cc:184] [26924][GetHcclDfxOpInfoDataType]tag[ReduceScatter_hccl_world_group], dataType[0], opType[7]
[2026-06-11 15:36:28.793755][pid:26917][INFO][/home/crx/code/hccl_three_sequence_rs/hccl_2039/test/st/algorithm/utils/src/hccl_proxy/communicator/sim_context_manager.cc:59] [26923][CreateCommEngineCtx] create context success, tag[ReduceScatter_hccl_world_group_InsReduceScatterNHR_device], engine[3]
[2026-06-11 15:36:28.793758][pid:26917][INFO][/home/crx/code/hccl_three_sequence_rs/hccl_2039/test/st/algorithm/utils/src/hccl_proxy/hccl_stub.cc:168] [26924][HcclGetRankSize] rankSize: 4
[2026-06-11 15:36:28.793761][pid:26917][INFO][op_common.cc:161] [26924][GetHcclDfxOpInfoDataCount]tag[ReduceScatter_hccl_world_group], sendCount[1], opType[7], rankSize[4]
[2026-06-11 15:36:28.793762][pid:26917][INFO][/home/crx/code/hccl_three_sequence_rs/hccl_2039/test/st/algorithm/utils/src/hccl_proxy/communicator/sim_context_manager.cc:80] [26923][GetCommEngineCtx] get context success, tag[ReduceScatter_hccl_world_group_InsReduceScatterNHR_device], engine[3]
[2026-06-11 15:36:28.793773][pid:26917][INFO][op_common.cc:1154] [26923]Memcpy hostCtx to device success.
[2026-06-11 15:36:28.793862][pid:26917][INFO][op_common.cc:1138] [26923]Execute GetAlgResAICPU success.
[2026-06-11 15:36:28.793768][pid:26917][INFO][op_common.cc:321] [26924][ConstructHcclDfxOpInfo]HcclDfxOpInfo param: algTag[ReduceScatter_hccl_world_group_InsReduceScatterNHR_device], opMode[1], opType[7], reduceOp[2], dataType[0], dataCount[1], root[4294967295], engine[3], inputMemAddr[0xa0000000000], inputMemSize[4], outputMemAddr[0xb0000000000], outputMemSize[1], cpuTsThread[0x130830877951952], cpuWaitAicpuNotifyIdx[0]
[2026-06-11 15:36:28.793870][pid:26917][INFO][op_common.cc:900] [26923][HcclGetAlgRes] engine[3], algTag[ReduceScatter_hccl_world_group_InsReduceScatterNHR_device], resource allocated: thread num[1], channel num per level[level0[3]], ccu kernel num[0].
[2026-06-11 15:36:28.793875][pid:26917][INFO][op_common.cc:184] [26923][GetHcclDfxOpInfoDataType]tag[ReduceScatter_hccl_world_group], dataType[0], opType[7]
[2026-06-11 15:36:28.793876][pid:26917][WARNING][/home/crx/code/hccl_three_sequence_rs/hccl_2039/test/st/algorithm/utils/src/hccl_proxy/hccl_profiling_dfx_stub.cc:62] [26924][HcclDfxRegOpInfoByCommId] not support.
[2026-06-11 15:36:28.793878][pid:26917][INFO][/home/crx/code/hccl_three_sequence_rs/hccl_2039/test/st/algorithm/utils/src/hccl_proxy/hccl_stub.cc:168] [26923][HcclGetRankSize] rankSize: 4
[2026-06-11 15:36:28.793912][pid:26917][INFO][/home/crx/code/hccl_three_sequence_rs/hccl_2039/test/st/algorithm/utils/src/hccl_proxy/communicator/sim_context_manager.cc:80] [26924][GetCommEngineCtx] get context success, tag[ReduceScatter_hccl_world_group_InsReduceScatterNHR_device], engine[1]
[2026-06-11 15:36:28.793916][pid:26917][INFO][op_common.cc:161] [26923][GetHcclDfxOpInfoDataCount]tag[ReduceScatter_hccl_world_group], sendCount[1], opType[7], rankSize[4]
[2026-06-11 15:36:28.793920][pid:26917][INFO][op_common.cc:1322] [26924][GetMainThreadInfo]threadPtr[0x76fd70018e80], thread[130830877953040], notifyNumPtr[0x76fd70018e88], notifyNum[1]
[2026-06-11 15:36:28.793922][pid:26917][INFO][op_common.cc:321] [26923][ConstructHcclDfxOpInfo]HcclDfxOpInfo param: algTag[ReduceScatter_hccl_world_group_InsReduceScatterNHR_device], opMode[1], opType[7], reduceOp[2], dataType[0], dataCount[1], root[4294967295], engine[3], inputMemAddr[0x70000000000], inputMemSize[4], outputMemAddr[0x80000000000], outputMemSize[1], cpuTsThread[0x130831012169488], cpuWaitAicpuNotifyIdx[0]
[2026-06-11 15:36:28.793926][pid:26917][WARNING][/home/crx/code/hccl_three_sequence_rs/hccl_2039/test/st/algorithm/utils/src/hccl_proxy/hccl_profiling_dfx_stub.cc:62] [26923][HcclDfxRegOpInfoByCommId] not support.
[2026-06-11 15:36:28.793927][pid:26917][INFO][/home/crx/code/hccl_three_sequence_rs/hccl_2039/test/st/algorithm/utils/src/hccl_proxy/communicator/sim_context_manager.cc:80] [26924][GetCommEngineCtx] get context success, tag[ReduceScatter_hccl_world_group_InsReduceScatterNHR_device_unfold], engine[1]
[2026-06-11 15:36:28.793931][pid:26917][INFO][op_common.cc:1303] [26924][GetUnfoldThreadInfo]unfoldAlgTag[ReduceScatter_hccl_world_group_InsReduceScatterNHR_device_unfold], threadPtr[0x76fd70018e60], unfoldThread[130830877953808]
[2026-06-11 15:36:28.793934][pid:26917][INFO][op_common.cc:771] [26924][CaptureSlaveStreams]captureStatus is not active, captureStatus[0]
[2026-06-11 15:36:28.793940][pid:26917][DEBUG][op_common.cc:652] [26924][HcclAicpuKernelEntranceLaunch]start to run aicpu kernel
[2026-06-11 15:36:28.793935][pid:26917][INFO][/home/crx/code/hccl_three_sequence_rs/hccl_2039/test/st/algorithm/utils/src/hccl_proxy/communicator/sim_context_manager.cc:80] [26923][GetCommEngineCtx] get context success, tag[ReduceScatter_hccl_world_group_InsReduceScatterNHR_device], engine[1]
[2026-06-11 15:36:28.793948][pid:26917][INFO][op_common.cc:1322] [26923][GetMainThreadInfo]threadPtr[0x76fd7801b0c0], thread[130831012170576], notifyNumPtr[0x76fd7801b0c8], notifyNum[1]
[2026-06-11 15:36:28.793954][pid:26917][INFO][/home/crx/code/hccl_three_sequence_rs/hccl_2039/test/st/algorithm/utils/src/hccl_proxy/communicator/sim_context_manager.cc:80] [26923][GetCommEngineCtx] get context success, tag[ReduceScatter_hccl_world_group_InsReduceScatterNHR_device_unfold], engine[1]
[2026-06-11 15:36:28.793970][pid:26917][WARNING][/home/crx/code/hccl_three_sequence_rs/hccl_2039/test/st/algorithm/utils/src/hccl_proxy/aclrt_stub.cc:174] [26924][aclrtBinaryGetFunction] not support.
[2026-06-11 15:36:28.793968][pid:26917][INFO][op_common.cc:1406] [26921][HcclGetChannelImpl]remoteRank[1] protocol[4] remoteCclBufferAddr[0x60000000000] remoteCclBufferSize[209715200]
[2026-06-11 15:36:28.794025][pid:26917][WARNING][/home/crx/code/hccl_three_sequence_rs/hccl_2039/test/st/algorithm/utils/src/hccl_proxy/aclrt_stub.cc:229] [26924][aclrtKernelArgsFinalize] not support.
[2026-06-11 15:36:28.794019][pid:26917][INFO][op_common.cc:1303] [26923][GetUnfoldThreadInfo]unfoldAlgTag[ReduceScatter_hccl_world_group_InsReduceScatterNHR_device_unfold], threadPtr[0x76fd7801b040], unfoldThread[130831012180304]
[2026-06-11 15:36:28.794030][pid:26917][INFO][op_common.cc:714] [26924][AicpuKernelLaunch] unfoldThread [130830877953808]
[2026-06-11 15:36:28.794033][pid:26917][INFO][op_common.cc:1406] [26921][HcclGetChannelImpl]remoteRank[2] protocol[4] remoteCclBufferAddr[0x90000000000] remoteCclBufferSize[209715200]
[2026-06-11 15:36:28.794065][pid:26917][INFO][op_common.cc:1406] [26921][HcclGetChannelImpl]remoteRank[3] protocol[4] remoteCclBufferAddr[0xc0000000000] remoteCclBufferSize[209715200]
[2026-06-11 15:36:28.794071][pid:26917][INFO][op_common.cc:1361] [26921][HcclGetChannelImpl] channelRequest is empty
[2026-06-11 15:36:28.794095][pid:26917][INFO][/home/crx/code/hccl_three_sequence_rs/hccl_2039/test/st/algorithm/utils/src/hccl_proxy/communicator/sim_context_manager.cc:59] [26921][CreateCommEngineCtx] create context success, tag[ReduceScatter_hccl_world_group_InsReduceScatterNHR_device], engine[3]
[2026-06-11 15:36:28.794102][pid:26917][INFO][/home/crx/code/hccl_three_sequence_rs/hccl_2039/test/st/algorithm/utils/src/hccl_proxy/communicator/sim_context_manager.cc:80] [26921][GetCommEngineCtx] get context success, tag[ReduceScatter_hccl_world_group_InsReduceScatterNHR_device], engine[3]
[2026-06-11 15:36:28.794105][pid:26917][INFO][op_common.cc:1154] [26921]Memcpy hostCtx to device success.
[2026-06-11 15:36:28.794107][pid:26917][INFO][op_common.cc:1138] [26921]Execute GetAlgResAICPU success.
[2026-06-11 15:36:28.794035][pid:26917][INFO][op_common.cc:771] [26923][CaptureSlaveStreams]captureStatus is not active, captureStatus[0]
[2026-06-11 15:36:28.794111][pid:26917][INFO][op_common.cc:900] [26921][HcclGetAlgRes] engine[3], algTag[ReduceScatter_hccl_world_group_InsReduceScatterNHR_device], resource allocated: thread num[1], channel num per level[level0[3]], ccu kernel num[0].
[2026-06-11 15:36:28.794115][pid:26917][INFO][op_common.cc:184] [26921][GetHcclDfxOpInfoDataType]tag[ReduceScatter_hccl_world_group], dataType[0], opType[7]
[2026-06-11 15:36:28.794037][pid:26917][INFO][/home/crx/code/hccl_three_sequence_rs/hccl_2039/src/ops/op_common/template/aicpu/kernel_launch.cc:261] [26924]Entry-HcclLaunchAicpuKernel, commName[hccl_world_group], tag[ReduceScatter_hccl_world_group], algTag[ReduceScatter_hccl_world_group_InsReduceScatterNHR_device]
[2026-06-11 15:36:28.794115][pid:26917][DEBUG][op_common.cc:652] [26923][HcclAicpuKernelEntranceLaunch]start to run aicpu kernel
[2026-06-11 15:36:28.794121][pid:26917][INFO][/home/crx/code/hccl_three_sequence_rs/hccl_2039/test/st/algorithm/utils/src/hccl_proxy/hccl_stub.cc:168] [26921][HcclGetRankSize] rankSize: 4
[2026-06-11 15:36:28.794163][pid:26917][INFO][op_common.cc:161] [26921][GetHcclDfxOpInfoDataCount]tag[ReduceScatter_hccl_world_group], sendCount[1], opType[7], rankSize[4]
[2026-06-11 15:36:28.794164][pid:26917][WARNING][/home/crx/code/hccl_three_sequence_rs/hccl_2039/test/st/algorithm/utils/src/hccl_proxy/aclrt_stub.cc:174] [26923][aclrtBinaryGetFunction] not support.
[2026-06-11 15:36:28.794175][pid:26917][WARNING][/home/crx/code/hccl_three_sequence_rs/hccl_2039/test/st/algorithm/utils/src/hccl_proxy/aclrt_stub.cc:229] [26923][aclrtKernelArgsFinalize] not support.
[2026-06-11 15:36:28.794260][pid:26917][INFO][op_common.cc:714] [26923][AicpuKernelLaunch] unfoldThread [130831012180304]
[2026-06-11 15:36:28.794168][pid:26917][INFO][op_common.cc:321] [26921][ConstructHcclDfxOpInfo]HcclDfxOpInfo param: algTag[ReduceScatter_hccl_world_group_InsReduceScatterNHR_device], opMode[1], opType[7], reduceOp[2], dataType[0], dataCount[1], root[4294967295], engine[3], inputMemAddr[0x10000000000], inputMemSize[4], outputMemAddr[0x20000000000], outputMemSize[1], cpuTsThread[0x130831146387216], cpuWaitAicpuNotifyIdx[0]
[2026-06-11 15:36:28.794269][pid:26917][INFO][/home/crx/code/hccl_three_sequence_rs/hccl_2039/src/ops/op_common/template/aicpu/kernel_launch.cc:261] [26923]Entry-HcclLaunchAicpuKernel, commName[hccl_world_group], tag[ReduceScatter_hccl_world_group], algTag[ReduceScatter_hccl_world_group_InsReduceScatterNHR_device]
[2026-06-11 15:36:28.794295][pid:26917][WARNING][/home/crx/code/hccl_three_sequence_rs/hccl_2039/test/st/algorithm/utils/src/hccl_proxy/hccl_profiling_dfx_stub.cc:62] [26921][HcclDfxRegOpInfoByCommId] not support.
[2026-06-11 15:36:28.794315][pid:26917][INFO][/home/crx/code/hccl_three_sequence_rs/hccl_2039/test/st/algorithm/utils/src/hccl_proxy/communicator/sim_context_manager.cc:80] [26921][GetCommEngineCtx] get context success, tag[ReduceScatter_hccl_world_group_InsReduceScatterNHR_device], engine[1]
[2026-06-11 15:36:28.794319][pid:26917][INFO][/home/crx/code/hccl_three_sequence_rs/hccl_2039/src/ops/op_common/template/aicpu/kernel_launch.cc:335] [26923][HcclLaunchAicpuKernel] Cache MISS and stored for algTag[ReduceScatter_hccl_world_group_InsReduceScatterNHR_device]
[2026-06-11 15:36:28.794323][pid:26917][INFO][op_common.cc:1322] [26921][GetMainThreadInfo]threadPtr[0x76fd80018de0], thread[130831146388304], notifyNumPtr[0x76fd80018de8], notifyNum[1]
[2026-06-11 15:36:28.794326][pid:26917][WARNING][/home/crx/code/hccl_three_sequence_rs/hccl_2039/test/st/algorithm/utils/src/hccl_proxy/hccl_stub.cc:751] [26923][HcommBatchModeStart] not support.
[2026-06-11 15:36:28.794329][pid:26917][INFO][op_common.cc:184] [26923][GetHcclDfxOpInfoDataType]tag[ReduceScatter_hccl_world_group], dataType[0], opType[7]
[2026-06-11 15:36:28.794333][pid:26917][INFO][/home/crx/code/hccl_three_sequence_rs/hccl_2039/test/st/algorithm/utils/src/hccl_proxy/communicator/sim_context_manager.cc:80] [26921][GetCommEngineCtx] get context success, tag[ReduceScatter_hccl_world_group_InsReduceScatterNHR_device_unfold], engine[1]
[2026-06-11 15:36:28.794220][pid:26917][INFO][/home/crx/code/hccl_three_sequence_rs/hccl_2039/src/ops/op_common/template/aicpu/kernel_launch.cc:335] [26924][HcclLaunchAicpuKernel] Cache MISS and stored for algTag[ReduceScatter_hccl_world_group_InsReduceScatterNHR_device]
[2026-06-11 15:36:28.794355][pid:26917][WARNING][/home/crx/code/hccl_three_sequence_rs/hccl_2039/test/st/algorithm/utils/src/hccl_proxy/hccl_stub.cc:751] [26924][HcommBatchModeStart] not support.
[2026-06-11 07:36:28.794341][pid:26917][INFO][op_common.cc:1303] [26921][GetUnfoldThreadInfo]unfoldAlgTag[ReduceScatter_hccl_world_group_InsReduceScatterNHR_device_unfold], threadPtr[0x76fd80018dc0], unfoldThread[130831146389104]
[2026-06-11 15:36:28.794369][pid:26917][INFO][op_common.cc:184] [26924][GetHcclDfxOpInfoDataType]tag[ReduceScatter_hccl_world_group], dataType[0], opType[7]
[2026-06-11 15:36:28.794334][pid:26917][INFO][/home/crx/code/hccl_three_sequence_rs/hccl_2039/src/ops/op_common/template/aicpu/dfx/task_exception_fun.cc:99] [26923][ConvertToHcclDfxOpInfo]HcclDfxOpInfo param: algTag[ReduceScatter_hccl_world_group_InsReduceScatterNHR_device], opMode[1], opType[7], reduceOp[2], dataType[0], dataCount[1],root[4294967295], engine[3], cpuTsThread[2013366032], cpuWaitAicpuNotifyIdx[0], inputMemAddr[0x70000000000], inputMemSize[4], outputMemAddr[0x80000000000], outputMemSize[1]
[2026-06-11 15:36:28.794380][pid:26917][INFO][/home/crx/code/hccl_three_sequence_rs/hccl_2039/src/ops/op_common/template/aicpu/dfx/task_exception_fun.cc:99] [26924][ConvertToHcclDfxOpInfo]HcclDfxOpInfo param: algTag[ReduceScatter_hccl_world_group_InsReduceScatterNHR_device], opMode[1], opType[7], reduceOp[2], dataType[0], dataCount[1],root[4294967295], engine[3], cpuTsThread[1879148496], cpuWaitAicpuNotifyIdx[0], inputMemAddr[0xa0000000000], inputMemSize[4], outputMemAddr[0xb0000000000], outputMemSize[1]
[2026-06-11 15:36:28.794389][pid:26917][WARNING][/home/crx/code/hccl_three_sequence_rs/hccl_2039/test/st/algorithm/utils/src/hccl_proxy/hccl_profiling_dfx_stub.cc:62] [26923][HcclDfxRegOpInfoByCommId] not support.
[2026-06-11 15:36:28.794371][pid:26917][INFO][op_common.cc:771] [26921][CaptureSlaveStreams]captureStatus is not active, captureStatus[0]
[2026-06-11 15:36:28.794501][pid:26917][DEBUG][op_common.cc:652] [26921][HcclAicpuKernelEntranceLaunch]start to run aicpu kernel
[2026-06-11 15:36:28.794490][pid:26917][WARNING][/home/crx/code/hccl_three_sequence_rs/hccl_2039/test/st/algorithm/utils/src/hccl_proxy/hccl_profiling_dfx_stub.cc:62] [26924][HcclDfxRegOpInfoByCommId] not support.
[2026-06-11 15:36:28.794515][pid:26917][WARNING][/home/crx/code/hccl_three_sequence_rs/hccl_2039/test/st/algorithm/utils/src/hccl_proxy/hccl_profiling_dfx_stub.cc:91] [26924][HcommProfilingReportKernelStartTask] not support.
[2026-06-11 15:36:28.794490][pid:26917][WARNING][/home/crx/code/hccl_three_sequence_rs/hccl_2039/test/st/algorithm/utils/src/hccl_proxy/hccl_profiling_dfx_stub.cc:91] [26923][HcommProfilingReportKernelStartTask] not support.
[2026-06-11 15:36:28.794549][pid:26917][DEBUG][/home/crx/code/hccl_three_sequence_rs/hccl_2039/src/ops/op_common/template/aicpu/kernel_launch.cc:391] [26923][HcclLaunchAicpuKernel]Notify wait on thread[130831012170576], maxNotifyNum[0], timeout[1800]
[2026-06-11 15:36:28.794588][pid:26917][DEBUG][coll_alg_v2_exec_registry.cc:40] [26923][CollAlgExecRegistryV2][GetAlgExec]get executor by algName[InsReduceScatterNHR].
[2026-06-11 15:36:28.794522][pid:26917][DEBUG][/home/crx/code/hccl_three_sequence_rs/hccl_2039/src/ops/op_common/template/aicpu/kernel_launch.cc:391] [26924][HcclLaunchAicpuKernel]Notify wait on thread[130830877953040], maxNotifyNum[0], timeout[1800]
[2026-06-11 15:36:28.794602][pid:26917][INFO][exec_timeout_manager.cc:33] [26923][ExecTimeoutManager] Setting exec timeout to: 1800 seconds
[2026-06-11 15:36:28.794607][pid:26917][INFO][ins_v2_reduce_scatter_sole_executor.cc:65] [26923][InsV2ReduceScatterSoleExecutor][Orchestrate] Orchestrate Start
[2026-06-11 15:36:28.794610][pid:26917][INFO][executor_v2_base.cc:35] [26923]algHierarchyInfo.infos.size [1]
[2026-06-11 15:36:28.794613][pid:26917][INFO][executor_v2_base.cc:39] [26923]remoteRank [0]
[2026-06-11 15:36:28.794616][pid:26917][INFO][executor_v2_base.cc:39] [26923]remoteRank [1]
[2026-06-11 15:36:28.794618][pid:26917][INFO][executor_v2_base.cc:39] [26923]remoteRank [3]
[2026-06-11 15:36:28.794620][pid:26917][DEBUG][coll_alg_v2_exec_registry.cc:40] [26924][CollAlgExecRegistryV2][GetAlgExec]get executor by algName[InsReduceScatterNHR].
[2026-06-11 15:36:28.794650][pid:26917][INFO][exec_timeout_manager.cc:33] [26924][ExecTimeoutManager] Setting exec timeout to: 1800 seconds
[2026-06-11 15:36:28.794656][pid:26917][INFO][ins_v2_reduce_scatter_sole_executor.cc:65] [26924][InsV2ReduceScatterSoleExecutor][Orchestrate] Orchestrate Start
[2026-06-11 15:36:28.794660][pid:26917][INFO][executor_v2_base.cc:35] [26924]algHierarchyInfo.infos.size [1]
[2026-06-11 15:36:28.794522][pid:26917][WARNING][/home/crx/code/hccl_three_sequence_rs/hccl_2039/test/st/algorithm/utils/src/hccl_proxy/aclrt_stub.cc:174] [26921][aclrtBinaryGetFunction] not support.
[2026-06-11 15:36:28.794689][pid:26917][WARNING][/home/crx/code/hccl_three_sequence_rs/hccl_2039/test/st/algorithm/utils/src/hccl_proxy/aclrt_stub.cc:229] [26921][aclrtKernelArgsFinalize] not support.
[2026-06-11 15:36:28.794621][pid:26917][INFO][ins_v2_reduce_scatter_sole_executor.cc:92] [26923][InsV2ReduceScatterSoleExecutor][OrchestrateLoop] Start
[2026-06-11 15:36:28.794730][pid:26917][INFO][ins_temp_reduce_scatter_nhr.cc:353] [26923][InsTempReduceScatterNHR][CalcScratchMultiple] templateScratchMultiplier[4]
[2026-06-11 15:36:28.794697][pid:26917][INFO][op_common.cc:714] [26921][AicpuKernelLaunch] unfoldThread [130831146389104]
[2026-06-11 15:36:28.794801][pid:26917][INFO][/home/crx/code/hccl_three_sequence_rs/hccl_2039/src/ops/op_common/template/aicpu/kernel_launch.cc:261] [26921]Entry-HcclLaunchAicpuKernel, commName[hccl_world_group], tag[ReduceScatter_hccl_world_group], algTag[ReduceScatter_hccl_world_group_InsReduceScatterNHR_device]
[2026-06-11 15:36:28.794805][pid:26917][INFO][ins_v2_reduce_scatter_sole_executor.cc:131] [26923][InsV2ReduceScatterSoleExecutor]maxTmpMemSize_ [208666624]
[2026-06-11 15:36:28.794662][pid:26917][INFO][executor_v2_base.cc:39] [26924]remoteRank [0]
[2026-06-11 15:36:28.794813][pid:26917][INFO][ins_v2_reduce_scatter_sole_executor.cc:140] [26923][InsV2ReduceScatterSoleExecutor][OrchestrateOpbase] maxDataCountPerLoop[52166656], maxDataSizePerLoop[52166656], transportBoundDataSize[208666624], templateScratchMultiplier[4]
[2026-06-11 15:36:28.794816][pid:26917][INFO][ins_v2_reduce_scatter_sole_executor.cc:163] [26923][InsV2ReduceScatterSoleExecutor] loop [0] tempAlgParams.inputSliceStride [1],tempAlgParams.outputSliceStride [0] tempAlgParams.sliceSize [1]
[2026-06-11 15:36:28.794818][pid:26917][INFO][executor_v2_base.cc:39] [26924]remoteRank [1]
[2026-06-11 15:36:28.794850][pid:26917][INFO][executor_v2_base.cc:39] [26924]remoteRank [2]
[2026-06-11 15:36:28.794819][pid:26917][INFO][ins_v2_reduce_scatter_sole_executor.cc:166] [26923][InsV2ReduceScatterSoleExecutor] loop [0] tempAlgParams.buffInfo.inBuffBaseOff [0],tempAlgParams.buffInfo.outBuffBaseOff [0]
[2026-06-11 15:36:28.794889][pid:26917][INFO][ins_temp_reduce_scatter_nhr.cc:73] [26923][InsTempReduceScatterNHR] GenExtIns start
[2026-06-11 15:36:28.794920][pid:26917][DEBUG][alg_v2_template_base.cc:99] [26923][IsPcieProtocol] the protocol of channel is Non-PCIE
[2026-06-11 15:36:28.794927][pid:26917][DEBUG][ins_temp_reduce_scatter_nhr.cc:88] [26923][InsTempReduceScatterNHR] Use Dma Read[0]
[2026-06-11 15:36:28.794930][pid:26917][INFO][ins_temp_reduce_scatter_nhr.cc:92] [26923][InsTempReduceScatterNHR] Skip step0 tx pre-copy enabled
[2026-06-11 15:36:28.794936][pid:26917][INFO][template_utils.cc:53] [26923][CalcDataSplitByPortGroup] ch.portGroupSize[1], totalPorts[1], channelsPerRank[1]
[2026-06-11 15:36:28.794944][pid:26917][INFO][template_utils.cc:53] [26923][CalcDataSplitByPortGroup] ch.portGroupSize[1], totalPorts[1], channelsPerRank[1]
[2026-06-11 15:36:28.794949][pid:26917][DEBUG][template_utils.cc:29] [26923][NHRBase][GetStepNumInterServer] rankSize[4] nSteps[2]
[2026-06-11 15:36:28.794953][pid:26917][DEBUG][ins_temp_reduce_scatter_nhr.cc:399] [26923][InsTempReduceScatterNHR][GetStepInfoList] i[0] txSliceIdx[1] rxSliceIdx[2]
[2026-06-11 15:36:28.794861][pid:26917][INFO][/home/crx/code/hccl_three_sequence_rs/hccl_2039/src/ops/op_common/template/aicpu/kernel_launch.cc:335] [26921][HcclLaunchAicpuKernel] Cache MISS and stored for algTag[ReduceScatter_hccl_world_group_InsReduceScatterNHR_device]
[2026-06-11 15:36:28.794989][pid:26917][WARNING][/home/crx/code/hccl_three_sequence_rs/hccl_2039/test/st/algorithm/utils/src/hccl_proxy/hccl_stub.cc:751] [26921][HcommBatchModeStart] not support.
[2026-06-11 15:36:28.794996][pid:26917][INFO][op_common.cc:184] [26921][GetHcclDfxOpInfoDataType]tag[ReduceScatter_hccl_world_group], dataType[0], opType[7]
[2026-06-11 15:36:28.795001][pid:26917][INFO][/home/crx/code/hccl_three_sequence_rs/hccl_2039/src/ops/op_common/template/aicpu/dfx/task_exception_fun.cc:99] [26921][ConvertToHcclDfxOpInfo]HcclDfxOpInfo param: algTag[ReduceScatter_hccl_world_group_InsReduceScatterNHR_device], opMode[1], opType[7], reduceOp[2], dataType[0], dataCount[1],root[4294967295], engine[3], cpuTsThread[2147583760], cpuWaitAicpuNotifyIdx[0], inputMemAddr[0x10000000000], inputMemSize[4], outputMemAddr[0x20000000000], outputMemSize[1]
[2026-06-11 15:36:28.795004][pid:26917][WARNING][/home/crx/code/hccl_three_sequence_rs/hccl_2039/test/st/algorithm/utils/src/hccl_proxy/hccl_profiling_dfx_stub.cc:62] [26921][HcclDfxRegOpInfoByCommId] not support.
[2026-06-11 15:36:28.794956][pid:26917][DEBUG][ins_temp_reduce_scatter_nhr.cc:399] [26923][InsTempReduceScatterNHR][GetStepInfoList] i[1] txSliceIdx[3] rxSliceIdx[0]
[2026-06-11 15:36:28.795073][pid:26917][WARNING][/home/crx/code/hccl_three_sequence_rs/hccl_2039/test/st/algorithm/utils/src/hccl_proxy/hccl_profiling_dfx_stub.cc:91] [26921][HcommProfilingReportKernelStartTask] not support.
[2026-06-11 15:36:28.795078][pid:26917][DEBUG][ins_temp_reduce_scatter_nhr.cc:399] [26923][InsTempReduceScatterNHR][GetStepInfoList] i[0] txSliceIdx[0] rxSliceIdx[2]
[2026-06-11 15:36:28.795081][pid:26917][DEBUG][/home/crx/code/hccl_three_sequence_rs/hccl_2039/src/ops/op_common/template/aicpu/kernel_launch.cc:391] [26921][HcclLaunchAicpuKernel]Notify wait on thread[130831146388304], maxNotifyNum[0], timeout[1800]
[2026-06-11 15:36:28.795086][pid:26917][DEBUG][alg_data_trans_wrapper.cc:35] [26923][AlgDataTransWrapper][LocalCopy][LOCAL_COPY] sliceIdx[0], sliceNum[1], srcBase[0x70000000000], srcOffset[0], srcAddr[0x70000000000], srcSize[1], srcCount[0], dstBase[0x90000000000], dstOffset[0], dstAddr[0x90000000000], dstSize[1], dstCount[0], len[1], dataType[255], reduceOp[255].
[2026-06-11 15:36:28.794858][pid:26917][INFO][ins_v2_reduce_scatter_sole_executor.cc:92] [26924][InsV2ReduceScatterSoleExecutor][OrchestrateLoop] Start
[2026-06-11 15:36:28.795097][pid:26917][DEBUG][coll_alg_v2_exec_registry.cc:40] [26921][CollAlgExecRegistryV2][GetAlgExec]get executor by algName[InsReduceScatterNHR].
[2026-06-11 15:36:28.795101][pid:26917][INFO][ins_temp_reduce_scatter_nhr.cc:353] [26924][InsTempReduceScatterNHR][CalcScratchMultiple] templateScratchMultiplier[4]
[2026-06-11 15:36:28.795135][pid:26917][INFO][ins_v2_reduce_scatter_sole_executor.cc:131] [26924][InsV2ReduceScatterSoleExecutor]maxTmpMemSize_ [208666624]
[2026-06-11 15:36:28.795165][pid:26917][INFO][ins_v2_reduce_scatter_sole_executor.cc:140] [26924][InsV2ReduceScatterSoleExecutor][OrchestrateOpbase] maxDataCountPerLoop[52166656], maxDataSizePerLoop[52166656], transportBoundDataSize[208666624], templateScratchMultiplier[4]
[2026-06-11 15:36:28.795190][pid:26917][INFO][ins_v2_reduce_scatter_sole_executor.cc:163] [26924][InsV2ReduceScatterSoleExecutor] loop [0] tempAlgParams.inputSliceStride [1],tempAlgParams.outputSliceStride [0] tempAlgParams.sliceSize [1]
[2026-06-11 15:36:28.795105][pid:26917][DEBUG][alg_data_trans_wrapper.cc:35] [26923][AlgDataTransWrapper][LocalCopy][LOCAL_COPY] sliceIdx[0], sliceNum[1], srcBase[0x70000000000], srcOffset[2], srcAddr[0x70000000002], srcSize[1], srcCount[0], dstBase[0x90000000000], dstOffset[2], dstAddr[0x90000000002], dstSize[1], dstCount[0], len[1], dataType[255], reduceOp[255].
[2026-06-11 15:36:28.795239][pid:26917][DEBUG][template_utils.cc:29] [26923][NHRBase][GetStepNumInterServer] rankSize[4] nSteps[2]
[2026-06-11 15:36:28.795246][pid:26917][DEBUG][ins_temp_reduce_scatter_nhr.cc:399] [26923][InsTempReduceScatterNHR][GetStepInfoList] i[0] txSliceIdx[1] rxSliceIdx[2]
[2026-06-11 07:36:28.795106][pid:26917][INFO][exec_timeout_manager.cc:33] [26921][ExecTimeoutManager] Setting exec timeout to: 1800 seconds
[2026-06-11 15:36:28.795249][pid:26917][DEBUG][ins_temp_reduce_scatter_nhr.cc:399] [26923][InsTempReduceScatterNHR][GetStepInfoList] i[1] txSliceIdx[3] rxSliceIdx[0]
[2026-06-11 15:36:28.795252][pid:26917][DEBUG][ins_temp_reduce_scatter_nhr.cc:399] [26923][InsTempReduceScatterNHR][GetStepInfoList] i[0] txSliceIdx[0] rxSliceIdx[2]
[2026-06-11 15:36:28.795255][pid:26917][INFO][ins_v2_reduce_scatter_sole_executor.cc:65] [26921][InsV2ReduceScatterSoleExecutor][Orchestrate] Orchestrate Start
[2026-06-11 15:36:28.795262][pid:26917][INFO][executor_v2_base.cc:35] [26921]algHierarchyInfo.infos.size [1]
[2026-06-11 15:36:28.795264][pid:26917][DEBUG][exec_timeout_manager.cc:39] [26923][ExecTimeoutManager] Getting exec timeout: 1800 seconds.
[2026-06-11 15:36:28.795265][pid:26917][INFO][executor_v2_base.cc:39] [26921]remoteRank [1]
[2026-06-11 15:36:28.795273][pid:26917][INFO][executor_v2_base.cc:39] [26921]remoteRank [2]
[2026-06-11 15:36:28.795342][pid:26917][INFO][executor_v2_base.cc:39] [26921]remoteRank [3]
[2026-06-11 15:36:28.795350][pid:26917][INFO][ins_v2_reduce_scatter_sole_executor.cc:92] [26921][InsV2ReduceScatterSoleExecutor][OrchestrateLoop] Start
[2026-06-11 15:36:28.795355][pid:26917][INFO][ins_temp_reduce_scatter_nhr.cc:353] [26921][InsTempReduceScatterNHR][CalcScratchMultiple] templateScratchMultiplier[4]
[2026-06-11 15:36:28.795358][pid:26917][INFO][ins_v2_reduce_scatter_sole_executor.cc:131] [26921][InsV2ReduceScatterSoleExecutor]maxTmpMemSize_ [208666624]
[2026-06-11 15:36:28.795361][pid:26917][INFO][ins_v2_reduce_scatter_sole_executor.cc:140] [26921][InsV2ReduceScatterSoleExecutor][OrchestrateOpbase] maxDataCountPerLoop[52166656], maxDataSizePerLoop[52166656], transportBoundDataSize[208666624], templateScratchMultiplier[4]
[2026-06-11 15:36:28.795276][pid:26917][DEBUG][alg_data_trans_wrapper.cc:35] [26923][AlgDataTransWrapper][SendRecvWriteReduce][WRITE_REDUCE] sliceIdx[0], sliceNum[2], srcBase[0x70000000000], srcOffset[1], srcAddr[0x70000000001], srcSize[1], srcCount[1], dstBase[0x60000000000], dstOffset[1], dstAddr[0x60000000001], dstSize[1], dstCount[1], len[1], dataType[0], reduceOp[2].
[2026-06-11 15:36:28.795196][pid:26917][INFO][ins_v2_reduce_scatter_sole_executor.cc:166] [26924][InsV2ReduceScatterSoleExecutor] loop [0] tempAlgParams.buffInfo.inBuffBaseOff [0],tempAlgParams.buffInfo.outBuffBaseOff [0]
[2026-06-11 15:36:28.795401][pid:26917][DEBUG][alg_data_trans_wrapper.cc:35] [26923][AlgDataTransWrapper][SendRecvWriteReduce][WRITE_REDUCE] sliceIdx[1], sliceNum[2], srcBase[0x70000000000], srcOffset[3], srcAddr[0x70000000003], srcSize[1], srcCount[1], dstBase[0x60000000000], dstOffset[3], dstAddr[0x60000000003], dstSize[1], dstCount[1], len[1], dataType[0], reduceOp[2].
[2026-06-11 15:36:28.795364][pid:26917][INFO][ins_v2_reduce_scatter_sole_executor.cc:163] [26921][InsV2ReduceScatterSoleExecutor] loop [0] tempAlgParams.inputSliceStride [1],tempAlgParams.outputSliceStride [0] tempAlgParams.sliceSize [1]
[2026-06-11 15:36:28.795440][pid:26917][INFO][ins_v2_reduce_scatter_sole_executor.cc:166] [26921][InsV2ReduceScatterSoleExecutor] loop [0] tempAlgParams.buffInfo.inBuffBaseOff [0],tempAlgParams.buffInfo.outBuffBaseOff [0]
[2026-06-11 15:36:28.795426][pid:26917][INFO][ins_temp_reduce_scatter_nhr.cc:73] [26924][InsTempReduceScatterNHR] GenExtIns start
[2026-06-11 15:36:28.795449][pid:26917][INFO][ins_temp_reduce_scatter_nhr.cc:73] [26921][InsTempReduceScatterNHR] GenExtIns start
[2026-06-11 15:36:28.795456][pid:26917][DEBUG][alg_v2_template_base.cc:99] [26921][IsPcieProtocol] the protocol of channel is Non-PCIE
[2026-06-11 15:36:28.795463][pid:26917][DEBUG][ins_temp_reduce_scatter_nhr.cc:88] [26921][InsTempReduceScatterNHR] Use Dma Read[0]
[2026-06-11 15:36:28.795457][pid:26917][DEBUG][alg_v2_template_base.cc:99] [26924][IsPcieProtocol] the protocol of channel is Non-PCIE
[2026-06-11 15:36:28.795491][pid:26917][DEBUG][ins_temp_reduce_scatter_nhr.cc:88] [26924][InsTempReduceScatterNHR] Use Dma Read[0]
[2026-06-11 15:36:28.795513][pid:26917][INFO][ins_temp_reduce_scatter_nhr.cc:92] [26924][InsTempReduceScatterNHR] Skip step0 tx pre-copy enabled
[2026-06-11 15:36:28.795521][pid:26917][INFO][template_utils.cc:53] [26924][CalcDataSplitByPortGroup] ch.portGroupSize[1], totalPorts[1], channelsPerRank[1]
[2026-06-11 15:36:28.795528][pid:26917][INFO][template_utils.cc:53] [26924][CalcDataSplitByPortGroup] ch.portGroupSize[1], totalPorts[1], channelsPerRank[1]
[2026-06-11 15:36:28.795532][pid:26917][DEBUG][template_utils.cc:29] [26924][NHRBase][GetStepNumInterServer] rankSize[4] nSteps[2]
[2026-06-11 15:36:28.795536][pid:26917][DEBUG][ins_temp_reduce_scatter_nhr.cc:399] [26924][InsTempReduceScatterNHR][GetStepInfoList] i[0] txSliceIdx[2] rxSliceIdx[3]
[2026-06-11 15:36:28.795538][pid:26917][DEBUG][ins_temp_reduce_scatter_nhr.cc:399] [26924][InsTempReduceScatterNHR][GetStepInfoList] i[1] txSliceIdx[0] rxSliceIdx[1]
[2026-06-11 15:36:28.795541][pid:26917][DEBUG][ins_temp_reduce_scatter_nhr.cc:399] [26924][InsTempReduceScatterNHR][GetStepInfoList] i[0] txSliceIdx[1] rxSliceIdx[3]
[2026-06-11 15:36:28.795611][pid:26917][DEBUG][alg_data_trans_wrapper.cc:35] [26924][AlgDataTransWrapper][LocalCopy][LOCAL_COPY] sliceIdx[0], sliceNum[1], srcBase[0xa0000000000], srcOffset[1], srcAddr[0xa0000000001], srcSize[1], srcCount[0], dstBase[0xc0000000000], dstOffset[1], dstAddr[0xc0000000001], dstSize[1], dstCount[0], len[1], dataType[255], reduceOp[255].
[2026-06-11 15:36:28.795426][pid:26917][DEBUG][exec_timeout_manager.cc:39] [26923][ExecTimeoutManager] Getting exec timeout: 1800 seconds.
[2026-06-11 15:36:28.795634][pid:26917][DEBUG][alg_data_trans_wrapper.cc:35] [26924][AlgDataTransWrapper][LocalCopy][LOCAL_COPY] sliceIdx[0], sliceNum[1], srcBase[0xa0000000000], srcOffset[3], srcAddr[0xa0000000003], srcSize[1], srcCount[0], dstBase[0xc0000000000], dstOffset[3], dstAddr[0xc0000000003], dstSize[1], dstCount[0], len[1], dataType[255], reduceOp[255].
[2026-06-11 15:36:28.795644][pid:26917][DEBUG][template_utils.cc:29] [26924][NHRBase][GetStepNumInterServer] rankSize[4] nSteps[2]
[2026-06-11 15:36:28.795648][pid:26917][DEBUG][ins_temp_reduce_scatter_nhr.cc:399] [26924][InsTempReduceScatterNHR][GetStepInfoList] i[0] txSliceIdx[2] rxSliceIdx[3]
[2026-06-11 15:36:28.795650][pid:26917][DEBUG][ins_temp_reduce_scatter_nhr.cc:399] [26924][InsTempReduceScatterNHR][GetStepInfoList] i[1] txSliceIdx[0] rxSliceIdx[1]
[2026-06-11 15:36:28.795653][pid:26917][DEBUG][ins_temp_reduce_scatter_nhr.cc:399] [26924][InsTempReduceScatterNHR][GetStepInfoList] i[0] txSliceIdx[1] rxSliceIdx[3]
[2026-06-11 15:36:28.795467][pid:26917][INFO][ins_temp_reduce_scatter_nhr.cc:92] [26921][InsTempReduceScatterNHR] Skip step0 tx pre-copy enabled
[2026-06-11 15:36:28.795668][pid:26917][INFO][template_utils.cc:53] [26921][CalcDataSplitByPortGroup] ch.portGroupSize[1], totalPorts[1], channelsPerRank[1]
[2026-06-11 15:36:28.795680][pid:26917][INFO][template_utils.cc:53] [26921][CalcDataSplitByPortGroup] ch.portGroupSize[1], totalPorts[1], channelsPerRank[1]
[2026-06-11 15:36:28.795661][pid:26917][DEBUG][alg_data_trans_wrapper.cc:35] [26923][AlgDataTransWrapper][SendRecvWriteReduce][WRITE_REDUCE] sliceIdx[0], sliceNum[1], srcBase[0x90000000000], srcOffset[0], srcAddr[0x90000000000], srcSize[1], srcCount[1], dstBase[0x30000000000], dstOffset[0], dstAddr[0x30000000000], dstSize[1], dstCount[1], len[1], dataType[0], reduceOp[2].
[2026-06-11 15:36:28.795684][pid:26917][DEBUG][template_utils.cc:29] [26921][NHRBase][GetStepNumInterServer] rankSize[4] nSteps[2]
[2026-06-11 15:36:28.795695][pid:26917][DEBUG][ins_temp_reduce_scatter_nhr.cc:399] [26921][InsTempReduceScatterNHR][GetStepInfoList] i[0] txSliceIdx[3] rxSliceIdx[0]
[2026-06-11 15:36:28.795699][pid:26917][DEBUG][ins_temp_reduce_scatter_nhr.cc:399] [26921][InsTempReduceScatterNHR][GetStepInfoList] i[1] txSliceIdx[1] rxSliceIdx[2]
[2026-06-11 15:36:28.795711][pid:26917][DEBUG][alg_data_trans_wrapper.cc:35] [26923][AlgDataTransWrapper][LocalCopy][LOCAL_COPY] sliceIdx[0], sliceNum[1], srcBase[0x90000000000], srcOffset[2], srcAddr[0x90000000002], srcSize[1], srcCount[0], dstBase[0x80000000000], dstOffset[0], dstAddr[0x80000000000], dstSize[1], dstCount[0], len[1], dataType[255], reduceOp[255].
[2026-06-11 15:36:28.795722][pid:26917][INFO][ins_v2_reduce_scatter_sole_executor.cc:184] [26923][InsV2ReduceScatterSoleExecutor][OrchestrateLoop] End.
[2026-06-11 15:36:28.795662][pid:26917][DEBUG][exec_timeout_manager.cc:39] [26924][ExecTimeoutManager] Getting exec timeout: 1800 seconds.
[2026-06-11 15:36:28.795730][pid:26917][WARNING][/home/crx/code/hccl_three_sequence_rs/hccl_2039/test/st/algorithm/utils/src/hccl_proxy/hccl_profiling_dfx_stub.cc:97] [26923][HcommProfilingReportKernelEndTask] not support.
[2026-06-11 15:36:28.795733][pid:26917][DEBUG][/home/crx/code/hccl_three_sequence_rs/hccl_2039/src/ops/op_common/template/aicpu/kernel_launch.cc:418] [26923][HcclLaunchAicpuKernel]Notify record on srcThread[130831012170576], dstThread[130831012169488], notifyIdx[0]
[2026-06-11 15:36:28.795703][pid:26917][DEBUG][ins_temp_reduce_scatter_nhr.cc:399] [26921][InsTempReduceScatterNHR][GetStepInfoList] i[0] txSliceIdx[2] rxSliceIdx[0]
[2026-06-11 15:36:28.795749][pid:26917][DEBUG][alg_data_trans_wrapper.cc:35] [26924][AlgDataTransWrapper][SendRecvWriteReduce][WRITE_REDUCE] sliceIdx[0], sliceNum[2], srcBase[0xa0000000000], srcOffset[2], srcAddr[0xa0000000002], srcSize[1], srcCount[1], dstBase[0x90000000000], dstOffset[2], dstAddr[0x90000000002], dstSize[1], dstCount[1], len[1], dataType[0], reduceOp[2].
[2026-06-11 15:36:28.795740][pid:26917][WARNING][/home/crx/code/hccl_three_sequence_rs/hccl_2039/test/st/algorithm/utils/src/hccl_proxy/hccl_profiling_dfx_stub.cc:86] [26923][HcommProfilingReportDeviceOp] not support.
[2026-06-11 15:36:28.795840][pid:26917][DEBUG][alg_data_trans_wrapper.cc:35] [26924][AlgDataTransWrapper][SendRecvWriteReduce][WRITE_REDUCE] sliceIdx[1], sliceNum[2], srcBase[0xa0000000000], srcOffset[0], srcAddr[0xa0000000000], srcSize[1], srcCount[1], dstBase[0x90000000000], dstOffset[0], dstAddr[0x90000000000], dstSize[1], dstCount[1], len[1], dataType[0], reduceOp[2].
[2026-06-11 15:36:28.795864][pid:26917][DEBUG][exec_timeout_manager.cc:39] [26924][ExecTimeoutManager] Getting exec timeout: 1800 seconds.
[2026-06-11 15:36:28.795849][pid:26917][WARNING][/home/crx/code/hccl_three_sequence_rs/hccl_2039/test/st/algorithm/utils/src/hccl_proxy/hccl_stub.cc:757] [26923][HcommBatchModeEnd] not support.
[2026-06-11 15:36:28.795873][pid:26917][DEBUG][alg_data_trans_wrapper.cc:35] [26924][AlgDataTransWrapper][SendRecvWriteReduce][WRITE_REDUCE] sliceIdx[0], sliceNum[1], srcBase[0xc0000000000], srcOffset[1], srcAddr[0xc0000000001], srcSize[1], srcCount[1], dstBase[0x60000000000], dstOffset[1], dstAddr[0x60000000001], dstSize[1], dstCount[1], len[1], dataType[0], reduceOp[2].
[2026-06-11 15:36:28.795887][pid:26917][DEBUG][alg_data_trans_wrapper.cc:35] [26924][AlgDataTransWrapper][LocalCopy][LOCAL_COPY] sliceIdx[0], sliceNum[1], srcBase[0xc0000000000], srcOffset[3], srcAddr[0xc0000000003], srcSize[1], srcCount[0], dstBase[0xb0000000000], dstOffset[0], dstAddr[0xb0000000000], dstSize[1], dstCount[0], len[1], dataType[255], reduceOp[255].
[2026-06-11 15:36:28.795896][pid:26917][INFO][ins_v2_reduce_scatter_sole_executor.cc:184] [26924][InsV2ReduceScatterSoleExecutor][OrchestrateLoop] End.
[2026-06-11 15:36:28.795902][pid:26917][WARNING][/home/crx/code/hccl_three_sequence_rs/hccl_2039/test/st/algorithm/utils/src/hccl_proxy/hccl_profiling_dfx_stub.cc:97] [26924][HcommProfilingReportKernelEndTask] not support.
[2026-06-11 15:36:28.795905][pid:26917][DEBUG][/home/crx/code/hccl_three_sequence_rs/hccl_2039/src/ops/op_common/template/aicpu/kernel_launch.cc:418] [26924][HcclLaunchAicpuKernel]Notify record on srcThread[130830877953040], dstThread[130830877951952], notifyIdx[0]
[2026-06-11 15:36:28.795841][pid:26917][DEBUG][alg_data_trans_wrapper.cc:35] [26921][AlgDataTransWrapper][LocalCopy][LOCAL_COPY] sliceIdx[0], sliceNum[1], srcBase[0x10000000000], srcOffset[0], srcAddr[0x10000000000], srcSize[1], srcCount[0], dstBase[0x30000000000], dstOffset[0], dstAddr[0x30000000000], dstSize[1], dstCount[0], len[1], dataType[255], reduceOp[255].
[2026-06-11 15:36:28.795911][pid:26917][WARNING][/home/crx/code/hccl_three_sequence_rs/hccl_2039/test/st/algorithm/utils/src/hccl_proxy/hccl_profiling_dfx_stub.cc:86] [26924][HcommProfilingReportDeviceOp] not support.
[2026-06-11 15:36:28.795915][pid:26917][WARNING][/home/crx/code/hccl_three_sequence_rs/hccl_2039/test/st/algorithm/utils/src/hccl_proxy/hccl_stub.cc:757] [26924][HcommBatchModeEnd] not support.
[2026-06-11 15:36:28.795881][pid:26917][INFO][/home/crx/code/hccl_three_sequence_rs/hccl_2039/src/ops/op_common/template/aicpu/kernel_launch.cc:536] [26923]HcclLaunchAicpuKernel success, tag[ReduceScatter_hccl_world_group], algTag[ReduceScatter_hccl_world_group_InsReduceScatterNHR_device], commName[hccl_world_group]
[2026-06-11 15:36:28.795921][pid:26917][INFO][/home/crx/code/hccl_three_sequence_rs/hccl_2039/src/ops/op_common/template/aicpu/kernel_launch.cc:536] [26924]HcclLaunchAicpuKernel success, tag[ReduceScatter_hccl_world_group], algTag[ReduceScatter_hccl_world_group_InsReduceScatterNHR_device], commName[hccl_world_group]
[2026-06-11 15:36:28.795999][pid:26917][WARNING][/home/crx/code/hccl_three_sequence_rs/hccl_2039/test/st/algorithm/utils/src/hccl_proxy/hccl_profiling_dfx_stub.cc:74] [26924][HcclReportAicpuKernel] not support.
[2026-06-11 15:36:28.795930][pid:26917][DEBUG][alg_data_trans_wrapper.cc:35] [26921][AlgDataTransWrapper][LocalCopy][LOCAL_COPY] sliceIdx[0], sliceNum[1], srcBase[0x10000000000], srcOffset[2], srcAddr[0x10000000002], srcSize[1], srcCount[0], dstBase[0x30000000000], dstOffset[2], dstAddr[0x30000000002], dstSize[1], dstCount[0], len[1], dataType[255], reduceOp[255].
[2026-06-11 15:36:28.796015][pid:26917][WARNING][/home/crx/code/hccl_three_sequence_rs/hccl_2039/test/st/algorithm/utils/src/hccl_proxy/hccl_profiling_dfx_stub.cc:80] [26924][HcclProfilingReportOp] not support.
[2026-06-11 15:36:28.796019][pid:26917][INFO][op_common.cc:619] [26924]Execute HcclExecOp success.
[2026-06-11 15:36:28.796023][pid:26917][INFO][reduce_scatter_op.cc:199] [26924]Execute ReduceScatterOutPlace success.
[2026-06-11 15:36:28.795932][pid:26917][WARNING][/home/crx/code/hccl_three_sequence_rs/hccl_2039/test/st/algorithm/utils/src/hccl_proxy/hccl_profiling_dfx_stub.cc:74] [26923][HcclReportAicpuKernel] not support.
[2026-06-11 15:36:28.796049][pid:26917][DEBUG][template_utils.cc:29] [26921][NHRBase][GetStepNumInterServer] rankSize[4] nSteps[2]
[2026-06-11 15:36:28.796061][pid:26917][DEBUG][ins_temp_reduce_scatter_nhr.cc:399] [26921][InsTempReduceScatterNHR][GetStepInfoList] i[0] txSliceIdx[3] rxSliceIdx[0]
[2026-06-11 15:36:28.796067][pid:26917][DEBUG][ins_temp_reduce_scatter_nhr.cc:399] [26921][InsTempReduceScatterNHR][GetStepInfoList] i[1] txSliceIdx[1] rxSliceIdx[2]
[2026-06-11 15:36:28.796071][pid:26917][WARNING][/home/crx/code/hccl_three_sequence_rs/hccl_2039/test/st/algorithm/utils/src/hccl_proxy/hccl_profiling_dfx_stub.cc:80] [26923][HcclProfilingReportOp] not support.
[2026-06-11 15:36:28.796098][pid:26917][INFO][op_common.cc:619] [26923]Execute HcclExecOp success.
[2026-06-11 15:36:28.796071][pid:26917][DEBUG][ins_temp_reduce_scatter_nhr.cc:399] [26921][InsTempReduceScatterNHR][GetStepInfoList] i[0] txSliceIdx[2] rxSliceIdx[0]
[2026-06-11 15:36:28.796147][pid:26917][DEBUG][exec_timeout_manager.cc:39] [26921][ExecTimeoutManager] Getting exec timeout: 1800 seconds.
[2026-06-11 15:36:28.796162][pid:26917][DEBUG][alg_data_trans_wrapper.cc:35] [26921][AlgDataTransWrapper][SendRecvWriteReduce][WRITE_REDUCE] sliceIdx[0], sliceNum[2], srcBase[0x10000000000], srcOffset[3], srcAddr[0x10000000003], srcSize[1], srcCount[1], dstBase[0xc0000000000], dstOffset[3], dstAddr[0xc0000000003], dstSize[1], dstCount[1], len[1], dataType[0], reduceOp[2].
[2026-06-11 15:36:28.796106][pid:26917][INFO][reduce_scatter_op.cc:199] [26923]Execute ReduceScatterOutPlace success.
[2026-06-11 15:36:28.796172][pid:26917][DEBUG][alg_data_trans_wrapper.cc:35] [26921][AlgDataTransWrapper][SendRecvWriteReduce][WRITE_REDUCE] sliceIdx[1], sliceNum[2], srcBase[0x10000000000], srcOffset[1], srcAddr[0x10000000001], srcSize[1], srcCount[1], dstBase[0xc0000000000], dstOffset[1], dstAddr[0xc0000000001], dstSize[1], dstCount[1], len[1], dataType[0], reduceOp[2].
[2026-06-11 15:36:28.796237][pid:26917][DEBUG][exec_timeout_manager.cc:39] [26921][ExecTimeoutManager] Getting exec timeout: 1800 seconds.
[2026-06-11 15:36:28.796247][pid:26917][DEBUG][alg_data_trans_wrapper.cc:35] [26921][AlgDataTransWrapper][SendRecvWriteReduce][WRITE_REDUCE] sliceIdx[0], sliceNum[1], srcBase[0x30000000000], srcOffset[2], srcAddr[0x30000000002], srcSize[1], srcCount[1], dstBase[0x90000000000], dstOffset[2], dstAddr[0x90000000002], dstSize[1], dstCount[1], len[1], dataType[0], reduceOp[2].
[2026-06-11 15:36:28.796261][pid:26917][DEBUG][alg_data_trans_wrapper.cc:35] [26921][AlgDataTransWrapper][LocalCopy][LOCAL_COPY] sliceIdx[0], sliceNum[1], srcBase[0x30000000000], srcOffset[0], srcAddr[0x30000000000], srcSize[1], srcCount[0], dstBase[0x20000000000], dstOffset[0], dstAddr[0x20000000000], dstSize[1], dstCount[0], len[1], dataType[255], reduceOp[255].
[2026-06-11 15:36:28.796328][pid:26917][INFO][ins_v2_reduce_scatter_sole_executor.cc:184] [26921][InsV2ReduceScatterSoleExecutor][OrchestrateLoop] End.
[2026-06-11 15:36:28.796337][pid:26917][WARNING][/home/crx/code/hccl_three_sequence_rs/hccl_2039/test/st/algorithm/utils/src/hccl_proxy/hccl_profiling_dfx_stub.cc:97] [26921][HcommProfilingReportKernelEndTask] not support.
[2026-06-11 15:36:28.796341][pid:26917][DEBUG][/home/crx/code/hccl_three_sequence_rs/hccl_2039/src/ops/op_common/template/aicpu/kernel_launch.cc:418] [26921][HcclLaunchAicpuKernel]Notify record on srcThread[130831146388304], dstThread[130831146387216], notifyIdx[0]
[2026-06-11 15:36:28.796348][pid:26917][WARNING][/home/crx/code/hccl_three_sequence_rs/hccl_2039/test/st/algorithm/utils/src/hccl_proxy/hccl_profiling_dfx_stub.cc:86] [26921][HcommProfilingReportDeviceOp] not support.
[2026-06-11 15:36:28.796351][pid:26917][WARNING][/home/crx/code/hccl_three_sequence_rs/hccl_2039/test/st/algorithm/utils/src/hccl_proxy/hccl_stub.cc:757] [26921][HcommBatchModeEnd] not support.
[2026-06-11 15:36:28.796357][pid:26917][INFO][/home/crx/code/hccl_three_sequence_rs/hccl_2039/src/ops/op_common/template/aicpu/kernel_launch.cc:536] [26921]HcclLaunchAicpuKernel success, tag[ReduceScatter_hccl_world_group], algTag[ReduceScatter_hccl_world_group_InsReduceScatterNHR_device], commName[hccl_world_group]
[2026-06-11 15:36:28.796361][pid:26917][WARNING][/home/crx/code/hccl_three_sequence_rs/hccl_2039/test/st/algorithm/utils/src/hccl_proxy/hccl_profiling_dfx_stub.cc:74] [26921][HcclReportAicpuKernel] not support.
[2026-06-11 15:36:28.796368][pid:26917][WARNING][/home/crx/code/hccl_three_sequence_rs/hccl_2039/test/st/algorithm/utils/src/hccl_proxy/hccl_profiling_dfx_stub.cc:80] [26921][HcclProfilingReportOp] not support.
[2026-06-11 15:36:28.796371][pid:26917][INFO][op_common.cc:619] [26921]Execute HcclExecOp success.
[2026-06-11 15:36:28.796375][pid:26917][INFO][reduce_scatter_op.cc:199] [26921]Execute ReduceScatterOutPlace success.
=======================================================
rankId is : 0 
threadIdx : 0, taskNum : 2 
-------------------------------------------------------
rankIdx:0, threadIdx:0, [LocalPostTo]:[topicId=1]
rankIdx:0, threadIdx:0, [LocalWaitFrom]:[topicId=0]
threadIdx : 1, taskNum : 16 
-------------------------------------------------------
rankIdx:0, threadIdx:1, [LocalWaitFrom]:[topicId=1]
rankIdx:0, threadIdx:1, [LocalCopy]:[srcSlice=DataSlice[BufferType::INPUT, offset=0x0, size=0x1], dstSlice=DataSlice[BufferType::CCL, offset=0x0, size=0x1]]
rankIdx:0, threadIdx:1, [LocalCopy]:[srcSlice=DataSlice[BufferType::INPUT, offset=0x2, size=0x1], dstSlice=DataSlice[BufferType::CCL, offset=0x2, size=0x1]]
rankIdx:0, threadIdx:1, [Post]:[remoteRank=1, notifyId=8194, link=link prototyp=LinkProtoStub::SDMA, notifyType=NotifyTypeStub::READY, originated tag=POST]
rankIdx:0, threadIdx:1, [Wait]:[remoteRank=3, notifyId=8, link=link prototyp=LinkProtoStub::SDMA, notifyType=NotifyTypeStub::READY, originated tag=WAIT]
rankIdx:0, threadIdx:1, [WriteReduce]:[remoteRank=3, link=link prototyp=LinkProtoStub::SDMA, dataType=0, reduceOp=2, localSlice=DataSlice[BufferType::INPUT, offset=0x3, size=0x1], remoteSlice=DataSlice[BufferType::CCL, offset=0x3, size=0x1]]
rankIdx:0, threadIdx:1, [WriteReduce]:[remoteRank=3, link=link prototyp=LinkProtoStub::SDMA, dataType=0, reduceOp=2, localSlice=DataSlice[BufferType::INPUT, offset=0x1, size=0x1], remoteSlice=DataSlice[BufferType::CCL, offset=0x1, size=0x1]]
rankIdx:0, threadIdx:1, [Post]:[remoteRank=3, notifyId=24579, link=link prototyp=LinkProtoStub::SDMA, notifyType=NotifyTypeStub::READY, originated tag=POST]
rankIdx:0, threadIdx:1, [Wait]:[remoteRank=1, notifyId=3, link=link prototyp=LinkProtoStub::SDMA, notifyType=NotifyTypeStub::READY, originated tag=WAIT]
rankIdx:0, threadIdx:1, [Post]:[remoteRank=2, notifyId=16386, link=link prototyp=LinkProtoStub::SDMA, notifyType=NotifyTypeStub::READY, originated tag=POST]
rankIdx:0, threadIdx:1, [Wait]:[remoteRank=2, notifyId=5, link=link prototyp=LinkProtoStub::SDMA, notifyType=NotifyTypeStub::READY, originated tag=WAIT]
rankIdx:0, threadIdx:1, [WriteReduce]:[remoteRank=2, link=link prototyp=LinkProtoStub::SDMA, dataType=0, reduceOp=2, localSlice=DataSlice[BufferType::CCL, offset=0x2, size=0x1], remoteSlice=DataSlice[BufferType::CCL, offset=0x2, size=0x1]]
rankIdx:0, threadIdx:1, [Post]:[remoteRank=2, notifyId=16387, link=link prototyp=LinkProtoStub::SDMA, notifyType=NotifyTypeStub::READY, originated tag=POST]
rankIdx:0, threadIdx:1, [Wait]:[remoteRank=2, notifyId=6, link=link prototyp=LinkProtoStub::SDMA, notifyType=NotifyTypeStub::READY, originated tag=WAIT]
rankIdx:0, threadIdx:1, [LocalCopy]:[srcSlice=DataSlice[BufferType::CCL, offset=0x0, size=0x1], dstSlice=DataSlice[BufferType::OUTPUT, offset=0x0, size=0x1]]
rankIdx:0, threadIdx:1, [LocalPostTo]:[topicId=0]
=======================================================
rankId is : 1 
threadIdx : 0, taskNum : 2 
-------------------------------------------------------
rankIdx:1, threadIdx:0, [LocalPostTo]:[topicId=8193]
rankIdx:1, threadIdx:0, [LocalWaitFrom]:[topicId=8192]
threadIdx : 1, taskNum : 16 
-------------------------------------------------------
rankIdx:1, threadIdx:1, [LocalWaitFrom]:[topicId=8193]
rankIdx:1, threadIdx:1, [LocalCopy]:[srcSlice=DataSlice[BufferType::INPUT, offset=0x1, size=0x1], dstSlice=DataSlice[BufferType::CCL, offset=0x1, size=0x1]]
rankIdx:1, threadIdx:1, [LocalCopy]:[srcSlice=DataSlice[BufferType::INPUT, offset=0x3, size=0x1], dstSlice=DataSlice[BufferType::CCL, offset=0x3, size=0x1]]
rankIdx:1, threadIdx:1, [Post]:[remoteRank=2, notifyId=16389, link=link prototyp=LinkProtoStub::SDMA, notifyType=NotifyTypeStub::READY, originated tag=POST]
rankIdx:1, threadIdx:1, [Wait]:[remoteRank=0, notifyId=8194, link=link prototyp=LinkProtoStub::SDMA, notifyType=NotifyTypeStub::READY, originated tag=WAIT]
rankIdx:1, threadIdx:1, [WriteReduce]:[remoteRank=0, link=link prototyp=LinkProtoStub::SDMA, dataType=0, reduceOp=2, localSlice=DataSlice[BufferType::INPUT, offset=0x0, size=0x1], remoteSlice=DataSlice[BufferType::CCL, offset=0x0, size=0x1]]
rankIdx:1, threadIdx:1, [WriteReduce]:[remoteRank=0, link=link prototyp=LinkProtoStub::SDMA, dataType=0, reduceOp=2, localSlice=DataSlice[BufferType::INPUT, offset=0x2, size=0x1], remoteSlice=DataSlice[BufferType::CCL, offset=0x2, size=0x1]]
rankIdx:1, threadIdx:1, [Post]:[remoteRank=0, notifyId=3, link=link prototyp=LinkProtoStub::SDMA, notifyType=NotifyTypeStub::READY, originated tag=POST]
rankIdx:1, threadIdx:1, [Wait]:[remoteRank=2, notifyId=8198, link=link prototyp=LinkProtoStub::SDMA, notifyType=NotifyTypeStub::READY, originated tag=WAIT]
rankIdx:1, threadIdx:1, [Post]:[remoteRank=3, notifyId=24581, link=link prototyp=LinkProtoStub::SDMA, notifyType=NotifyTypeStub::READY, originated tag=POST]
rankIdx:1, threadIdx:1, [Wait]:[remoteRank=3, notifyId=8200, link=link prototyp=LinkProtoStub::SDMA, notifyType=NotifyTypeStub::READY, originated tag=WAIT]
rankIdx:1, threadIdx:1, [WriteReduce]:[remoteRank=3, link=link prototyp=LinkProtoStub::SDMA, dataType=0, reduceOp=2, localSlice=DataSlice[BufferType::CCL, offset=0x3, size=0x1], remoteSlice=DataSlice[BufferType::CCL, offset=0x3, size=0x1]]
rankIdx:1, threadIdx:1, [Post]:[remoteRank=3, notifyId=24582, link=link prototyp=LinkProtoStub::SDMA, notifyType=NotifyTypeStub::READY, originated tag=POST]
rankIdx:1, threadIdx:1, [Wait]:[remoteRank=3, notifyId=8201, link=link prototyp=LinkProtoStub::SDMA, notifyType=NotifyTypeStub::READY, originated tag=WAIT]
rankIdx:1, threadIdx:1, [LocalCopy]:[srcSlice=DataSlice[BufferType::CCL, offset=0x1, size=0x1], dstSlice=DataSlice[BufferType::OUTPUT, offset=0x0, size=0x1]]
rankIdx:1, threadIdx:1, [LocalPostTo]:[topicId=8192]
=======================================================
rankId is : 2 
threadIdx : 0, taskNum : 2 
-------------------------------------------------------
rankIdx:2, threadIdx:0, [LocalPostTo]:[topicId=16385]
rankIdx:2, threadIdx:0, [LocalWaitFrom]:[topicId=16384]
threadIdx : 1, taskNum : 16 
-------------------------------------------------------
rankIdx:2, threadIdx:1, [LocalWaitFrom]:[topicId=16385]
rankIdx:2, threadIdx:1, [LocalCopy]:[srcSlice=DataSlice[BufferType::INPUT, offset=0x0, size=0x1], dstSlice=DataSlice[BufferType::CCL, offset=0x0, size=0x1]]
rankIdx:2, threadIdx:1, [LocalCopy]:[srcSlice=DataSlice[BufferType::INPUT, offset=0x2, size=0x1], dstSlice=DataSlice[BufferType::CCL, offset=0x2, size=0x1]]
rankIdx:2, threadIdx:1, [Post]:[remoteRank=3, notifyId=24584, link=link prototyp=LinkProtoStub::SDMA, notifyType=NotifyTypeStub::READY, originated tag=POST]
rankIdx:2, threadIdx:1, [Wait]:[remoteRank=1, notifyId=16389, link=link prototyp=LinkProtoStub::SDMA, notifyType=NotifyTypeStub::READY, originated tag=WAIT]
rankIdx:2, threadIdx:1, [WriteReduce]:[remoteRank=1, link=link prototyp=LinkProtoStub::SDMA, dataType=0, reduceOp=2, localSlice=DataSlice[BufferType::INPUT, offset=0x1, size=0x1], remoteSlice=DataSlice[BufferType::CCL, offset=0x1, size=0x1]]
rankIdx:2, threadIdx:1, [WriteReduce]:[remoteRank=1, link=link prototyp=LinkProtoStub::SDMA, dataType=0, reduceOp=2, localSlice=DataSlice[BufferType::INPUT, offset=0x3, size=0x1], remoteSlice=DataSlice[BufferType::CCL, offset=0x3, size=0x1]]
rankIdx:2, threadIdx:1, [Post]:[remoteRank=1, notifyId=8198, link=link prototyp=LinkProtoStub::SDMA, notifyType=NotifyTypeStub::READY, originated tag=POST]
rankIdx:2, threadIdx:1, [Wait]:[remoteRank=3, notifyId=16393, link=link prototyp=LinkProtoStub::SDMA, notifyType=NotifyTypeStub::READY, originated tag=WAIT]
rankIdx:2, threadIdx:1, [Post]:[remoteRank=0, notifyId=5, link=link prototyp=LinkProtoStub::SDMA, notifyType=NotifyTypeStub::READY, originated tag=POST]
rankIdx:2, threadIdx:1, [Wait]:[remoteRank=0, notifyId=16386, link=link prototyp=LinkProtoStub::SDMA, notifyType=NotifyTypeStub::READY, originated tag=WAIT]
rankIdx:2, threadIdx:1, [WriteReduce]:[remoteRank=0, link=link prototyp=LinkProtoStub::SDMA, dataType=0, reduceOp=2, localSlice=DataSlice[BufferType::CCL, offset=0x0, size=0x1], remoteSlice=DataSlice[BufferType::CCL, offset=0x0, size=0x1]]
rankIdx:2, threadIdx:1, [Post]:[remoteRank=0, notifyId=6, link=link prototyp=LinkProtoStub::SDMA, notifyType=NotifyTypeStub::READY, originated tag=POST]
rankIdx:2, threadIdx:1, [Wait]:[remoteRank=0, notifyId=16387, link=link prototyp=LinkProtoStub::SDMA, notifyType=NotifyTypeStub::READY, originated tag=WAIT]
rankIdx:2, threadIdx:1, [LocalCopy]:[srcSlice=DataSlice[BufferType::CCL, offset=0x2, size=0x1], dstSlice=DataSlice[BufferType::OUTPUT, offset=0x0, size=0x1]]
rankIdx:2, threadIdx:1, [LocalPostTo]:[topicId=16384]
=======================================================
rankId is : 3 
threadIdx : 0, taskNum : 2 
-------------------------------------------------------
rankIdx:3, threadIdx:0, [LocalPostTo]:[topicId=24577]
rankIdx:3, threadIdx:0, [LocalWaitFrom]:[topicId=24576]
threadIdx : 1, taskNum : 16 
-------------------------------------------------------
rankIdx:3, threadIdx:1, [LocalWaitFrom]:[topicId=24577]
rankIdx:3, threadIdx:1, [LocalCopy]:[srcSlice=DataSlice[BufferType::INPUT, offset=0x1, size=0x1], dstSlice=DataSlice[BufferType::CCL, offset=0x1, size=0x1]]
rankIdx:3, threadIdx:1, [LocalCopy]:[srcSlice=DataSlice[BufferType::INPUT, offset=0x3, size=0x1], dstSlice=DataSlice[BufferType::CCL, offset=0x3, size=0x1]]
rankIdx:3, threadIdx:1, [Post]:[remoteRank=0, notifyId=8, link=link prototyp=LinkProtoStub::SDMA, notifyType=NotifyTypeStub::READY, originated tag=POST]
rankIdx:3, threadIdx:1, [Wait]:[remoteRank=2, notifyId=24584, link=link prototyp=LinkProtoStub::SDMA, notifyType=NotifyTypeStub::READY, originated tag=WAIT]
rankIdx:3, threadIdx:1, [WriteReduce]:[remoteRank=2, link=link prototyp=LinkProtoStub::SDMA, dataType=0, reduceOp=2, localSlice=DataSlice[BufferType::INPUT, offset=0x2, size=0x1], remoteSlice=DataSlice[BufferType::CCL, offset=0x2, size=0x1]]
rankIdx:3, threadIdx:1, [WriteReduce]:[remoteRank=2, link=link prototyp=LinkProtoStub::SDMA, dataType=0, reduceOp=2, localSlice=DataSlice[BufferType::INPUT, offset=0x0, size=0x1], remoteSlice=DataSlice[BufferType::CCL, offset=0x0, size=0x1]]
rankIdx:3, threadIdx:1, [Post]:[remoteRank=2, notifyId=16393, link=link prototyp=LinkProtoStub::SDMA, notifyType=NotifyTypeStub::READY, originated tag=POST]
rankIdx:3, threadIdx:1, [Wait]:[remoteRank=0, notifyId=24579, link=link prototyp=LinkProtoStub::SDMA, notifyType=NotifyTypeStub::READY, originated tag=WAIT]
rankIdx:3, threadIdx:1, [Post]:[remoteRank=1, notifyId=8200, link=link prototyp=LinkProtoStub::SDMA, notifyType=NotifyTypeStub::READY, originated tag=POST]
rankIdx:3, threadIdx:1, [Wait]:[remoteRank=1, notifyId=24581, link=link prototyp=LinkProtoStub::SDMA, notifyType=NotifyTypeStub::READY, originated tag=WAIT]
rankIdx:3, threadIdx:1, [WriteReduce]:[remoteRank=1, link=link prototyp=LinkProtoStub::SDMA, dataType=0, reduceOp=2, localSlice=DataSlice[BufferType::CCL, offset=0x1, size=0x1], remoteSlice=DataSlice[BufferType::CCL, offset=0x1, size=0x1]]
rankIdx:3, threadIdx:1, [Post]:[remoteRank=1, notifyId=8201, link=link prototyp=LinkProtoStub::SDMA, notifyType=NotifyTypeStub::READY, originated tag=POST]
rankIdx:3, threadIdx:1, [Wait]:[remoteRank=1, notifyId=24582, link=link prototyp=LinkProtoStub::SDMA, notifyType=NotifyTypeStub::READY, originated tag=WAIT]
rankIdx:3, threadIdx:1, [LocalCopy]:[srcSlice=DataSlice[BufferType::CCL, offset=0x3, size=0x1], dstSlice=DataSlice[BufferType::OUTPUT, offset=0x0, size=0x1]]
rankIdx:3, threadIdx:1, [LocalPostTo]:[topicId=24576]
[2026-06-11 15:36:28.796798][pid:26917][INFO][/home/crx/code/hccl_three_sequence_rs/hccl_2039/test/st/algorithm/utils/src/hccl_verifier/checker.cc:61] [26917]1. 检查从流
[2026-06-11 15:36:28.796820][pid:26917][INFO][/home/crx/code/hccl_three_sequence_rs/hccl_2039/test/st/algorithm/utils/src/hccl_verifier/checker.cc:66] [26917]2. 成图
[2026-06-11 15:36:28.796895][pid:26917][DEBUG][/home/crx/code/hccl_three_sequence_rs/hccl_2039/test/st/algorithm/utils/src/hccl_verifier/task_graph_generator/task_graph_generator.cc:118] [26917][TaskGraphGenerator] Rank [0], connect dummyStart -> first taskNode of master queue, put taskNode in rankNodeQue
[2026-06-11 15:36:28.796916][pid:26917][DEBUG][/home/crx/code/hccl_three_sequence_rs/hccl_2039/test/st/algorithm/utils/src/hccl_verifier/task_graph_generator/task_graph_generator.cc:138] [26917][TaskGraphGenerator] Rank [0], put first taskNode of slave queues in rankNodeQue
[2026-06-11 15:36:28.796976][pid:26917][DEBUG][/home/crx/code/hccl_three_sequence_rs/hccl_2039/test/st/algorithm/utils/src/hccl_verifier/task_graph_generator/task_graph_generator.cc:180] [26917][TaskGraphGenerator] Rank [0], end of current Que [1]: TrimType [TaskTypeStub::LOCAL_POST_TO].
[2026-06-11 15:36:28.796982][pid:26917][DEBUG][/home/crx/code/hccl_three_sequence_rs/hccl_2039/test/st/algorithm/utils/src/hccl_verifier/task_graph_generator/task_graph_generator.cc:180] [26917][TaskGraphGenerator] Rank [0], end of current Que [0]: TrimType [TaskTypeStub::LOCAL_WAIT_FROM].
[2026-06-11 15:36:28.796988][pid:26917][DEBUG][/home/crx/code/hccl_three_sequence_rs/hccl_2039/test/st/algorithm/utils/src/hccl_verifier/task_graph_generator/task_graph_generator.cc:25] [26917][TaskGraphGenerator] Rank [0], local dependency graph generation done.
[2026-06-11 15:36:28.796993][pid:26917][DEBUG][/home/crx/code/hccl_three_sequence_rs/hccl_2039/test/st/algorithm/utils/src/hccl_verifier/task_graph_generator/task_graph_generator.cc:118] [26917][TaskGraphGenerator] Rank [1], connect dummyStart -> first taskNode of master queue, put taskNode in rankNodeQue
[2026-06-11 15:36:28.796998][pid:26917][DEBUG][/home/crx/code/hccl_three_sequence_rs/hccl_2039/test/st/algorithm/utils/src/hccl_verifier/task_graph_generator/task_graph_generator.cc:138] [26917][TaskGraphGenerator] Rank [1], put first taskNode of slave queues in rankNodeQue
[2026-06-11 15:36:28.797021][pid:26917][DEBUG][/home/crx/code/hccl_three_sequence_rs/hccl_2039/test/st/algorithm/utils/src/hccl_verifier/task_graph_generator/task_graph_generator.cc:180] [26917][TaskGraphGenerator] Rank [1], end of current Que [1]: TrimType [TaskTypeStub::LOCAL_POST_TO].
[2026-06-11 15:36:28.797025][pid:26917][DEBUG][/home/crx/code/hccl_three_sequence_rs/hccl_2039/test/st/algorithm/utils/src/hccl_verifier/task_graph_generator/task_graph_generator.cc:180] [26917][TaskGraphGenerator] Rank [1], end of current Que [0]: TrimType [TaskTypeStub::LOCAL_WAIT_FROM].
[2026-06-11 15:36:28.797079][pid:26917][DEBUG][/home/crx/code/hccl_three_sequence_rs/hccl_2039/test/st/algorithm/utils/src/hccl_verifier/task_graph_generator/task_graph_generator.cc:25] [26917][TaskGraphGenerator] Rank [1], local dependency graph generation done.
[2026-06-11 15:36:28.797092][pid:26917][DEBUG][/home/crx/code/hccl_three_sequence_rs/hccl_2039/test/st/algorithm/utils/src/hccl_verifier/task_graph_generator/task_graph_generator.cc:118] [26917][TaskGraphGenerator] Rank [2], connect dummyStart -> first taskNode of master queue, put taskNode in rankNodeQue
[2026-06-11 15:36:28.797098][pid:26917][DEBUG][/home/crx/code/hccl_three_sequence_rs/hccl_2039/test/st/algorithm/utils/src/hccl_verifier/task_graph_generator/task_graph_generator.cc:138] [26917][TaskGraphGenerator] Rank [2], put first taskNode of slave queues in rankNodeQue
[2026-06-11 15:36:28.797122][pid:26917][DEBUG][/home/crx/code/hccl_three_sequence_rs/hccl_2039/test/st/algorithm/utils/src/hccl_verifier/task_graph_generator/task_graph_generator.cc:180] [26917][TaskGraphGenerator] Rank [2], end of current Que [1]: TrimType [TaskTypeStub::LOCAL_POST_TO].
[2026-06-11 15:36:28.797126][pid:26917][DEBUG][/home/crx/code/hccl_three_sequence_rs/hccl_2039/test/st/algorithm/utils/src/hccl_verifier/task_graph_generator/task_graph_generator.cc:180] [26917][TaskGraphGenerator] Rank [2], end of current Que [0]: TrimType [TaskTypeStub::LOCAL_WAIT_FROM].
[2026-06-11 15:36:28.797130][pid:26917][DEBUG][/home/crx/code/hccl_three_sequence_rs/hccl_2039/test/st/algorithm/utils/src/hccl_verifier/task_graph_generator/task_graph_generator.cc:25] [26917][TaskGraphGenerator] Rank [2], local dependency graph generation done.
[2026-06-11 15:36:28.797134][pid:26917][DEBUG][/home/crx/code/hccl_three_sequence_rs/hccl_2039/test/st/algorithm/utils/src/hccl_verifier/task_graph_generator/task_graph_generator.cc:118] [26917][TaskGraphGenerator] Rank [3], connect dummyStart -> first taskNode of master queue, put taskNode in rankNodeQue
[2026-06-11 15:36:28.797138][pid:26917][DEBUG][/home/crx/code/hccl_three_sequence_rs/hccl_2039/test/st/algorithm/utils/src/hccl_verifier/task_graph_generator/task_graph_generator.cc:138] [26917][TaskGraphGenerator] Rank [3], put first taskNode of slave queues in rankNodeQue
[2026-06-11 15:36:28.797162][pid:26917][DEBUG][/home/crx/code/hccl_three_sequence_rs/hccl_2039/test/st/algorithm/utils/src/hccl_verifier/task_graph_generator/task_graph_generator.cc:180] [26917][TaskGraphGenerator] Rank [3], end of current Que [1]: TrimType [TaskTypeStub::LOCAL_POST_TO].
[2026-06-11 15:36:28.797167][pid:26917][DEBUG][/home/crx/code/hccl_three_sequence_rs/hccl_2039/test/st/algorithm/utils/src/hccl_verifier/task_graph_generator/task_graph_generator.cc:180] [26917][TaskGraphGenerator] Rank [3], end of current Que [0]: TrimType [TaskTypeStub::LOCAL_WAIT_FROM].
[2026-06-11 15:36:28.797170][pid:26917][DEBUG][/home/crx/code/hccl_three_sequence_rs/hccl_2039/test/st/algorithm/utils/src/hccl_verifier/task_graph_generator/task_graph_generator.cc:25] [26917][TaskGraphGenerator] Rank [3], local dependency graph generation done.
[2026-06-11 15:36:28.797173][pid:26917][DEBUG][/home/crx/code/hccl_three_sequence_rs/hccl_2039/test/st/algorithm/utils/src/hccl_verifier/task_graph_generator/task_graph_generator.cc:30] [26917][TaskGraphGenerator] rankSize [4] and numChildren of dummyStart [4].
[2026-06-11 15:36:28.797186][pid:26917][DEBUG][/home/crx/code/hccl_three_sequence_rs/hccl_2039/test/st/algorithm/utils/src/hccl_verifier/task_graph_generator/task_graph_generator.cc:311] [26917][TaskGraphGenerator] taskNode not executable, push back to the queue.
[2026-06-11 15:36:28.797190][pid:26917][DEBUG][/home/crx/code/hccl_three_sequence_rs/hccl_2039/test/st/algorithm/utils/src/hccl_verifier/task_graph_generator/task_graph_generator.cc:311] [26917][TaskGraphGenerator] taskNode not executable, push back to the queue.
[2026-06-11 15:36:28.797193][pid:26917][DEBUG][/home/crx/code/hccl_three_sequence_rs/hccl_2039/test/st/algorithm/utils/src/hccl_verifier/task_graph_generator/task_graph_generator.cc:311] [26917][TaskGraphGenerator] taskNode not executable, push back to the queue.
[2026-06-11 15:36:28.797258][pid:26917][DEBUG][/home/crx/code/hccl_three_sequence_rs/hccl_2039/test/st/algorithm/utils/src/hccl_verifier/task_graph_generator/task_graph_generator.cc:311] [26917][TaskGraphGenerator] taskNode not executable, push back to the queue.
[2026-06-11 15:36:28.797266][pid:26917][DEBUG][/home/crx/code/hccl_three_sequence_rs/hccl_2039/test/st/algorithm/utils/src/hccl_verifier/task_graph_generator/task_graph_generator.cc:311] [26917][TaskGraphGenerator] taskNode not executable, push back to the queue.
[2026-06-11 15:36:28.797271][pid:26917][DEBUG][/home/crx/code/hccl_three_sequence_rs/hccl_2039/test/st/algorithm/utils/src/hccl_verifier/task_graph_generator/task_graph_generator.cc:311] [26917][TaskGraphGenerator] taskNode not executable, push back to the queue.
[2026-06-11 15:36:28.797274][pid:26917][DEBUG][/home/crx/code/hccl_three_sequence_rs/hccl_2039/test/st/algorithm/utils/src/hccl_verifier/task_graph_generator/task_graph_generator.cc:311] [26917][TaskGraphGenerator] taskNode not executable, push back to the queue.
[2026-06-11 15:36:28.797277][pid:26917][DEBUG][/home/crx/code/hccl_three_sequence_rs/hccl_2039/test/st/algorithm/utils/src/hccl_verifier/task_graph_generator/task_graph_generator.cc:311] [26917][TaskGraphGenerator] taskNode not executable, push back to the queue.
[2026-06-11 15:36:28.797281][pid:26917][DEBUG][/home/crx/code/hccl_three_sequence_rs/hccl_2039/test/st/algorithm/utils/src/hccl_verifier/task_graph_generator/task_graph_generator.cc:311] [26917][TaskGraphGenerator] taskNode not executable, push back to the queue.
[2026-06-11 15:36:28.797284][pid:26917][DEBUG][/home/crx/code/hccl_three_sequence_rs/hccl_2039/test/st/algorithm/utils/src/hccl_verifier/task_graph_generator/task_graph_generator.cc:311] [26917][TaskGraphGenerator] taskNode not executable, push back to the queue.
[2026-06-11 15:36:28.797287][pid:26917][DEBUG][/home/crx/code/hccl_three_sequence_rs/hccl_2039/test/st/algorithm/utils/src/hccl_verifier/task_graph_generator/task_graph_generator.cc:311] [26917][TaskGraphGenerator] taskNode not executable, push back to the queue.
[2026-06-11 15:36:28.797290][pid:26917][DEBUG][/home/crx/code/hccl_three_sequence_rs/hccl_2039/test/st/algorithm/utils/src/hccl_verifier/task_graph_generator/task_graph_generator.cc:311] [26917][TaskGraphGenerator] taskNode not executable, push back to the queue.
[2026-06-11 15:36:28.797293][pid:26917][DEBUG][/home/crx/code/hccl_three_sequence_rs/hccl_2039/test/st/algorithm/utils/src/hccl_verifier/task_graph_generator/task_graph_generator.cc:311] [26917][TaskGraphGenerator] taskNode not executable, push back to the queue.
[2026-06-11 15:36:28.797357][pid:26917][DEBUG][/home/crx/code/hccl_three_sequence_rs/hccl_2039/test/st/algorithm/utils/src/hccl_verifier/task_graph_generator/task_graph_generator.cc:311] [26917][TaskGraphGenerator] taskNode not executable, push back to the queue.
[2026-06-11 15:36:28.797367][pid:26917][DEBUG][/home/crx/code/hccl_three_sequence_rs/hccl_2039/test/st/algorithm/utils/src/hccl_verifier/task_graph_generator/task_graph_generator.cc:311] [26917][TaskGraphGenerator] taskNode not executable, push back to the queue.
[2026-06-11 15:36:28.797373][pid:26917][DEBUG][/home/crx/code/hccl_three_sequence_rs/hccl_2039/test/st/algorithm/utils/src/hccl_verifier/task_graph_generator/task_graph_generator.cc:311] [26917][TaskGraphGenerator] taskNode not executable, push back to the queue.
[2026-06-11 15:36:28.797379][pid:26917][DEBUG][/home/crx/code/hccl_three_sequence_rs/hccl_2039/test/st/algorithm/utils/src/hccl_verifier/task_graph_generator/task_graph_generator.cc:311] [26917][TaskGraphGenerator] taskNode not executable, push back to the queue.
[2026-06-11 15:36:28.797395][pid:26917][DEBUG][/home/crx/code/hccl_three_sequence_rs/hccl_2039/test/st/algorithm/utils/src/hccl_verifier/task_graph_generator/task_graph_generator.cc:404] [26917][TaskGraphGenerator] peer PostNode of current WaitNode has already been seen.
[2026-06-11 15:36:28.797452][pid:26917][DEBUG][/home/crx/code/hccl_three_sequence_rs/hccl_2039/test/st/algorithm/utils/src/hccl_verifier/task_graph_generator/task_graph_generator.cc:311] [26917][TaskGraphGenerator] taskNode not executable, push back to the queue.
[2026-06-11 15:36:28.797462][pid:26917][DEBUG][/home/crx/code/hccl_three_sequence_rs/hccl_2039/test/st/algorithm/utils/src/hccl_verifier/task_graph_generator/task_graph_generator.cc:404] [26917][TaskGraphGenerator] peer PostNode of current WaitNode has already been seen.
[2026-06-11 15:36:28.797468][pid:26917][DEBUG][/home/crx/code/hccl_three_sequence_rs/hccl_2039/test/st/algorithm/utils/src/hccl_verifier/task_graph_generator/task_graph_generator.cc:311] [26917][TaskGraphGenerator] taskNode not executable, push back to the queue.
[2026-06-11 15:36:28.797472][pid:26917][DEBUG][/home/crx/code/hccl_three_sequence_rs/hccl_2039/test/st/algorithm/utils/src/hccl_verifier/task_graph_generator/task_graph_generator.cc:404] [26917][TaskGraphGenerator] peer PostNode of current WaitNode has already been seen.
[2026-06-11 15:36:28.797476][pid:26917][DEBUG][/home/crx/code/hccl_three_sequence_rs/hccl_2039/test/st/algorithm/utils/src/hccl_verifier/task_graph_generator/task_graph_generator.cc:311] [26917][TaskGraphGenerator] taskNode not executable, push back to the queue.
[2026-06-11 15:36:28.797480][pid:26917][DEBUG][/home/crx/code/hccl_three_sequence_rs/hccl_2039/test/st/algorithm/utils/src/hccl_verifier/task_graph_generator/task_graph_generator.cc:404] [26917][TaskGraphGenerator] peer PostNode of current WaitNode has already been seen.
[2026-06-11 15:36:28.797529][pid:26917][DEBUG][/home/crx/code/hccl_three_sequence_rs/hccl_2039/test/st/algorithm/utils/src/hccl_verifier/task_graph_generator/task_graph_generator.cc:311] [26917][TaskGraphGenerator] taskNode not executable, push back to the queue.
[2026-06-11 15:36:28.797534][pid:26917][DEBUG][/home/crx/code/hccl_three_sequence_rs/hccl_2039/test/st/algorithm/utils/src/hccl_verifier/task_graph_generator/task_graph_generator.cc:311] [26917][TaskGraphGenerator] taskNode not executable, push back to the queue.
[2026-06-11 15:36:28.797538][pid:26917][DEBUG][/home/crx/code/hccl_three_sequence_rs/hccl_2039/test/st/algorithm/utils/src/hccl_verifier/task_graph_generator/task_graph_generator.cc:311] [26917][TaskGraphGenerator] taskNode not executable, push back to the queue.
[2026-06-11 15:36:28.797541][pid:26917][DEBUG][/home/crx/code/hccl_three_sequence_rs/hccl_2039/test/st/algorithm/utils/src/hccl_verifier/task_graph_generator/task_graph_generator.cc:311] [26917][TaskGraphGenerator] taskNode not executable, push back to the queue.
[2026-06-11 15:36:28.797544][pid:26917][DEBUG][/home/crx/code/hccl_three_sequence_rs/hccl_2039/test/st/algorithm/utils/src/hccl_verifier/task_graph_generator/task_graph_generator.cc:311] [26917][TaskGraphGenerator] taskNode not executable, push back to the queue.
[2026-06-11 15:36:28.797547][pid:26917][DEBUG][/home/crx/code/hccl_three_sequence_rs/hccl_2039/test/st/algorithm/utils/src/hccl_verifier/task_graph_generator/task_graph_generator.cc:311] [26917][TaskGraphGenerator] taskNode not executable, push back to the queue.
[2026-06-11 15:36:28.797550][pid:26917][DEBUG][/home/crx/code/hccl_three_sequence_rs/hccl_2039/test/st/algorithm/utils/src/hccl_verifier/task_graph_generator/task_graph_generator.cc:311] [26917][TaskGraphGenerator] taskNode not executable, push back to the queue.
[2026-06-11 15:36:28.797553][pid:26917][DEBUG][/home/crx/code/hccl_three_sequence_rs/hccl_2039/test/st/algorithm/utils/src/hccl_verifier/task_graph_generator/task_graph_generator.cc:311] [26917][TaskGraphGenerator] taskNode not executable, push back to the queue.
[2026-06-11 15:36:28.797556][pid:26917][DEBUG][/home/crx/code/hccl_three_sequence_rs/hccl_2039/test/st/algorithm/utils/src/hccl_verifier/task_graph_generator/task_graph_generator.cc:311] [26917][TaskGraphGenerator] taskNode not executable, push back to the queue.
[2026-06-11 15:36:28.797622][pid:26917][DEBUG][/home/crx/code/hccl_three_sequence_rs/hccl_2039/test/st/algorithm/utils/src/hccl_verifier/task_graph_generator/task_graph_generator.cc:311] [26917][TaskGraphGenerator] taskNode not executable, push back to the queue.
[2026-06-11 15:36:28.797632][pid:26917][DEBUG][/home/crx/code/hccl_three_sequence_rs/hccl_2039/test/st/algorithm/utils/src/hccl_verifier/task_graph_generator/task_graph_generator.cc:311] [26917][TaskGraphGenerator] taskNode not executable, push back to the queue.
[2026-06-11 15:36:28.797639][pid:26917][DEBUG][/home/crx/code/hccl_three_sequence_rs/hccl_2039/test/st/algorithm/utils/src/hccl_verifier/task_graph_generator/task_graph_generator.cc:311] [26917][TaskGraphGenerator] taskNode not executable, push back to the queue.
[2026-06-11 15:36:28.797644][pid:26917][DEBUG][/home/crx/code/hccl_three_sequence_rs/hccl_2039/test/st/algorithm/utils/src/hccl_verifier/task_graph_generator/task_graph_generator.cc:311] [26917][TaskGraphGenerator] taskNode not executable, push back to the queue.
[2026-06-11 15:36:28.797649][pid:26917][DEBUG][/home/crx/code/hccl_three_sequence_rs/hccl_2039/test/st/algorithm/utils/src/hccl_verifier/task_graph_generator/task_graph_generator.cc:404] [26917][TaskGraphGenerator] peer PostNode of current WaitNode has already been seen.
[2026-06-11 15:36:28.797653][pid:26917][DEBUG][/home/crx/code/hccl_three_sequence_rs/hccl_2039/test/st/algorithm/utils/src/hccl_verifier/task_graph_generator/task_graph_generator.cc:311] [26917][TaskGraphGenerator] taskNode not executable, push back to the queue.
[2026-06-11 15:36:28.797657][pid:26917][DEBUG][/home/crx/code/hccl_three_sequence_rs/hccl_2039/test/st/algorithm/utils/src/hccl_verifier/task_graph_generator/task_graph_generator.cc:404] [26917][TaskGraphGenerator] peer PostNode of current WaitNode has already been seen.
[2026-06-11 15:36:28.797661][pid:26917][DEBUG][/home/crx/code/hccl_three_sequence_rs/hccl_2039/test/st/algorithm/utils/src/hccl_verifier/task_graph_generator/task_graph_generator.cc:311] [26917][TaskGraphGenerator] taskNode not executable, push back to the queue.
[2026-06-11 15:36:28.797665][pid:26917][DEBUG][/home/crx/code/hccl_three_sequence_rs/hccl_2039/test/st/algorithm/utils/src/hccl_verifier/task_graph_generator/task_graph_generator.cc:404] [26917][TaskGraphGenerator] peer PostNode of current WaitNode has already been seen.
[2026-06-11 15:36:28.797669][pid:26917][DEBUG][/home/crx/code/hccl_three_sequence_rs/hccl_2039/test/st/algorithm/utils/src/hccl_verifier/task_graph_generator/task_graph_generator.cc:311] [26917][TaskGraphGenerator] taskNode not executable, push back to the queue.
[2026-06-11 15:36:28.797673][pid:26917][DEBUG][/home/crx/code/hccl_three_sequence_rs/hccl_2039/test/st/algorithm/utils/src/hccl_verifier/task_graph_generator/task_graph_generator.cc:404] [26917][TaskGraphGenerator] peer PostNode of current WaitNode has already been seen.
[2026-06-11 15:36:28.797677][pid:26917][DEBUG][/home/crx/code/hccl_three_sequence_rs/hccl_2039/test/st/algorithm/utils/src/hccl_verifier/task_graph_generator/task_graph_generator.cc:311] [26917][TaskGraphGenerator] taskNode not executable, push back to the queue.
[2026-06-11 15:36:28.797683][pid:26917][DEBUG][/home/crx/code/hccl_three_sequence_rs/hccl_2039/test/st/algorithm/utils/src/hccl_verifier/task_graph_generator/task_graph_generator.cc:311] [26917][TaskGraphGenerator] taskNode not executable, push back to the queue.
[2026-06-11 15:36:28.797688][pid:26917][DEBUG][/home/crx/code/hccl_three_sequence_rs/hccl_2039/test/st/algorithm/utils/src/hccl_verifier/task_graph_generator/task_graph_generator.cc:311] [26917][TaskGraphGenerator] taskNode not executable, push back to the queue.
[2026-06-11 15:36:28.797693][pid:26917][DEBUG][/home/crx/code/hccl_three_sequence_rs/hccl_2039/test/st/algorithm/utils/src/hccl_verifier/task_graph_generator/task_graph_generator.cc:311] [26917][TaskGraphGenerator] taskNode not executable, push back to the queue.
[2026-06-11 15:36:28.797698][pid:26917][DEBUG][/home/crx/code/hccl_three_sequence_rs/hccl_2039/test/st/algorithm/utils/src/hccl_verifier/task_graph_generator/task_graph_generator.cc:311] [26917][TaskGraphGenerator] taskNode not executable, push back to the queue.
[2026-06-11 15:36:28.797755][pid:26917][DEBUG][/home/crx/code/hccl_three_sequence_rs/hccl_2039/test/st/algorithm/utils/src/hccl_verifier/task_graph_generator/task_graph_generator.cc:404] [26917][TaskGraphGenerator] peer PostNode of current WaitNode has already been seen.
[2026-06-11 15:36:28.797765][pid:26917][DEBUG][/home/crx/code/hccl_three_sequence_rs/hccl_2039/test/st/algorithm/utils/src/hccl_verifier/task_graph_generator/task_graph_generator.cc:311] [26917][TaskGraphGenerator] taskNode not executable, push back to the queue.
[2026-06-11 15:36:28.797771][pid:26917][DEBUG][/home/crx/code/hccl_three_sequence_rs/hccl_2039/test/st/algorithm/utils/src/hccl_verifier/task_graph_generator/task_graph_generator.cc:404] [26917][TaskGraphGenerator] peer PostNode of current WaitNode has already been seen.
[2026-06-11 15:36:28.797776][pid:26917][DEBUG][/home/crx/code/hccl_three_sequence_rs/hccl_2039/test/st/algorithm/utils/src/hccl_verifier/task_graph_generator/task_graph_generator.cc:311] [26917][TaskGraphGenerator] taskNode not executable, push back to the queue.
[2026-06-11 15:36:28.797780][pid:26917][DEBUG][/home/crx/code/hccl_three_sequence_rs/hccl_2039/test/st/algorithm/utils/src/hccl_verifier/task_graph_generator/task_graph_generator.cc:404] [26917][TaskGraphGenerator] peer PostNode of current WaitNode has already been seen.
[2026-06-11 15:36:28.797783][pid:26917][DEBUG][/home/crx/code/hccl_three_sequence_rs/hccl_2039/test/st/algorithm/utils/src/hccl_verifier/task_graph_generator/task_graph_generator.cc:311] [26917][TaskGraphGenerator] taskNode not executable, push back to the queue.
[2026-06-11 15:36:28.797788][pid:26917][DEBUG][/home/crx/code/hccl_three_sequence_rs/hccl_2039/test/st/algorithm/utils/src/hccl_verifier/task_graph_generator/task_graph_generator.cc:404] [26917][TaskGraphGenerator] peer PostNode of current WaitNode has already been seen.
[2026-06-11 15:36:28.797791][pid:26917][DEBUG][/home/crx/code/hccl_three_sequence_rs/hccl_2039/test/st/algorithm/utils/src/hccl_verifier/task_graph_generator/task_graph_generator.cc:311] [26917][TaskGraphGenerator] taskNode not executable, push back to the queue.
[2026-06-11 15:36:28.797795][pid:26917][DEBUG][/home/crx/code/hccl_three_sequence_rs/hccl_2039/test/st/algorithm/utils/src/hccl_verifier/task_graph_generator/task_graph_generator.cc:311] [26917][TaskGraphGenerator] taskNode not executable, push back to the queue.
[2026-06-11 15:36:28.797798][pid:26917][DEBUG][/home/crx/code/hccl_three_sequence_rs/hccl_2039/test/st/algorithm/utils/src/hccl_verifier/task_graph_generator/task_graph_generator.cc:311] [26917][TaskGraphGenerator] taskNode not executable, push back to the queue.
[2026-06-11 15:36:28.797801][pid:26917][DEBUG][/home/crx/code/hccl_three_sequence_rs/hccl_2039/test/st/algorithm/utils/src/hccl_verifier/task_graph_generator/task_graph_generator.cc:311] [26917][TaskGraphGenerator] taskNode not executable, push back to the queue.
[2026-06-11 15:36:28.797804][pid:26917][DEBUG][/home/crx/code/hccl_three_sequence_rs/hccl_2039/test/st/algorithm/utils/src/hccl_verifier/task_graph_generator/task_graph_generator.cc:311] [26917][TaskGraphGenerator] taskNode not executable, push back to the queue.
[2026-06-11 15:36:28.797808][pid:26917][DEBUG][/home/crx/code/hccl_three_sequence_rs/hccl_2039/test/st/algorithm/utils/src/hccl_verifier/task_graph_generator/task_graph_generator.cc:311] [26917][TaskGraphGenerator] taskNode not executable, push back to the queue.
[2026-06-11 15:36:28.797812][pid:26917][DEBUG][/home/crx/code/hccl_three_sequence_rs/hccl_2039/test/st/algorithm/utils/src/hccl_verifier/task_graph_generator/task_graph_generator.cc:311] [26917][TaskGraphGenerator] taskNode not executable, push back to the queue.
[2026-06-11 15:36:28.797816][pid:26917][DEBUG][/home/crx/code/hccl_three_sequence_rs/hccl_2039/test/st/algorithm/utils/src/hccl_verifier/task_graph_generator/task_graph_generator.cc:311] [26917][TaskGraphGenerator] taskNode not executable, push back to the queue.
[2026-06-11 15:36:28.797872][pid:26917][DEBUG][/home/crx/code/hccl_three_sequence_rs/hccl_2039/test/st/algorithm/utils/src/hccl_verifier/task_graph_generator/task_graph_generator.cc:311] [26917][TaskGraphGenerator] taskNode not executable, push back to the queue.
[2026-06-11 15:36:28.797882][pid:26917][DEBUG][/home/crx/code/hccl_three_sequence_rs/hccl_2039/test/st/algorithm/utils/src/hccl_verifier/task_graph_generator/task_graph_generator.cc:404] [26917][TaskGraphGenerator] peer PostNode of current WaitNode has already been seen.
[2026-06-11 15:36:28.797888][pid:26917][DEBUG][/home/crx/code/hccl_three_sequence_rs/hccl_2039/test/st/algorithm/utils/src/hccl_verifier/task_graph_generator/task_graph_generator.cc:311] [26917][TaskGraphGenerator] taskNode not executable, push back to the queue.
[2026-06-11 15:36:28.797892][pid:26917][DEBUG][/home/crx/code/hccl_three_sequence_rs/hccl_2039/test/st/algorithm/utils/src/hccl_verifier/task_graph_generator/task_graph_generator.cc:404] [26917][TaskGraphGenerator] peer PostNode of current WaitNode has already been seen.
[2026-06-11 15:36:28.797896][pid:26917][DEBUG][/home/crx/code/hccl_three_sequence_rs/hccl_2039/test/st/algorithm/utils/src/hccl_verifier/task_graph_generator/task_graph_generator.cc:311] [26917][TaskGraphGenerator] taskNode not executable, push back to the queue.
[2026-06-11 15:36:28.797900][pid:26917][DEBUG][/home/crx/code/hccl_three_sequence_rs/hccl_2039/test/st/algorithm/utils/src/hccl_verifier/task_graph_generator/task_graph_generator.cc:404] [26917][TaskGraphGenerator] peer PostNode of current WaitNode has already been seen.
[2026-06-11 15:36:28.797904][pid:26917][DEBUG][/home/crx/code/hccl_three_sequence_rs/hccl_2039/test/st/algorithm/utils/src/hccl_verifier/task_graph_generator/task_graph_generator.cc:311] [26917][TaskGraphGenerator] taskNode not executable, push back to the queue.
[2026-06-11 15:36:28.797908][pid:26917][DEBUG][/home/crx/code/hccl_three_sequence_rs/hccl_2039/test/st/algorithm/utils/src/hccl_verifier/task_graph_generator/task_graph_generator.cc:404] [26917][TaskGraphGenerator] peer PostNode of current WaitNode has already been seen.
[2026-06-11 15:36:28.797912][pid:26917][DEBUG][/home/crx/code/hccl_three_sequence_rs/hccl_2039/test/st/algorithm/utils/src/hccl_verifier/task_graph_generator/task_graph_generator.cc:311] [26917][TaskGraphGenerator] taskNode not executable, push back to the queue.
[2026-06-11 15:36:28.797915][pid:26917][DEBUG][/home/crx/code/hccl_three_sequence_rs/hccl_2039/test/st/algorithm/utils/src/hccl_verifier/task_graph_generator/task_graph_generator.cc:311] [26917][TaskGraphGenerator] taskNode not executable, push back to the queue.
[2026-06-11 15:36:28.797918][pid:26917][DEBUG][/home/crx/code/hccl_three_sequence_rs/hccl_2039/test/st/algorithm/utils/src/hccl_verifier/task_graph_generator/task_graph_generator.cc:311] [26917][TaskGraphGenerator] taskNode not executable, push back to the queue.
[2026-06-11 15:36:28.797921][pid:26917][DEBUG][/home/crx/code/hccl_three_sequence_rs/hccl_2039/test/st/algorithm/utils/src/hccl_verifier/task_graph_generator/task_graph_generator.cc:311] [26917][TaskGraphGenerator] taskNode not executable, push back to the queue.
[2026-06-11 15:36:28.797925][pid:26917][DEBUG][/home/crx/code/hccl_three_sequence_rs/hccl_2039/test/st/algorithm/utils/src/hccl_verifier/task_graph_generator/task_graph_generator.cc:311] [26917][TaskGraphGenerator] taskNode not executable, push back to the queue.
[2026-06-11 15:36:28.797928][pid:26917][DEBUG][/home/crx/code/hccl_three_sequence_rs/hccl_2039/test/st/algorithm/utils/src/hccl_verifier/task_graph_generator/task_graph_generator.cc:311] [26917][TaskGraphGenerator] taskNode not executable, push back to the queue.
[2026-06-11 15:36:28.797931][pid:26917][DEBUG][/home/crx/code/hccl_three_sequence_rs/hccl_2039/test/st/algorithm/utils/src/hccl_verifier/task_graph_generator/task_graph_generator.cc:311] [26917][TaskGraphGenerator] taskNode not executable, push back to the queue.
[2026-06-11 15:36:28.797934][pid:26917][DEBUG][/home/crx/code/hccl_three_sequence_rs/hccl_2039/test/st/algorithm/utils/src/hccl_verifier/task_graph_generator/task_graph_generator.cc:311] [26917][TaskGraphGenerator] taskNode not executable, push back to the queue.
[2026-06-11 15:36:28.798000][pid:26917][INFO][/home/crx/code/hccl_three_sequence_rs/hccl_2039/test/st/algorithm/utils/src/hccl_verifier/checker.cc:74] [26917]3. Task内存校验
[2026-06-11 15:36:28.798161][pid:26917][INFO][/home/crx/code/hccl_three_sequence_rs/hccl_2039/test/st/algorithm/utils/src/hccl_verifier/checker.cc:78] [26917]4. 图复制
[2026-06-11 15:36:28.798452][pid:26917][INFO][/home/crx/code/hccl_three_sequence_rs/hccl_2039/test/st/algorithm/utils/src/hccl_verifier/checker.cc:83] [26917]5. 图改造
[2026-06-11 15:36:28.798623][pid:26917][INFO][/home/crx/code/hccl_three_sequence_rs/hccl_2039/test/st/algorithm/utils/src/hccl_verifier/checker.cc:88] [26917]6. Rank内存校验
[2026-06-11 15:36:28.798995][pid:26917][INFO][/home/crx/code/hccl_three_sequence_rs/hccl_2039/test/st/algorithm/utils/src/hccl_verifier/checker.cc:94] [26917]7. 语义校验
[2026-06-11 15:36:28.799602][pid:26917][INFO][/home/crx/code/hccl_three_sequence_rs/hccl_2039/test/st/algorithm/utils/src/hccl_verifier/semantics_check/task_check_op_semantics.cc:678] [26917]gen GenMemSemantics success
[       OK ] ST_REDUCE_SCATTER_AICPU_TEST.st_reduce_scatter_a5_aicpu_meshnhrnhr_1x2x2rank_int8_max_test (214 ms)
[----------] 1 test from ST_REDUCE_SCATTER_AICPU_TEST (214 ms total)

[----------] Global test environment tear-down
[==========] 1 test from 1 test suite ran. (215 ms total)
[  PASSED  ] 1 test.
