st_build_shell = /home/crx/code/hccl_three_sequence_rs/hccl_2039/test/st/algorithm/build.sh
开始执行st...
-- The C compiler identification is GNU 11.4.0
-- The CXX compiler identification is GNU 11.4.0
-- Detecting C compiler ABI info
-- Detecting C compiler ABI info - done
-- Check for working C compiler: /usr/bin/cc - skipped
-- Detecting C compile features
-- Detecting C compile features - done
-- Detecting CXX compiler ABI info
-- Detecting CXX compiler ABI info - done
-- Check for working CXX compiler: /usr/bin/c++ - skipped
-- Detecting CXX compile features
-- Detecting CXX compile features - done
-- Final Ascend Path: /home/crx/toolkit/cann-9.1.0/x86_64-linux
-- [ST] Detected CANN_VERSION_NUM = 90100000
-- [ThirdParty] GTEST_INSTALL_PATH=/home/crx/code/hccl_three_sequence_rs/hccl_2039/test/st/algorithm/../../../third_party/gtest
-- Found gtest: /home/crx/code/hccl_three_sequence_rs/hccl_2039/third_party/gtest/include  
-- [ThirdParty] Found GTest: TRUE
-- [ThirdParty] GTest found in /home/crx/code/hccl_three_sequence_rs/hccl_2039/test/st/algorithm/../../../third_party/gtest, and not force rebuild cann third_party
-- utils path= /home/crx/code/hccl_three_sequence_rs/hccl_2039/test/st/algorithm/utils/src
-- Configuring done
-- Generating done
-- Build files have been written to: /home/crx/code/hccl_three_sequence_rs/hccl_2039/test/st/algorithm/build
[  0%] Building CXX object utils/src/hccl_depends_stub/CMakeFiles/hcomm.dir/hccl_depends_stub.cc.o
[  0%] Building CXX object utils/src/hccl_depends_stub/CMakeFiles/acl_rt.dir/hccl_depends_stub.cc.o
[  1%] Building CXX object utils/src/hccl_depends_stub/CMakeFiles/unified_dlog.dir/hccl_depends_stub.cc.o
[  1%] Building CXX object utils/src/hccl_verifier/CMakeFiles/hccl-verifier.dir/mem_conflict_check/check_rank_mem.cc.o
[  1%] Building CXX object utils/src/aicpu/CMakeFiles/scatter_aicpu_kernel.dir/home/crx/code/hccl_three_sequence_rs/hccl_2039/src/common/utils.cc.o
[  1%] Building CXX object utils/src/hccl_verifier/CMakeFiles/hccl-verifier.dir/checker.cc.o
[  2%] Building CXX object utils/src/hccl_verifier/CMakeFiles/hccl-verifier.dir/hccl_verifier.cc.o
[  3%] Building CXX object utils/src/hccl_verifier/CMakeFiles/hccl-verifier.dir/mem_conflict_check/task_graph_revamp.cc.o
[  4%] Linking CXX shared library libunified_dlog.so
[  5%] Linking CXX shared library libhcomm.so
[  6%] Linking CXX shared library libacl_rt.so
[  6%] Built target acl_rt
[  6%] Built target hcomm
[  7%] Building CXX object utils/src/hccl_verifier/CMakeFiles/hccl-verifier.dir/semantics_check/task_check_op_semantics.cc.o
[  7%] Building CXX object utils/src/hccl_verifier/CMakeFiles/hccl-verifier.dir/semantics_check/allgather_semantics_checker.cc.o
[  7%] Built target unified_dlog
[  8%] Building CXX object utils/src/hccl_verifier/CMakeFiles/hccl-verifier.dir/semantics_check/allgather_v_semantics_checker.cc.o
[  8%] Building CXX object utils/src/hccl_verifier/CMakeFiles/hccl-verifier.dir/semantics_check/allreduce_semantics_checker.cc.o
[  9%] Building CXX object utils/src/hccl_verifier/CMakeFiles/hccl-verifier.dir/semantics_check/reduce_scatter_v_semantics_checker.cc.o
[ 10%] Building CXX object utils/src/aicpu/CMakeFiles/scatter_aicpu_kernel.dir/home/crx/code/hccl_three_sequence_rs/hccl_2039/src/common/config_log.cc.o
[ 11%] Building CXX object utils/src/hccl_verifier/CMakeFiles/hccl-verifier.dir/semantics_check/reduce_scatter_semantics_checker.cc.o
[ 11%] Building CXX object utils/src/hccl_verifier/CMakeFiles/hccl-verifier.dir/semantics_check/all2all_semantics_checker.cc.o
[ 12%] Building CXX object utils/src/aicpu/CMakeFiles/scatter_aicpu_kernel.dir/home/crx/code/hccl_three_sequence_rs/hccl_2039/src/common/sal.cc.o
[ 13%] Building CXX object utils/src/hccl_verifier/CMakeFiles/hccl-verifier.dir/semantics_check/all2allv_semantics_checker.cc.o
[ 14%] Building CXX object utils/src/hccl_verifier/CMakeFiles/hccl-verifier.dir/semantics_check/broadcast_semantics_checker.cc.o
[ 14%] Building CXX object utils/src/hccl_verifier/CMakeFiles/hccl-verifier.dir/semantics_check/reduce_semantics_checker.cc.o
[ 15%] Building CXX object utils/src/hccl_verifier/CMakeFiles/hccl-verifier.dir/semantics_check/send_recv_semantics_checker.cc.o
[ 15%] Building CXX object utils/src/aicpu/CMakeFiles/scatter_aicpu_kernel.dir/home/crx/code/hccl_three_sequence_rs/hccl_2039/src/common/log.cc.o
[ 15%] Building CXX object utils/src/hccl_verifier/CMakeFiles/hccl-verifier.dir/semantics_check/scatter_semantics_checker.cc.o
[ 16%] Building CXX object utils/src/hccl_verifier/CMakeFiles/hccl-verifier.dir/semantics_check/batchsendrecv_semantics_checker.cc.o
[ 17%] Building CXX object utils/src/hccl_verifier/CMakeFiles/hccl-verifier.dir/singletask_check/singletask_check.cc.o
[ 18%] Building CXX object utils/src/aicpu/CMakeFiles/scatter_aicpu_kernel.dir/home/crx/code/hccl_three_sequence_rs/hccl_2039/src/common/adapter_error_manager_pub.cc.o
[ 18%] Building CXX object utils/src/aicpu/CMakeFiles/scatter_aicpu_kernel.dir/home/crx/code/hccl_three_sequence_rs/hccl_2039/src/common/alg_env_config.cc.o
[ 18%] Building CXX object utils/src/hccl_verifier/CMakeFiles/hccl-verifier.dir/task_graph_generator/task_graph_generator.cc.o
[ 19%] Building CXX object utils/src/aicpu/CMakeFiles/scatter_aicpu_kernel.dir/home/crx/code/hccl_three_sequence_rs/hccl_2039/src/common/hcomm_dlsym/hcomm_primitives_dl.cc.o
[ 20%] Building CXX object utils/src/aicpu/CMakeFiles/scatter_aicpu_kernel.dir/home/crx/code/hccl_three_sequence_rs/hccl_2039/src/ops/op_common/exec_timeout_manager.cc.o
[ 20%] Building CXX object utils/src/aicpu/CMakeFiles/scatter_aicpu_kernel.dir/home/crx/code/hccl_three_sequence_rs/hccl_2039/src/ops/op_common/executor/channel/channel.cc.o
[ 21%] Building CXX object utils/src/aicpu/CMakeFiles/scatter_aicpu_kernel.dir/home/crx/code/hccl_three_sequence_rs/hccl_2039/src/ops/op_common/executor/channel/channel_request.cc.o
[ 22%] Building CXX object utils/src/aicpu/CMakeFiles/scatter_aicpu_kernel.dir/home/crx/code/hccl_three_sequence_rs/hccl_2039/src/ops/op_common/executor/registry/coll_alg_exec_registry.cc.o
[ 22%] Building CXX object utils/src/aicpu/CMakeFiles/scatter_aicpu_kernel.dir/home/crx/code/hccl_three_sequence_rs/hccl_2039/src/ops/op_common/executor/registry/coll_alg_v2_exec_registry.cc.o
[ 23%] Building CXX object utils/src/aicpu/CMakeFiles/scatter_aicpu_kernel.dir/home/crx/code/hccl_three_sequence_rs/hccl_2039/src/ops/op_common/executor/executor_base.cc.o
[ 23%] Building CXX object utils/src/aicpu/CMakeFiles/scatter_aicpu_kernel.dir/home/crx/code/hccl_three_sequence_rs/hccl_2039/src/ops/op_common/executor/executor_v2_base.cc.o
[ 24%] Building CXX object utils/src/aicpu/CMakeFiles/scatter_aicpu_kernel.dir/home/crx/code/hccl_three_sequence_rs/hccl_2039/src/ops/op_common/template/alg_template_base.cc.o
[ 25%] Linking CXX shared library libhccl-verifier.so
[ 25%] Built target hccl-verifier
[ 26%] Building CXX object utils/src/aicpu/CMakeFiles/scatter_aicpu_kernel.dir/home/crx/code/hccl_three_sequence_rs/hccl_2039/src/ops/op_common/template/alg_v2_template_base.cc.o
[ 26%] Building CXX object utils/src/aicpu/CMakeFiles/scatter_aicpu_kernel.dir/home/crx/code/hccl_three_sequence_rs/hccl_2039/src/ops/op_common/template/template_utils.cc.o
[ 27%] Building CXX object utils/src/aicpu/CMakeFiles/scatter_aicpu_kernel.dir/home/crx/code/hccl_three_sequence_rs/hccl_2039/src/ops/op_common/template/aicpu/kernel_launch.cc.o
[ 28%] Building CXX object utils/src/aicpu/CMakeFiles/scatter_aicpu_kernel.dir/home/crx/code/hccl_three_sequence_rs/hccl_2039/src/ops/op_common/template/aicpu/dfx/task_exception_fun.cc.o
[ 28%] Building CXX object utils/src/aicpu/CMakeFiles/scatter_aicpu_kernel.dir/home/crx/code/hccl_three_sequence_rs/hccl_2039/src/ops/op_common/template/registry/alg_template_register.cc.o
[ 29%] Building CXX object utils/src/aicpu/CMakeFiles/scatter_aicpu_kernel.dir/home/crx/code/hccl_three_sequence_rs/hccl_2039/src/ops/op_common/template/registry/alg_v2_template_register.cc.o
[ 29%] Building CXX object utils/src/aicpu/CMakeFiles/scatter_aicpu_kernel.dir/home/crx/code/hccl_three_sequence_rs/hccl_2039/src/ops/op_common/template/wrapper/alg_data_trans_wrapper.cc.o
[ 30%] Building CXX object utils/src/aicpu/CMakeFiles/scatter_aicpu_kernel.dir/home/crx/code/hccl_three_sequence_rs/hccl_2039/src/ops/op_common/template/wrapper/dpu_alg_data_trans_wrapper.cc.o
[ 31%] Building CXX object utils/src/aicpu/CMakeFiles/scatter_aicpu_kernel.dir/home/crx/code/hccl_three_sequence_rs/hccl_2039/src/ops/op_common/topo/topo.cc.o
[ 31%] Building CXX object utils/src/aicpu/CMakeFiles/scatter_aicpu_kernel.dir/home/crx/code/hccl_three_sequence_rs/hccl_2039/src/ops/op_common/topo/topo_match_1d.cc.o
[ 32%] Building CXX object utils/src/aicpu/CMakeFiles/scatter_aicpu_kernel.dir/home/crx/code/hccl_three_sequence_rs/hccl_2039/src/ops/op_common/topo/topo_match_base.cc.o
[ 32%] Building CXX object utils/src/aicpu/CMakeFiles/scatter_aicpu_kernel.dir/home/crx/code/hccl_three_sequence_rs/hccl_2039/src/ops/op_common/topo/topo_match_multilevel.cc.o
[ 33%] Building CXX object utils/src/aicpu/CMakeFiles/scatter_aicpu_kernel.dir/home/crx/code/hccl_three_sequence_rs/hccl_2039/src/ops/op_common/topo/topo_match_ubx.cc.o
[ 34%] Building CXX object utils/src/aicpu/CMakeFiles/scatter_aicpu_kernel.dir/home/crx/code/hccl_three_sequence_rs/hccl_2039/src/ops/op_common/topo/topo_match_pcie_mix.cc.o
[ 34%] Building CXX object utils/src/aicpu/CMakeFiles/scatter_aicpu_kernel.dir/home/crx/code/hccl_three_sequence_rs/hccl_2039/src/ops/scatter/algo/scatter_comm_executor.cc.o
[ 35%] Building CXX object utils/src/aicpu/CMakeFiles/scatter_aicpu_kernel.dir/home/crx/code/hccl_three_sequence_rs/hccl_2039/src/ops/scatter/algo/scatter_executor_base.cc.o
[ 36%] Building CXX object utils/src/aicpu/CMakeFiles/scatter_aicpu_kernel.dir/home/crx/code/hccl_three_sequence_rs/hccl_2039/src/ops/scatter/algo/scatter_mesh_executor.cc.o
[ 36%] Building CXX object utils/src/aicpu/CMakeFiles/scatter_aicpu_kernel.dir/home/crx/code/hccl_three_sequence_rs/hccl_2039/src/ops/scatter/algo/scatter_ring_executor.cc.o
[ 37%] Building CXX object utils/src/aicpu/CMakeFiles/scatter_aicpu_kernel.dir/home/crx/code/hccl_three_sequence_rs/hccl_2039/src/ops/scatter/algo/scatter_single_executor.cc.o
[ 37%] Building CXX object utils/src/aicpu/CMakeFiles/scatter_aicpu_kernel.dir/home/crx/code/hccl_three_sequence_rs/hccl_2039/src/ops/scatter/algo/template/nhr_base.cc.o
[ 38%] Building CXX object utils/src/aicpu/CMakeFiles/scatter_aicpu_kernel.dir/home/crx/code/hccl_three_sequence_rs/hccl_2039/src/ops/scatter/algo/template/scatter_mesh.cc.o
[ 39%] Building CXX object utils/src/aicpu/CMakeFiles/scatter_aicpu_kernel.dir/home/crx/code/hccl_three_sequence_rs/hccl_2039/src/ops/scatter/algo/template/scatter_nb.cc.o
[ 39%] Building CXX object utils/src/aicpu/CMakeFiles/scatter_aicpu_kernel.dir/home/crx/code/hccl_three_sequence_rs/hccl_2039/src/ops/scatter/algo/template/scatter_nhr.cc.o
[ 40%] Building CXX object utils/src/aicpu/CMakeFiles/scatter_aicpu_kernel.dir/home/crx/code/hccl_three_sequence_rs/hccl_2039/src/ops/scatter/algo/template/scatter_ring_direct.cc.o
[ 40%] Building CXX object utils/src/aicpu/CMakeFiles/scatter_aicpu_kernel.dir/home/crx/code/hccl_three_sequence_rs/hccl_2039/src/ops/scatter/algo/template/scatter_ring.cc.o
[ 41%] Building CXX object utils/src/aicpu/CMakeFiles/scatter_aicpu_kernel.dir/home/crx/code/hccl_three_sequence_rs/hccl_2039/src/ops/scatter/executor/ins_v2_scatter_sole_executor.cc.o
[ 42%] Building CXX object utils/src/aicpu/CMakeFiles/scatter_aicpu_kernel.dir/home/crx/code/hccl_three_sequence_rs/hccl_2039/src/ops/scatter/executor/ins_v2_scatter_parallel_executor.cc.o
[ 42%] Building CXX object utils/src/aicpu/CMakeFiles/scatter_aicpu_kernel.dir/home/crx/code/hccl_three_sequence_rs/hccl_2039/src/ops/scatter/template/aicpu/ins_temp_scatter_mesh_1D.cc.o
[ 43%] Building CXX object utils/src/aicpu/CMakeFiles/scatter_aicpu_kernel.dir/home/crx/code/hccl_three_sequence_rs/hccl_2039/src/ops/scatter/template/aicpu/ins_temp_scatter_nhr.cc.o
[ 44%] Building CXX object utils/src/aicpu/CMakeFiles/scatter_aicpu_kernel.dir/home/crx/code/hccl_three_sequence_rs/hccl_2039/src/ops/reduce_scatter/executor/ins_v2_reduce_scatter_sole_executor.cc.o
[ 44%] Building CXX object utils/src/aicpu/CMakeFiles/scatter_aicpu_kernel.dir/home/crx/code/hccl_three_sequence_rs/hccl_2039/src/ops/reduce_scatter/executor/ins_reduce_scatter_parallel_executor.cc.o
[ 45%] Building CXX object utils/src/aicpu/CMakeFiles/scatter_aicpu_kernel.dir/home/crx/code/hccl_three_sequence_rs/hccl_2039/src/ops/reduce_scatter/executor/ins_v2_reduce_scatter_sequence_executor.cc.o
[ 45%] Building CXX object utils/src/aicpu/CMakeFiles/scatter_aicpu_kernel.dir/home/crx/code/hccl_three_sequence_rs/hccl_2039/src/ops/reduce_scatter/executor/ins_v2_reduce_scatter_sequence_executor_aicpu.cc.o
[ 46%] Building CXX object utils/src/aicpu/CMakeFiles/scatter_aicpu_kernel.dir/home/crx/code/hccl_three_sequence_rs/hccl_2039/src/ops/reduce_scatter/executor/ins_v2_reduce_scatter_sequence_executor_3level.cc.o
[ 47%] Building CXX object utils/src/aicpu/CMakeFiles/scatter_aicpu_kernel.dir/home/crx/code/hccl_three_sequence_rs/hccl_2039/src/ops/reduce_scatter/template/aicpu/ins_temp_reduce_scatter_mesh_1D.cc.o
[ 47%] Building CXX object utils/src/aicpu/CMakeFiles/scatter_aicpu_kernel.dir/home/crx/code/hccl_three_sequence_rs/hccl_2039/src/ops/reduce_scatter/template/aicpu/ins_temp_reduce_scatter_nhr.cc.o
[ 48%] Building CXX object utils/src/aicpu/CMakeFiles/scatter_aicpu_kernel.dir/home/crx/code/hccl_three_sequence_rs/hccl_2039/src/ops/reduce_scatter/template/aicpu/ins_temp_reduce_scatter_mesh_1D_meshchunk.cc.o
[ 48%] Building CXX object utils/src/aicpu/CMakeFiles/scatter_aicpu_kernel.dir/home/crx/code/hccl_three_sequence_rs/hccl_2039/src/ops/reduce_scatter/template/aicpu/ins_temp_reduce_scatter_mesh_1D_Z_axis_detour.cc.o
[ 49%] Building CXX object utils/src/aicpu/CMakeFiles/scatter_aicpu_kernel.dir/home/crx/code/hccl_three_sequence_rs/hccl_2039/src/ops/reduce_scatter/template/aicpu/ins_temp_reduce_scatter_mesh_1d_dpu.cc.o
[ 50%] Building CXX object utils/src/aicpu/CMakeFiles/scatter_aicpu_kernel.dir/home/crx/code/hccl_three_sequence_rs/hccl_2039/src/ops/all_gather/executor/ins_v2_all_gather_sole_executor.cc.o
[ 50%] Building CXX object utils/src/aicpu/CMakeFiles/scatter_aicpu_kernel.dir/home/crx/code/hccl_three_sequence_rs/hccl_2039/src/ops/all_gather/executor/ins_v2_all_gather_parallel_executor.cc.o
[ 51%] Building CXX object utils/src/aicpu/CMakeFiles/scatter_aicpu_kernel.dir/home/crx/code/hccl_three_sequence_rs/hccl_2039/src/ops/all_gather/executor/ins_v2_all_gather_sequence_executor_aicpu.cc.o
[ 52%] Building CXX object utils/src/aicpu/CMakeFiles/scatter_aicpu_kernel.dir/home/crx/code/hccl_three_sequence_rs/hccl_2039/src/ops/all_gather/template/aicpu/ins_temp_all_gather_mesh_1D.cc.o
[ 52%] Building CXX object utils/src/aicpu/CMakeFiles/scatter_aicpu_kernel.dir/home/crx/code/hccl_three_sequence_rs/hccl_2039/src/ops/all_gather/template/aicpu/ins_temp_all_gather_nhr.cc.o
[ 53%] Building CXX object utils/src/aicpu/CMakeFiles/scatter_aicpu_kernel.dir/home/crx/code/hccl_three_sequence_rs/hccl_2039/src/ops/all_gather/template/aicpu/ins_temp_all_gather_mesh_1D_Z_axis_detour.cc.o
[ 53%] Building CXX object utils/src/aicpu/CMakeFiles/scatter_aicpu_kernel.dir/home/crx/code/hccl_three_sequence_rs/hccl_2039/src/ops/all_gather/executor/ins_v2_all_gather_sequence_executor.cc.o
[ 54%] Building CXX object utils/src/aicpu/CMakeFiles/scatter_aicpu_kernel.dir/home/crx/code/hccl_three_sequence_rs/hccl_2039/src/ops/all_gather/template/aicpu/ins_temp_all_gather_nhr_dpu.cc.o
[ 55%] Building CXX object utils/src/aicpu/CMakeFiles/scatter_aicpu_kernel.dir/home/crx/code/hccl_three_sequence_rs/hccl_2039/src/ops/all_reduce/template/aicpu/ins_temp_all_gather_mesh_1D_intra.cc.o
[ 55%] Building CXX object utils/src/aicpu/CMakeFiles/scatter_aicpu_kernel.dir/home/crx/code/hccl_three_sequence_rs/hccl_2039/src/ops/all_reduce/template/aicpu/ins_temp_all_gather_nhr_dpu_inter.cc.o
[ 56%] Building CXX object utils/src/aicpu/CMakeFiles/scatter_aicpu_kernel.dir/home/crx/code/hccl_three_sequence_rs/hccl_2039/src/ops/all_reduce/template/aicpu/ins_temp_reduce_scatter_mesh_1D_dpu_inter.cc.o
[ 57%] Building CXX object utils/src/aicpu/CMakeFiles/scatter_aicpu_kernel.dir/home/crx/code/hccl_three_sequence_rs/hccl_2039/src/ops/all_reduce/template/aicpu/ins_temp_reduce_scatter_mesh_1D_intra.cc.o
[ 57%] Building CXX object utils/src/aicpu/CMakeFiles/scatter_aicpu_kernel.dir/home/crx/code/hccl_three_sequence_rs/hccl_2039/src/ops/all_gather_v/executor/ins_v2_all_gather_v_sole_executor.cc.o
[ 58%] Building CXX object utils/src/aicpu/CMakeFiles/scatter_aicpu_kernel.dir/home/crx/code/hccl_three_sequence_rs/hccl_2039/src/ops/all_gather_v/template/aicpu/ins_temp_all_gather_v_mesh_1D.cc.o
[ 58%] Building CXX object utils/src/aicpu/CMakeFiles/scatter_aicpu_kernel.dir/home/crx/code/hccl_three_sequence_rs/hccl_2039/src/ops/all_to_all_v/executor/ins_v2_all_to_all_v_sole_executor.cc.o
[ 59%] Building CXX object utils/src/aicpu/CMakeFiles/scatter_aicpu_kernel.dir/home/crx/code/hccl_three_sequence_rs/hccl_2039/src/ops/all_to_all_v/template/aicpu/ins_temp_all_to_all_v_mesh_1D.cc.o
[ 60%] Building CXX object utils/src/aicpu/CMakeFiles/scatter_aicpu_kernel.dir/home/crx/code/hccl_three_sequence_rs/hccl_2039/src/ops/all_to_all_v/template/aicpu/ins_temp_dpu_alltoall_mesh.cc.o
[ 60%] Building CXX object utils/src/aicpu/CMakeFiles/scatter_aicpu_kernel.dir/home/crx/code/hccl_three_sequence_rs/hccl_2039/src/ops/send/executor/ins_v2_send_sole_executor.cc.o
[ 61%] Building CXX object utils/src/aicpu/CMakeFiles/scatter_aicpu_kernel.dir/home/crx/code/hccl_three_sequence_rs/hccl_2039/src/ops/send/executor/ins_send_executor.cc.o
[ 61%] Building CXX object utils/src/aicpu/CMakeFiles/scatter_aicpu_kernel.dir/home/crx/code/hccl_three_sequence_rs/hccl_2039/src/ops/send/template/ins_temp_send_dpu.cc.o
[ 62%] Building CXX object utils/src/aicpu/CMakeFiles/scatter_aicpu_kernel.dir/home/crx/code/hccl_three_sequence_rs/hccl_2039/src/ops/recv/executor/ins_v2_recv_sole_executor.cc.o
[ 63%] Building CXX object utils/src/aicpu/CMakeFiles/scatter_aicpu_kernel.dir/home/crx/code/hccl_three_sequence_rs/hccl_2039/src/ops/recv/executor/ins_recv_executor.cc.o
[ 63%] Building CXX object utils/src/aicpu/CMakeFiles/scatter_aicpu_kernel.dir/home/crx/code/hccl_three_sequence_rs/hccl_2039/src/ops/recv/template/ins_temp_recv_dpu.cc.o
[ 64%] Building CXX object utils/src/aicpu/CMakeFiles/scatter_aicpu_kernel.dir/home/crx/code/hccl_three_sequence_rs/hccl_2039/src/ops/all_reduce/executor/ins_v2_all_reduce_sole_executor.cc.o
[ 65%] Building CXX object utils/src/aicpu/CMakeFiles/scatter_aicpu_kernel.dir/home/crx/code/hccl_three_sequence_rs/hccl_2039/src/ops/all_reduce/executor/ins_v2_all_reduce_parallel_executor.cc.o
[ 65%] Building CXX object utils/src/aicpu/CMakeFiles/scatter_aicpu_kernel.dir/home/crx/code/hccl_three_sequence_rs/hccl_2039/src/ops/all_reduce/executor/ins_v2_all_reduce_sequence_executor.cc.o
[ 66%] Building CXX object utils/src/aicpu/CMakeFiles/scatter_aicpu_kernel.dir/home/crx/code/hccl_three_sequence_rs/hccl_2039/src/ops/all_reduce/executor/ins_v2_all_reduce_sequence_executor_aicpu.cc.o
[ 66%] Building CXX object utils/src/aicpu/CMakeFiles/scatter_aicpu_kernel.dir/home/crx/code/hccl_three_sequence_rs/hccl_2039/src/ops/all_reduce/executor/ins_v2_all_reduce_two_shot_sole_executor.cc.o
[ 67%] Building CXX object utils/src/aicpu/CMakeFiles/scatter_aicpu_kernel.dir/home/crx/code/hccl_three_sequence_rs/hccl_2039/src/ops/all_reduce/template/aicpu/ins_temp_all_reduce_mesh_1D_one_shot.cc.o
[ 68%] Building CXX object utils/src/aicpu/CMakeFiles/scatter_aicpu_kernel.dir/home/crx/code/hccl_three_sequence_rs/hccl_2039/src/ops/all_reduce/template/aicpu/ins_temp_all_reduce_mesh_1D_two_shot.cc.o
[ 68%] Building CXX object utils/src/aicpu/CMakeFiles/scatter_aicpu_kernel.dir/home/crx/code/hccl_three_sequence_rs/hccl_2039/src/ops/all_reduce/template/aicpu/ins_temp_all_reduce_nhr.cc.o
[ 69%] Building CXX object utils/src/aicpu/CMakeFiles/scatter_aicpu_kernel.dir/home/crx/code/hccl_three_sequence_rs/hccl_2039/src/ops/all_reduce/template/aicpu/ins_temp_all_reduce_aicpu_reduce_nhr.cc.o
[ 69%] Building CXX object utils/src/aicpu/CMakeFiles/scatter_aicpu_kernel.dir/home/crx/code/hccl_three_sequence_rs/hccl_2039/src/ops/all_reduce/template/aicpu/ins_temp_all_reduce_mesh_1D_two_shot_mesh_chunk.cc.o
[ 70%] Building CXX object utils/src/aicpu/CMakeFiles/scatter_aicpu_kernel.dir/home/crx/code/hccl_three_sequence_rs/hccl_2039/src/ops/broadcast/executor/ins_v2_broadcast_sole_executor.cc.o
[ 71%] Building CXX object utils/src/aicpu/CMakeFiles/scatter_aicpu_kernel.dir/home/crx/code/hccl_three_sequence_rs/hccl_2039/src/ops/broadcast/executor/ins_v2_broadcast_parallel_executor.cc.o
[ 71%] Building CXX object utils/src/aicpu/CMakeFiles/scatter_aicpu_kernel.dir/home/crx/code/hccl_three_sequence_rs/hccl_2039/src/ops/broadcast/template/aicpu/ins_temp_broadcast_mesh_1D_two_shot.cc.o
[ 72%] Building CXX object utils/src/aicpu/CMakeFiles/scatter_aicpu_kernel.dir/home/crx/code/hccl_three_sequence_rs/hccl_2039/src/ops/broadcast/template/aicpu/ins_temp_broadcast_nhr.cc.o
[ 73%] Building CXX object utils/src/aicpu/CMakeFiles/scatter_aicpu_kernel.dir/home/crx/code/hccl_three_sequence_rs/hccl_2039/src/ops/batch_send_recv/executor/ins_v2_batch_send_recv_executor.cc.o
[ 73%] Building CXX object utils/src/aicpu/CMakeFiles/scatter_aicpu_kernel.dir/home/crx/code/hccl_three_sequence_rs/hccl_2039/src/ops/reduce/executor/reduce_sole_executor.cc.o
[ 74%] Building CXX object utils/src/aicpu/CMakeFiles/scatter_aicpu_kernel.dir/home/crx/code/hccl_three_sequence_rs/hccl_2039/src/ops/reduce/executor/reduce_parallel_executor.cc.o
[ 74%] Building CXX object utils/src/aicpu/CMakeFiles/scatter_aicpu_kernel.dir/home/crx/code/hccl_three_sequence_rs/hccl_2039/src/ops/reduce/template/aicpu/reduce_mesh_1D.cc.o
[ 75%] Building CXX object utils/src/aicpu/CMakeFiles/scatter_aicpu_kernel.dir/home/crx/code/hccl_three_sequence_rs/hccl_2039/src/ops/reduce/template/aicpu/reduce_nhr.cc.o
[ 76%] Building CXX object utils/src/aicpu/CMakeFiles/scatter_aicpu_kernel.dir/home/crx/code/hccl_three_sequence_rs/hccl_2039/src/ops/reduce/template/aicpu/reduce_aicpu_reduce_nhr.cc.o
[ 76%] Linking CXX shared library libscatter_aicpu_kernel.so
[ 76%] Built target scatter_aicpu_kernel
[ 77%] Building CXX object utils/src/CMakeFiles/hccl-model-proxy.dir/sim_world/comm_domain.cc.o
[ 79%] Building CXX object utils/src/CMakeFiles/hccl-model-proxy.dir/sim_world/sim_task.cc.o
[ 78%] Building CXX object utils/src/CMakeFiles/hccl-model-proxy.dir/sim_world/sim_npu.cc.o
[ 79%] Building CXX object utils/src/CMakeFiles/hccl-model-proxy.dir/sim_world/sim_world.cc.o
[ 79%] Building CXX object utils/src/CMakeFiles/hccl-model-proxy.dir/sim_world/sim_task_queue.cc.o
[ 79%] Building CXX object utils/src/CMakeFiles/hccl-model-proxy.dir/hccl_proxy/aclrt_stub.cc.o
[ 80%] Building CXX object utils/src/CMakeFiles/hccl-model-proxy.dir/hccl_proxy/hccl_stub.cc.o
[ 81%] Building CXX object utils/src/CMakeFiles/hccl-model-proxy.dir/hccl_proxy/hcclinner_stub.cc.o
[ 81%] Building CXX object utils/src/CMakeFiles/hccl-model-proxy.dir/hccl_proxy/log_stub.cc.o
[ 82%] Building CXX object utils/src/CMakeFiles/hccl-model-proxy.dir/hccl_proxy/error_manager_stub.cc.o
[ 83%] Building CXX object utils/src/CMakeFiles/hccl-model-proxy.dir/hccl_proxy/hcomm_ccu_stub.cc.o
[ 83%] Building CXX object utils/src/CMakeFiles/hccl-model-proxy.dir/hccl_proxy/hccl_profiling_dfx_stub.cc.o
[ 84%] Building CXX object utils/src/CMakeFiles/hccl-model-proxy.dir/hccl_proxy/communicator/sim_communicator.cc.o
[ 84%] Building CXX object utils/src/CMakeFiles/hccl-model-proxy.dir/hccl_proxy/communicator/sim_thread_manager.cc.o
[ 85%] Building CXX object utils/src/CMakeFiles/hccl-model-proxy.dir/hccl_proxy/communicator/sim_thread.cc.o
[ 86%] Building CXX object utils/src/CMakeFiles/hccl-model-proxy.dir/hccl_proxy/communicator/sim_channel.cc.o
[ 86%] Building CXX object utils/src/CMakeFiles/hccl-model-proxy.dir/hccl_proxy/communicator/sim_channel_manager.cc.o
[ 87%] Building CXX object utils/src/CMakeFiles/hccl-model-proxy.dir/hccl_proxy/communicator/sim_channel_exchange_handler.cc.o
[ 87%] Building CXX object utils/src/CMakeFiles/hccl-model-proxy.dir/hccl_proxy/communicator/sim_context_manager.cc.o
[ 88%] Building CXX object utils/src/CMakeFiles/hccl-model-proxy.dir/hccl_proxy/topo_model/topo_model.cc.o
[ 89%] Building CXX object utils/src/CMakeFiles/hccl-model-proxy.dir/common/exception/exception_defination.cc.o
[ 89%] Building CXX object utils/src/CMakeFiles/hccl-model-proxy.dir/common/exception/hccl_exception.cc.o
[ 90%] Building CXX object utils/src/CMakeFiles/hccl-model-proxy.dir/common/utils/check_utils.cc.o
[ 91%] Linking CXX shared library libhccl-model-proxy.so
[ 91%] Built target hccl-model-proxy
[ 92%] Building CXX object testcase/CMakeFiles/hccl_checker_ops_stest.dir/all_reduce_parallel_testcase.cc.o
[ 93%] Building CXX object testcase/CMakeFiles/hccl_checker_ops_stest.dir/all_gather_aicpu_testcase.cc.o
[ 92%] Building CXX object testcase/CMakeFiles/hccl_checker_ops_stest.dir/scatter_testcase.cc.o
[ 94%] Building CXX object testcase/CMakeFiles/hccl_checker_ops_stest.dir/all_reduce_testcase.cc.o
[ 94%] Building CXX object testcase/CMakeFiles/hccl_checker_ops_stest.dir/main.cc.o
[ 94%] Building CXX object testcase/CMakeFiles/hccl_checker_ops_stest.dir/all_gather_v_testcase.cc.o
[ 95%] Building CXX object testcase/CMakeFiles/hccl_checker_ops_stest.dir/all_gather_dpu_testcase.cc.o
[ 96%] Building CXX object testcase/CMakeFiles/hccl_checker_ops_stest.dir/reduce_scatter_aicpu_testcase.cc.o
[ 96%] Building CXX object testcase/CMakeFiles/hccl_checker_ops_stest.dir/reduce_scatter_v_testcase.cc.o
[ 97%] Building CXX object testcase/CMakeFiles/hccl_checker_ops_stest.dir/reduce_scatter_3level_testcase.cc.o
[ 98%] Building CXX object testcase/CMakeFiles/hccl_checker_ops_stest.dir/alltoall_testcase.cc.o
[ 98%] Building CXX object testcase/CMakeFiles/hccl_checker_ops_stest.dir/alltoallv_testcase.cc.o
[ 99%] Building CXX object testcase/CMakeFiles/hccl_checker_ops_stest.dir/alltoallvc_testcase.cc.o
[100%] Linking CXX executable hccl_checker_ops_stest
[100%] Built target hccl_checker_ops_stest
[2026-06-08 10:45:15.001950][pid:20596][INFO][alg_template_register.cc:36] [20596][AlgTemplateRegistry]template type[0] already registered.
[2026-06-08 10:45:15.002031][pid:20596][INFO][alg_template_register.cc:36] [20596][AlgTemplateRegistry]template type[2] already registered.
[2026-06-08 10:45:15.002051][pid:20596][INFO][alg_template_register.cc:36] [20596][AlgTemplateRegistry]template type[3] already registered.
[2026-06-08 10:45:15.002067][pid:20596][INFO][alg_template_register.cc:36] [20596][AlgTemplateRegistry]template type[4] already registered.
[2026-06-08 10:45:15.002085][pid:20596][INFO][alg_template_register.cc:36] [20596][AlgTemplateRegistry]template type[1] already registered.
[2026-06-08 10:45:15.002250][pid:20596][INFO][coll_alg_v2_exec_registry.cc:26] [20596][CollAlgExecRegistryV2]Exec tag[InsScatterMesh1D] already registered.
[2026-06-08 10:45:15.002257][pid:20596][INFO][coll_alg_v2_exec_registry.cc:26] [20596][CollAlgExecRegistryV2]Exec tag[InsScatterNHR] already registered.
[2026-06-08 10:45:15.002301][pid:20596][INFO][coll_alg_v2_exec_registry.cc:26] [20596][CollAlgExecRegistryV2]Exec tag[InsScatterParallelMesh1DNHR] already registered.
[2026-06-08 10:45:15.002308][pid:20596][INFO][coll_alg_v2_exec_registry.cc:26] [20596][CollAlgExecRegistryV2]Exec tag[InsScatterParallelMesh1DNHRPcie] already registered.
[2026-06-08 10:45:15.002311][pid:20596][INFO][coll_alg_v2_exec_registry.cc:26] [20596][CollAlgExecRegistryV2]Exec tag[InsScatterParallelMesh1DNHRUBX] already registered.
[2026-06-08 10:45:15.003049][pid:20596][INFO][coll_alg_v2_exec_registry.cc:26] [20596][CollAlgExecRegistryV2]Exec tag[InsReduceScatterMesh1D] already registered.
[2026-06-08 10:45:15.003057][pid:20596][INFO][coll_alg_v2_exec_registry.cc:26] [20596][CollAlgExecRegistryV2]Exec tag[InsReduceScatterMesh1DMeshChunk] already registered.
[2026-06-08 10:45:15.003060][pid:20596][INFO][coll_alg_v2_exec_registry.cc:26] [20596][CollAlgExecRegistryV2]Exec tag[InsReduceScatterNHR] already registered.
[2026-06-08 10:45:15.003063][pid:20596][INFO][coll_alg_v2_exec_registry.cc:26] [20596][CollAlgExecRegistryV2]Exec tag[InsReduceScatterAicpuReduceNHR] already registered.
[2026-06-08 10:45:15.003065][pid:20596][INFO][coll_alg_v2_exec_registry.cc:26] [20596][CollAlgExecRegistryV2]Exec tag[InsReduceScatterMesh1DZAxisDetour] already registered.
[2026-06-08 10:45:15.003106][pid:20596][INFO][coll_alg_v2_exec_registry.cc:26] [20596][CollAlgExecRegistryV2]Exec tag[InsReduceScatterParallelMesh1DNHR] already registered.
[2026-06-08 10:45:15.003113][pid:20596][INFO][coll_alg_v2_exec_registry.cc:26] [20596][CollAlgExecRegistryV2]Exec tag[InsReduceScatterParallelMesh1DNHRUBX] already registered.
[2026-06-08 10:45:15.003117][pid:20596][INFO][coll_alg_v2_exec_registry.cc:26] [20596][CollAlgExecRegistryV2]Exec tag[InsReduceScatterParallelMesh1DNHRPcie] already registered.
[2026-06-08 10:45:15.003138][pid:20596][INFO][coll_alg_v2_exec_registry.cc:26] [20596][CollAlgExecRegistryV2]Exec tag[InsReduceScatterSequenceMesh1DNhr] already registered.
[2026-06-08 10:45:15.003159][pid:20596][INFO][coll_alg_v2_exec_registry.cc:26] [20596][CollAlgExecRegistryV2]Exec tag[InsReduceScatterSequenceMesh1DNHRNHR] already registered.
[2026-06-08 10:45:15.003181][pid:20596][INFO][coll_alg_v2_exec_registry.cc:26] [20596][CollAlgExecRegistryV2]Exec tag[InsReduceScatterSequenceMeshMeshDPU] already registered.
[2026-06-08 10:45:15.003716][pid:20596][INFO][coll_alg_v2_exec_registry.cc:26] [20596][CollAlgExecRegistryV2]Exec tag[InsAllGatherMesh1D] already registered.
[2026-06-08 10:45:15.003724][pid:20596][INFO][coll_alg_v2_exec_registry.cc:26] [20596][CollAlgExecRegistryV2]Exec tag[InsAllGatherMesh1D1DZAxisDetour] already registered.
[2026-06-08 10:45:15.003727][pid:20596][INFO][coll_alg_v2_exec_registry.cc:26] [20596][CollAlgExecRegistryV2]Exec tag[InsAllGatherNHR] already registered.
[2026-06-08 10:45:15.003753][pid:20596][INFO][coll_alg_v2_exec_registry.cc:26] [20596][CollAlgExecRegistryV2]Exec tag[InsAllGatherParallelMesh1DNHR] already registered.
[2026-06-08 10:45:15.003757][pid:20596][INFO][coll_alg_v2_exec_registry.cc:26] [20596][CollAlgExecRegistryV2]Exec tag[InsAllGatherParallelMesh1DNHRMultiJetty] already registered.
[2026-06-08 10:45:15.003818][pid:20596][INFO][coll_alg_v2_exec_registry.cc:26] [20596][CollAlgExecRegistryV2]Exec tag[InsAllGatherParallelMesh1DNHRPcie] already registered.
[2026-06-08 10:45:15.003851][pid:20596][INFO][coll_alg_v2_exec_registry.cc:26] [20596][CollAlgExecRegistryV2]Exec tag[InsAllGatherSequenceNHRMesh1D] already registered.
[2026-06-08 10:45:15.003874][pid:20596][INFO][coll_alg_v2_exec_registry.cc:26] [20596][CollAlgExecRegistryV2]Exec tag[InsAllGatherMeshNhrDPU] already registered.
[2026-06-08 10:45:15.004022][pid:20596][INFO][alg_v2_template_register.cc:25] [20596][InsAlgTemplateRegistry]template name[InsTempAllGatherNHRDPU] already registered.
[2026-06-08 10:45:15.004350][pid:20596][INFO][coll_alg_v2_exec_registry.cc:26] [20596][CollAlgExecRegistryV2]Exec tag[InsAlltoAllMesh1D] already registered.
[2026-06-08 10:45:15.004357][pid:20596][INFO][coll_alg_v2_exec_registry.cc:26] [20596][CollAlgExecRegistryV2]Exec tag[InsAlltoAllMesh1DSingleChannel] already registered.
[2026-06-08 10:45:15.004360][pid:20596][INFO][coll_alg_v2_exec_registry.cc:26] [20596][CollAlgExecRegistryV2]Exec tag[InsAlltoAllVMesh1D] already registered.
[2026-06-08 10:45:15.004362][pid:20596][INFO][coll_alg_v2_exec_registry.cc:26] [20596][CollAlgExecRegistryV2]Exec tag[InsAlltoAllMesh1DUBX] already registered.
[2026-06-08 10:45:15.004365][pid:20596][INFO][coll_alg_v2_exec_registry.cc:26] [20596][CollAlgExecRegistryV2]Exec tag[InsAlltoAllVMesh1DUBX] already registered.
[2026-06-08 10:45:15.004367][pid:20596][INFO][coll_alg_v2_exec_registry.cc:26] [20596][CollAlgExecRegistryV2]Exec tag[InsAlltoAllVCMesh1D] already registered.
[2026-06-08 10:45:15.004370][pid:20596][INFO][coll_alg_v2_exec_registry.cc:26] [20596][CollAlgExecRegistryV2]Exec tag[InsAlltoAllMesh1DDPU] already registered.
[2026-06-08 10:45:15.004372][pid:20596][INFO][coll_alg_v2_exec_registry.cc:26] [20596][CollAlgExecRegistryV2]Exec tag[InsAlltoAllVMesh1DDPU] already registered.
[2026-06-08 10:45:15.004375][pid:20596][INFO][coll_alg_v2_exec_registry.cc:26] [20596][CollAlgExecRegistryV2]Exec tag[InsAlltoAllVCMesh1DDPU] already registered.
[2026-06-08 10:45:15.004377][pid:20596][INFO][coll_alg_v2_exec_registry.cc:26] [20596][CollAlgExecRegistryV2]Exec tag[InsAlltoAllClosMesh1DDPU] already registered.
[2026-06-08 10:45:15.004380][pid:20596][INFO][coll_alg_v2_exec_registry.cc:26] [20596][CollAlgExecRegistryV2]Exec tag[InsAlltoAllVClosMesh1DDPU] already registered.
[2026-06-08 10:45:15.004382][pid:20596][INFO][coll_alg_v2_exec_registry.cc:26] [20596][CollAlgExecRegistryV2]Exec tag[InsAlltoAllVCClosMesh1DDPU] already registered.
[2026-06-08 10:45:15.004550][pid:20596][INFO][alg_v2_template_register.cc:25] [20596][InsAlgTemplateRegistry]template name[InsTempDpuAlltoAllMesh] already registered.
[2026-06-08 10:45:15.004865][pid:20596][INFO][coll_alg_v2_exec_registry.cc:26] [20596][CollAlgExecRegistryV2]Exec tag[InsBroadcastMesh1DTwoShot] already registered.
[2026-06-08 10:45:15.004872][pid:20596][INFO][coll_alg_v2_exec_registry.cc:26] [20596][CollAlgExecRegistryV2]Exec tag[InsBroadcastNHR] already registered.
[2026-06-08 10:45:15.004915][pid:20596][INFO][coll_alg_v2_exec_registry.cc:26] [20596][CollAlgExecRegistryV2]Exec tag[InsBroadcastParallelMesh1DNHR] already registered.
[2026-06-08 10:45:15.004922][pid:20596][INFO][coll_alg_v2_exec_registry.cc:26] [20596][CollAlgExecRegistryV2]Exec tag[InsBroadcastParallelMesh1DNHRUBX] already registered.
[2026-06-08 10:45:15.004974][pid:20596][INFO][coll_alg_v2_exec_registry.cc:26] [20596][CollAlgExecRegistryV2]Exec tag[InsBroadcastParallelMesh1DNHRPcie] already registered.
[2026-06-08 10:45:15.005363][pid:20596][INFO][coll_alg_v2_exec_registry.cc:26] [20596][CollAlgExecRegistryV2]Exec tag[InsAllReduceMesh1DOneShot] already registered.
[2026-06-08 10:45:15.005369][pid:20596][INFO][coll_alg_v2_exec_registry.cc:26] [20596][CollAlgExecRegistryV2]Exec tag[InsAllReduceMesh1DTwoShot] already registered.
[2026-06-08 10:45:15.005372][pid:20596][INFO][coll_alg_v2_exec_registry.cc:26] [20596][CollAlgExecRegistryV2]Exec tag[InsAllReduceNHR] already registered.
[2026-06-08 10:45:15.005421][pid:20596][INFO][coll_alg_v2_exec_registry.cc:26] [20596][CollAlgExecRegistryV2]Exec tag[InsAllReduceMesh1DTwoShotMeshChunk] already registered.
[2026-06-08 10:45:15.005428][pid:20596][INFO][coll_alg_v2_exec_registry.cc:26] [20596][CollAlgExecRegistryV2]Exec tag[InsAllReduceAicpuReduceNHR] already registered.
[2026-06-08 10:45:15.005459][pid:20596][INFO][coll_alg_v2_exec_registry.cc:26] [20596][CollAlgExecRegistryV2]Exec tag[InsAllReduceParallelRSAG] already registered.
[2026-06-08 10:45:15.005463][pid:20596][INFO][coll_alg_v2_exec_registry.cc:26] [20596][CollAlgExecRegistryV2]Exec tag[InsAllReduceParallelMesh1DNHRPcie] already registered.
[2026-06-08 10:45:15.005466][pid:20596][INFO][coll_alg_v2_exec_registry.cc:26] [20596][CollAlgExecRegistryV2]Exec tag[InsAllReduceParallelRSAGUBX] already registered.
[2026-06-08 10:45:15.005487][pid:20596][INFO][coll_alg_v2_exec_registry.cc:26] [20596][CollAlgExecRegistryV2]Exec tag[InsAllReduceSequenceMesh1DNhr] already registered.
[2026-06-08 10:45:15.005511][pid:20596][INFO][coll_alg_v2_exec_registry.cc:26] [20596][CollAlgExecRegistryV2]Exec tag[InsAllReduceMesh1DTwoShotZAxisDetour] already registered.
[2026-06-08 10:45:15.005563][pid:20596][INFO][coll_alg_v2_exec_registry.cc:26] [20596][CollAlgExecRegistryV2]Exec tag[InsAllReduceSequenceMeshNhrDPU] already registered.
[2026-06-08 10:45:15.005780][pid:20596][INFO][alg_v2_template_register.cc:25] [20596][InsAlgTemplateRegistry]template name[InsTempAllGatherNhrDpuInter] already registered.
[2026-06-08 10:45:15.006202][pid:20596][INFO][coll_alg_v2_exec_registry.cc:26] [20596][CollAlgExecRegistryV2]Exec tag[InsSend] already registered.
[2026-06-08 10:45:15.006225][pid:20596][INFO][coll_alg_v2_exec_registry.cc:26] [20596][CollAlgExecRegistryV2]Exec tag[InsSendDPU] already registered.
[2026-06-08 10:45:15.006315][pid:20596][INFO][alg_v2_template_register.cc:25] [20596][InsAlgTemplateRegistry]template name[InsTempSendDpu] already registered.
[2026-06-08 10:45:15.006377][pid:20596][INFO][coll_alg_v2_exec_registry.cc:26] [20596][CollAlgExecRegistryV2]Exec tag[InsRecv] already registered.
[2026-06-08 10:45:15.006396][pid:20596][INFO][coll_alg_v2_exec_registry.cc:26] [20596][CollAlgExecRegistryV2]Exec tag[InsRecvDPU] already registered.
[2026-06-08 10:45:15.006499][pid:20596][INFO][alg_v2_template_register.cc:25] [20596][InsAlgTemplateRegistry]template name[InsTempRecvDpu] already registered.
[2026-06-08 10:45:15.006677][pid:20596][INFO][coll_alg_v2_exec_registry.cc:26] [20596][CollAlgExecRegistryV2]Exec tag[InsAllGatherVMesh1D] already registered.
[2026-06-08 10:45:15.006815][pid:20596][INFO][coll_alg_v2_exec_registry.cc:26] [20596][CollAlgExecRegistryV2]Exec tag[ReduceMesh1D] already registered.
[2026-06-08 10:45:15.006822][pid:20596][INFO][coll_alg_v2_exec_registry.cc:26] [20596][CollAlgExecRegistryV2]Exec tag[ReduceMesh1DTwoShot] already registered.
[2026-06-08 10:45:15.006825][pid:20596][INFO][coll_alg_v2_exec_registry.cc:26] [20596][CollAlgExecRegistryV2]Exec tag[ReduceNHR] already registered.
[2026-06-08 10:45:15.006827][pid:20596][INFO][coll_alg_v2_exec_registry.cc:26] [20596][CollAlgExecRegistryV2]Exec tag[ReduceAicpuReduceNHR] already registered.
[2026-06-08 10:45:15.006873][pid:20596][INFO][coll_alg_v2_exec_registry.cc:26] [20596][CollAlgExecRegistryV2]Exec tag[ReduceParallelMesh1DNHR] already registered.
[2026-06-08 10:45:15.006881][pid:20596][INFO][coll_alg_v2_exec_registry.cc:26] [20596][CollAlgExecRegistryV2]Exec tag[ReduceParallelMesh1DNHRUBX] already registered.
[2026-06-08 10:45:15.006884][pid:20596][INFO][coll_alg_v2_exec_registry.cc:26] [20596][CollAlgExecRegistryV2]Exec tag[ReduceParallelMesh1DNHRPcie] already registered.
[2026-06-08 10:45:15.007285][pid:20596][INFO][coll_alg_v2_exec_registry.cc:26] [20596][CollAlgExecRegistryV2]Exec tag[InsBatchSendRecv] already registered.
Start to run demo for hccl_checker_ops_stest.
Note: Google Test filter = ST_REDUCE_SCATTER_3LEVEL_TEST.st_reduce_scatter_3level_4x2x2_bfp16_max_dtype
[==========] Running 1 test from 1 test suite.
[----------] Global test environment set-up.
[----------] 1 test from ST_REDUCE_SCATTER_3LEVEL_TEST
[ RUN      ] ST_REDUCE_SCATTER_3LEVEL_TEST.st_reduce_scatter_3level_4x2x2_bfp16_max_dtype
=======================================================
rankId is : 0 
threadIdx : 0, taskNum : 2 
-------------------------------------------------------
rankIdx:0, threadIdx:0, [LocalPostTo]:[topicId=7]
rankIdx:0, threadIdx:0, [LocalWaitFrom]:[topicId=0]
threadIdx : 1, taskNum : 42 
-------------------------------------------------------
rankIdx:0, threadIdx:1, [LocalWaitFrom]:[topicId=7]
rankIdx:0, threadIdx:1, [LocalPostTo]:[topicId=8]
rankIdx:0, threadIdx:1, [LocalPostTo]:[topicId=15]
rankIdx:0, threadIdx:1, [LocalPostTo]:[topicId=22]
rankIdx:0, threadIdx:1, [LocalPostTo]:[topicId=29]
rankIdx:0, threadIdx:1, [LocalPostTo]:[topicId=36]
rankIdx:0, threadIdx:1, [LocalPostTo]:[topicId=43]
rankIdx:0, threadIdx:1, [LocalWaitFrom]:[topicId=1]
rankIdx:0, threadIdx:1, [LocalWaitFrom]:[topicId=2]
rankIdx:0, threadIdx:1, [LocalWaitFrom]:[topicId=3]
rankIdx:0, threadIdx:1, [LocalWaitFrom]:[topicId=4]
rankIdx:0, threadIdx:1, [LocalWaitFrom]:[topicId=5]
rankIdx:0, threadIdx:1, [LocalWaitFrom]:[topicId=6]
rankIdx:0, threadIdx:1, [LocalCopy]:[srcSlice=DataSlice[BufferType::INPUT, offset=0x0, size=0x258], dstSlice=DataSlice[BufferType::CCL, offset=0x0, size=0x258]]
rankIdx:0, threadIdx:1, [LocalReduce]:[dataType=11, reduceOp=2, srcSlice=DataSlice[BufferType::CCL, offset=0x258, size=0x258], dstSlice=DataSlice[BufferType::CCL, offset=0x0, size=0x258]]
rankIdx:0, threadIdx:1, [LocalReduce]:[dataType=11, reduceOp=2, srcSlice=DataSlice[BufferType::CCL, offset=0x4B0, size=0x258], dstSlice=DataSlice[BufferType::CCL, offset=0x0, size=0x258]]
rankIdx:0, threadIdx:1, [LocalReduce]:[dataType=11, reduceOp=2, srcSlice=DataSlice[BufferType::CCL, offset=0x708, size=0x258], dstSlice=DataSlice[BufferType::CCL, offset=0x0, size=0x258]]
rankIdx:0, threadIdx:1, [LocalCopy]:[srcSlice=DataSlice[BufferType::INPUT, offset=0x960, size=0x258], dstSlice=DataSlice[BufferType::CCL, offset=0x960, size=0x258]]
rankIdx:0, threadIdx:1, [LocalReduce]:[dataType=11, reduceOp=2, srcSlice=DataSlice[BufferType::CCL, offset=0xBB8, size=0x258], dstSlice=DataSlice[BufferType::CCL, offset=0x960, size=0x258]]
rankIdx:0, threadIdx:1, [LocalReduce]:[dataType=11, reduceOp=2, srcSlice=DataSlice[BufferType::CCL, offset=0xE10, size=0x258], dstSlice=DataSlice[BufferType::CCL, offset=0x960, size=0x258]]
rankIdx:0, threadIdx:1, [LocalReduce]:[dataType=11, reduceOp=2, srcSlice=DataSlice[BufferType::CCL, offset=0x1068, size=0x258], dstSlice=DataSlice[BufferType::CCL, offset=0x960, size=0x258]]
rankIdx:0, threadIdx:1, [LocalCopy]:[srcSlice=DataSlice[BufferType::INPUT, offset=0x12C0, size=0x258], dstSlice=DataSlice[BufferType::CCL, offset=0x12C0, size=0x258]]
rankIdx:0, threadIdx:1, [LocalReduce]:[dataType=11, reduceOp=2, srcSlice=DataSlice[BufferType::CCL, offset=0x1518, size=0x258], dstSlice=DataSlice[BufferType::CCL, offset=0x12C0, size=0x258]]
rankIdx:0, threadIdx:1, [LocalReduce]:[dataType=11, reduceOp=2, srcSlice=DataSlice[BufferType::CCL, offset=0x1770, size=0x258], dstSlice=DataSlice[BufferType::CCL, offset=0x12C0, size=0x258]]
rankIdx:0, threadIdx:1, [LocalReduce]:[dataType=11, reduceOp=2, srcSlice=DataSlice[BufferType::CCL, offset=0x19C8, size=0x258], dstSlice=DataSlice[BufferType::CCL, offset=0x12C0, size=0x258]]
rankIdx:0, threadIdx:1, [LocalCopy]:[srcSlice=DataSlice[BufferType::INPUT, offset=0x1C20, size=0x258], dstSlice=DataSlice[BufferType::CCL, offset=0x1C20, size=0x258]]
rankIdx:0, threadIdx:1, [LocalReduce]:[dataType=11, reduceOp=2, srcSlice=DataSlice[BufferType::CCL, offset=0x1E78, size=0x258], dstSlice=DataSlice[BufferType::CCL, offset=0x1C20, size=0x258]]
rankIdx:0, threadIdx:1, [LocalReduce]:[dataType=11, reduceOp=2, srcSlice=DataSlice[BufferType::CCL, offset=0x20D0, size=0x258], dstSlice=DataSlice[BufferType::CCL, offset=0x1C20, size=0x258]]
rankIdx:0, threadIdx:1, [LocalReduce]:[dataType=11, reduceOp=2, srcSlice=DataSlice[BufferType::CCL, offset=0x2328, size=0x258], dstSlice=DataSlice[BufferType::CCL, offset=0x1C20, size=0x258]]
rankIdx:0, threadIdx:1, [Post]:[remoteRank=4, notifyId=32836, link=link prototyp=LinkProtoStub::SDMA, notifyType=NotifyTypeStub::READY, originated tag=POST]
rankIdx:0, threadIdx:1, [Wait]:[remoteRank=4, notifyId=68, link=link prototyp=LinkProtoStub::SDMA, notifyType=NotifyTypeStub::READY, originated tag=WAIT]
rankIdx:0, threadIdx:1, [WriteReduce]:[remoteRank=4, link=link prototyp=LinkProtoStub::SDMA, dataType=11, reduceOp=2, localSlice=DataSlice[BufferType::CCL, offset=0x960, size=0x258], remoteSlice=DataSlice[BufferType::CCL, offset=0x960, size=0x258]]
rankIdx:0, threadIdx:1, [WriteReduce]:[remoteRank=4, link=link prototyp=LinkProtoStub::SDMA, dataType=11, reduceOp=2, localSlice=DataSlice[BufferType::CCL, offset=0x1C20, size=0x258], remoteSlice=DataSlice[BufferType::CCL, offset=0x1C20, size=0x258]]
rankIdx:0, threadIdx:1, [Post]:[remoteRank=4, notifyId=32837, link=link prototyp=LinkProtoStub::SDMA, notifyType=NotifyTypeStub::READY, originated tag=POST]
rankIdx:0, threadIdx:1, [Wait]:[remoteRank=4, notifyId=69, link=link prototyp=LinkProtoStub::SDMA, notifyType=NotifyTypeStub::READY, originated tag=WAIT]
rankIdx:0, threadIdx:1, [Post]:[remoteRank=8, notifyId=65607, link=link prototyp=LinkProtoStub::SDMA, notifyType=NotifyTypeStub::READY, originated tag=POST]
rankIdx:0, threadIdx:1, [Wait]:[remoteRank=8, notifyId=71, link=link prototyp=LinkProtoStub::SDMA, notifyType=NotifyTypeStub::READY, originated tag=WAIT]
rankIdx:0, threadIdx:1, [WriteReduce]:[remoteRank=8, link=link prototyp=LinkProtoStub::SDMA, dataType=11, reduceOp=2, localSlice=DataSlice[BufferType::CCL, offset=0x12C0, size=0x258], remoteSlice=DataSlice[BufferType::CCL, offset=0x12C0, size=0x258]]
rankIdx:0, threadIdx:1, [Post]:[remoteRank=8, notifyId=65608, link=link prototyp=LinkProtoStub::SDMA, notifyType=NotifyTypeStub::READY, originated tag=POST]
rankIdx:0, threadIdx:1, [Wait]:[remoteRank=8, notifyId=72, link=link prototyp=LinkProtoStub::SDMA, notifyType=NotifyTypeStub::READY, originated tag=WAIT]
rankIdx:0, threadIdx:1, [LocalCopy]:[srcSlice=DataSlice[BufferType::CCL, offset=0x0, size=0x258], dstSlice=DataSlice[BufferType::OUTPUT, offset=0x0, size=0x258]]
rankIdx:0, threadIdx:1, [LocalPostTo]:[topicId=0]
threadIdx : 2, taskNum : 10 
-------------------------------------------------------
rankIdx:0, threadIdx:2, [LocalWaitFrom]:[topicId=8]
rankIdx:0, threadIdx:2, [Post]:[remoteRank=1, notifyId=8242, link=link prototyp=LinkProtoStub::SDMA, notifyType=NotifyTypeStub::READY, originated tag=POST]
rankIdx:0, threadIdx:2, [Wait]:[remoteRank=1, notifyId=50, link=link prototyp=LinkProtoStub::SDMA, notifyType=NotifyTypeStub::READY, originated tag=WAIT]
rankIdx:0, threadIdx:2, [Write]:[remoteRank=1, link=link prototyp=LinkProtoStub::SDMA, localSlice=DataSlice[BufferType::INPUT, offset=0x258, size=0x12C], remoteSlice=DataSlice[BufferType::CCL, offset=0x0, size=0x12C]]
rankIdx:0, threadIdx:2, [Write]:[remoteRank=1, link=link prototyp=LinkProtoStub::SDMA, localSlice=DataSlice[BufferType::INPUT, offset=0xBB8, size=0x12C], remoteSlice=DataSlice[BufferType::CCL, offset=0x960, size=0x12C]]
rankIdx:0, threadIdx:2, [Write]:[remoteRank=1, link=link prototyp=LinkProtoStub::SDMA, localSlice=DataSlice[BufferType::INPUT, offset=0x1518, size=0x12C], remoteSlice=DataSlice[BufferType::CCL, offset=0x12C0, size=0x12C]]
rankIdx:0, threadIdx:2, [Write]:[remoteRank=1, link=link prototyp=LinkProtoStub::SDMA, localSlice=DataSlice[BufferType::INPUT, offset=0x1E78, size=0x12C], remoteSlice=DataSlice[BufferType::CCL, offset=0x1C20, size=0x12C]]
rankIdx:0, threadIdx:2, [Post]:[remoteRank=1, notifyId=8243, link=link prototyp=LinkProtoStub::SDMA, notifyType=NotifyTypeStub::READY, originated tag=POST]
rankIdx:0, threadIdx:2, [Wait]:[remoteRank=1, notifyId=51, link=link prototyp=LinkProtoStub::SDMA, notifyType=NotifyTypeStub::READY, originated tag=WAIT]
rankIdx:0, threadIdx:2, [LocalPostTo]:[topicId=1]
threadIdx : 3, taskNum : 10 
-------------------------------------------------------
rankIdx:0, threadIdx:3, [LocalWaitFrom]:[topicId=15]
rankIdx:0, threadIdx:3, [Post]:[remoteRank=1, notifyId=8251, link=link prototyp=LinkProtoStub::SDMA, notifyType=NotifyTypeStub::READY, originated tag=POST]
rankIdx:0, threadIdx:3, [Wait]:[remoteRank=1, notifyId=59, link=link prototyp=LinkProtoStub::SDMA, notifyType=NotifyTypeStub::READY, originated tag=WAIT]
rankIdx:0, threadIdx:3, [Write]:[remoteRank=1, link=link prototyp=LinkProtoStub::SDMA, localSlice=DataSlice[BufferType::INPUT, offset=0x384, size=0x12C], remoteSlice=DataSlice[BufferType::CCL, offset=0x12C, size=0x12C]]
rankIdx:0, threadIdx:3, [Write]:[remoteRank=1, link=link prototyp=LinkProtoStub::SDMA, localSlice=DataSlice[BufferType::INPUT, offset=0xCE4, size=0x12C], remoteSlice=DataSlice[BufferType::CCL, offset=0xA8C, size=0x12C]]
rankIdx:0, threadIdx:3, [Write]:[remoteRank=1, link=link prototyp=LinkProtoStub::SDMA, localSlice=DataSlice[BufferType::INPUT, offset=0x1644, size=0x12C], remoteSlice=DataSlice[BufferType::CCL, offset=0x13EC, size=0x12C]]
rankIdx:0, threadIdx:3, [Write]:[remoteRank=1, link=link prototyp=LinkProtoStub::SDMA, localSlice=DataSlice[BufferType::INPUT, offset=0x1FA4, size=0x12C], remoteSlice=DataSlice[BufferType::CCL, offset=0x1D4C, size=0x12C]]
rankIdx:0, threadIdx:3, [Post]:[remoteRank=1, notifyId=8252, link=link prototyp=LinkProtoStub::SDMA, notifyType=NotifyTypeStub::READY, originated tag=POST]
rankIdx:0, threadIdx:3, [Wait]:[remoteRank=1, notifyId=60, link=link prototyp=LinkProtoStub::SDMA, notifyType=NotifyTypeStub::READY, originated tag=WAIT]
rankIdx:0, threadIdx:3, [LocalPostTo]:[topicId=2]
threadIdx : 4, taskNum : 10 
-------------------------------------------------------
rankIdx:0, threadIdx:4, [LocalWaitFrom]:[topicId=22]
rankIdx:0, threadIdx:4, [Post]:[remoteRank=2, notifyId=16434, link=link prototyp=LinkProtoStub::SDMA, notifyType=NotifyTypeStub::READY, originated tag=POST]
rankIdx:0, threadIdx:4, [Wait]:[remoteRank=2, notifyId=53, link=link prototyp=LinkProtoStub::SDMA, notifyType=NotifyTypeStub::READY, originated tag=WAIT]
rankIdx:0, threadIdx:4, [Write]:[remoteRank=2, link=link prototyp=LinkProtoStub::SDMA, localSlice=DataSlice[BufferType::INPUT, offset=0x4B0, size=0x12C], remoteSlice=DataSlice[BufferType::CCL, offset=0x0, size=0x12C]]
rankIdx:0, threadIdx:4, [Write]:[remoteRank=2, link=link prototyp=LinkProtoStub::SDMA, localSlice=DataSlice[BufferType::INPUT, offset=0xE10, size=0x12C], remoteSlice=DataSlice[BufferType::CCL, offset=0x960, size=0x12C]]
rankIdx:0, threadIdx:4, [Write]:[remoteRank=2, link=link prototyp=LinkProtoStub::SDMA, localSlice=DataSlice[BufferType::INPUT, offset=0x1770, size=0x12C], remoteSlice=DataSlice[BufferType::CCL, offset=0x12C0, size=0x12C]]
rankIdx:0, threadIdx:4, [Write]:[remoteRank=2, link=link prototyp=LinkProtoStub::SDMA, localSlice=DataSlice[BufferType::INPUT, offset=0x20D0, size=0x12C], remoteSlice=DataSlice[BufferType::CCL, offset=0x1C20, size=0x12C]]
rankIdx:0, threadIdx:4, [Post]:[remoteRank=2, notifyId=16435, link=link prototyp=LinkProtoStub::SDMA, notifyType=NotifyTypeStub::READY, originated tag=POST]
rankIdx:0, threadIdx:4, [Wait]:[remoteRank=2, notifyId=54, link=link prototyp=LinkProtoStub::SDMA, notifyType=NotifyTypeStub::READY, originated tag=WAIT]
rankIdx:0, threadIdx:4, [LocalPostTo]:[topicId=3]
threadIdx : 5, taskNum : 10 
-------------------------------------------------------
rankIdx:0, threadIdx:5, [LocalWaitFrom]:[topicId=29]
rankIdx:0, threadIdx:5, [Post]:[remoteRank=2, notifyId=16443, link=link prototyp=LinkProtoStub::SDMA, notifyType=NotifyTypeStub::READY, originated tag=POST]
rankIdx:0, threadIdx:5, [Wait]:[remoteRank=2, notifyId=62, link=link prototyp=LinkProtoStub::SDMA, notifyType=NotifyTypeStub::READY, originated tag=WAIT]
rankIdx:0, threadIdx:5, [Write]:[remoteRank=2, link=link prototyp=LinkProtoStub::SDMA, localSlice=DataSlice[BufferType::INPUT, offset=0x5DC, size=0x12C], remoteSlice=DataSlice[BufferType::CCL, offset=0x12C, size=0x12C]]
rankIdx:0, threadIdx:5, [Write]:[remoteRank=2, link=link prototyp=LinkProtoStub::SDMA, localSlice=DataSlice[BufferType::INPUT, offset=0xF3C, size=0x12C], remoteSlice=DataSlice[BufferType::CCL, offset=0xA8C, size=0x12C]]
rankIdx:0, threadIdx:5, [Write]:[remoteRank=2, link=link prototyp=LinkProtoStub::SDMA, localSlice=DataSlice[BufferType::INPUT, offset=0x189C, size=0x12C], remoteSlice=DataSlice[BufferType::CCL, offset=0x13EC, size=0x12C]]
rankIdx:0, threadIdx:5, [Write]:[remoteRank=2, link=link prototyp=LinkProtoStub::SDMA, localSlice=DataSlice[BufferType::INPUT, offset=0x21FC, size=0x12C], remoteSlice=DataSlice[BufferType::CCL, offset=0x1D4C, size=0x12C]]
rankIdx:0, threadIdx:5, [Post]:[remoteRank=2, notifyId=16444, link=link prototyp=LinkProtoStub::SDMA, notifyType=NotifyTypeStub::READY, originated tag=POST]
rankIdx:0, threadIdx:5, [Wait]:[remoteRank=2, notifyId=63, link=link prototyp=LinkProtoStub::SDMA, notifyType=NotifyTypeStub::READY, originated tag=WAIT]
rankIdx:0, threadIdx:5, [LocalPostTo]:[topicId=4]
threadIdx : 6, taskNum : 10 
-------------------------------------------------------
rankIdx:0, threadIdx:6, [LocalWaitFrom]:[topicId=36]
rankIdx:0, threadIdx:6, [Post]:[remoteRank=3, notifyId=24626, link=link prototyp=LinkProtoStub::SDMA, notifyType=NotifyTypeStub::READY, originated tag=POST]
rankIdx:0, threadIdx:6, [Wait]:[remoteRank=3, notifyId=56, link=link prototyp=LinkProtoStub::SDMA, notifyType=NotifyTypeStub::READY, originated tag=WAIT]
rankIdx:0, threadIdx:6, [Write]:[remoteRank=3, link=link prototyp=LinkProtoStub::SDMA, localSlice=DataSlice[BufferType::INPUT, offset=0x708, size=0x12C], remoteSlice=DataSlice[BufferType::CCL, offset=0x0, size=0x12C]]
rankIdx:0, threadIdx:6, [Write]:[remoteRank=3, link=link prototyp=LinkProtoStub::SDMA, localSlice=DataSlice[BufferType::INPUT, offset=0x1068, size=0x12C], remoteSlice=DataSlice[BufferType::CCL, offset=0x960, size=0x12C]]
rankIdx:0, threadIdx:6, [Write]:[remoteRank=3, link=link prototyp=LinkProtoStub::SDMA, localSlice=DataSlice[BufferType::INPUT, offset=0x19C8, size=0x12C], remoteSlice=DataSlice[BufferType::CCL, offset=0x12C0, size=0x12C]]
rankIdx:0, threadIdx:6, [Write]:[remoteRank=3, link=link prototyp=LinkProtoStub::SDMA, localSlice=DataSlice[BufferType::INPUT, offset=0x2328, size=0x12C], remoteSlice=DataSlice[BufferType::CCL, offset=0x1C20, size=0x12C]]
rankIdx:0, threadIdx:6, [Post]:[remoteRank=3, notifyId=24627, link=link prototyp=LinkProtoStub::SDMA, notifyType=NotifyTypeStub::READY, originated tag=POST]
rankIdx:0, threadIdx:6, [Wait]:[remoteRank=3, notifyId=57, link=link prototyp=LinkProtoStub::SDMA, notifyType=NotifyTypeStub::READY, originated tag=WAIT]
rankIdx:0, threadIdx:6, [LocalPostTo]:[topicId=5]
threadIdx : 7, taskNum : 10 
-------------------------------------------------------
rankIdx:0, threadIdx:7, [LocalWaitFrom]:[topicId=43]
rankIdx:0, threadIdx:7, [Post]:[remoteRank=3, notifyId=24635, link=link prototyp=LinkProtoStub::SDMA, notifyType=NotifyTypeStub::READY, originated tag=POST]
rankIdx:0, threadIdx:7, [Wait]:[remoteRank=3, notifyId=65, link=link prototyp=LinkProtoStub::SDMA, notifyType=NotifyTypeStub::READY, originated tag=WAIT]
rankIdx:0, threadIdx:7, [Write]:[remoteRank=3, link=link prototyp=LinkProtoStub::SDMA, localSlice=DataSlice[BufferType::INPUT, offset=0x834, size=0x12C], remoteSlice=DataSlice[BufferType::CCL, offset=0x12C, size=0x12C]]
rankIdx:0, threadIdx:7, [Write]:[remoteRank=3, link=link prototyp=LinkProtoStub::SDMA, localSlice=DataSlice[BufferType::INPUT, offset=0x1194, size=0x12C], remoteSlice=DataSlice[BufferType::CCL, offset=0xA8C, size=0x12C]]
rankIdx:0, threadIdx:7, [Write]:[remoteRank=3, link=link prototyp=LinkProtoStub::SDMA, localSlice=DataSlice[BufferType::INPUT, offset=0x1AF4, size=0x12C], remoteSlice=DataSlice[BufferType::CCL, offset=0x13EC, size=0x12C]]
rankIdx:0, threadIdx:7, [Write]:[remoteRank=3, link=link prototyp=LinkProtoStub::SDMA, localSlice=DataSlice[BufferType::INPUT, offset=0x2454, size=0x12C], remoteSlice=DataSlice[BufferType::CCL, offset=0x1D4C, size=0x12C]]
rankIdx:0, threadIdx:7, [Post]:[remoteRank=3, notifyId=24636, link=link prototyp=LinkProtoStub::SDMA, notifyType=NotifyTypeStub::READY, originated tag=POST]
rankIdx:0, threadIdx:7, [Wait]:[remoteRank=3, notifyId=66, link=link prototyp=LinkProtoStub::SDMA, notifyType=NotifyTypeStub::READY, originated tag=WAIT]
rankIdx:0, threadIdx:7, [LocalPostTo]:[topicId=6]
=======================================================
rankId is : 1 
threadIdx : 0, taskNum : 2 
-------------------------------------------------------
rankIdx:1, threadIdx:0, [LocalPostTo]:[topicId=8199]
rankIdx:1, threadIdx:0, [LocalWaitFrom]:[topicId=8192]
threadIdx : 1, taskNum : 42 
-------------------------------------------------------
rankIdx:1, threadIdx:1, [LocalWaitFrom]:[topicId=8199]
rankIdx:1, threadIdx:1, [LocalPostTo]:[topicId=8200]
rankIdx:1, threadIdx:1, [LocalPostTo]:[topicId=8207]
rankIdx:1, threadIdx:1, [LocalPostTo]:[topicId=8214]
rankIdx:1, threadIdx:1, [LocalPostTo]:[topicId=8221]
rankIdx:1, threadIdx:1, [LocalPostTo]:[topicId=8228]
rankIdx:1, threadIdx:1, [LocalPostTo]:[topicId=8235]
rankIdx:1, threadIdx:1, [LocalWaitFrom]:[topicId=8193]
rankIdx:1, threadIdx:1, [LocalWaitFrom]:[topicId=8194]
rankIdx:1, threadIdx:1, [LocalWaitFrom]:[topicId=8195]
rankIdx:1, threadIdx:1, [LocalWaitFrom]:[topicId=8196]
rankIdx:1, threadIdx:1, [LocalWaitFrom]:[topicId=8197]
rankIdx:1, threadIdx:1, [LocalWaitFrom]:[topicId=8198]
rankIdx:1, threadIdx:1, [LocalCopy]:[srcSlice=DataSlice[BufferType::INPUT, offset=0x258, size=0x258], dstSlice=DataSlice[BufferType::CCL, offset=0x258, size=0x258]]
rankIdx:1, threadIdx:1, [LocalReduce]:[dataType=11, reduceOp=2, srcSlice=DataSlice[BufferType::CCL, offset=0x0, size=0x258], dstSlice=DataSlice[BufferType::CCL, offset=0x258, size=0x258]]
rankIdx:1, threadIdx:1, [LocalReduce]:[dataType=11, reduceOp=2, srcSlice=DataSlice[BufferType::CCL, offset=0x4B0, size=0x258], dstSlice=DataSlice[BufferType::CCL, offset=0x258, size=0x258]]
rankIdx:1, threadIdx:1, [LocalReduce]:[dataType=11, reduceOp=2, srcSlice=DataSlice[BufferType::CCL, offset=0x708, size=0x258], dstSlice=DataSlice[BufferType::CCL, offset=0x258, size=0x258]]
rankIdx:1, threadIdx:1, [LocalCopy]:[srcSlice=DataSlice[BufferType::INPUT, offset=0xBB8, size=0x258], dstSlice=DataSlice[BufferType::CCL, offset=0xBB8, size=0x258]]
rankIdx:1, threadIdx:1, [LocalReduce]:[dataType=11, reduceOp=2, srcSlice=DataSlice[BufferType::CCL, offset=0x960, size=0x258], dstSlice=DataSlice[BufferType::CCL, offset=0xBB8, size=0x258]]
rankIdx:1, threadIdx:1, [LocalReduce]:[dataType=11, reduceOp=2, srcSlice=DataSlice[BufferType::CCL, offset=0xE10, size=0x258], dstSlice=DataSlice[BufferType::CCL, offset=0xBB8, size=0x258]]
rankIdx:1, threadIdx:1, [LocalReduce]:[dataType=11, reduceOp=2, srcSlice=DataSlice[BufferType::CCL, offset=0x1068, size=0x258], dstSlice=DataSlice[BufferType::CCL, offset=0xBB8, size=0x258]]
rankIdx:1, threadIdx:1, [LocalCopy]:[srcSlice=DataSlice[BufferType::INPUT, offset=0x1518, size=0x258], dstSlice=DataSlice[BufferType::CCL, offset=0x1518, size=0x258]]
rankIdx:1, threadIdx:1, [LocalReduce]:[dataType=11, reduceOp=2, srcSlice=DataSlice[BufferType::CCL, offset=0x12C0, size=0x258], dstSlice=DataSlice[BufferType::CCL, offset=0x1518, size=0x258]]
rankIdx:1, threadIdx:1, [LocalReduce]:[dataType=11, reduceOp=2, srcSlice=DataSlice[BufferType::CCL, offset=0x1770, size=0x258], dstSlice=DataSlice[BufferType::CCL, offset=0x1518, size=0x258]]
rankIdx:1, threadIdx:1, [LocalReduce]:[dataType=11, reduceOp=2, srcSlice=DataSlice[BufferType::CCL, offset=0x19C8, size=0x258], dstSlice=DataSlice[BufferType::CCL, offset=0x1518, size=0x258]]
rankIdx:1, threadIdx:1, [LocalCopy]:[srcSlice=DataSlice[BufferType::INPUT, offset=0x1E78, size=0x258], dstSlice=DataSlice[BufferType::CCL, offset=0x1E78, size=0x258]]
rankIdx:1, threadIdx:1, [LocalReduce]:[dataType=11, reduceOp=2, srcSlice=DataSlice[BufferType::CCL, offset=0x1C20, size=0x258], dstSlice=DataSlice[BufferType::CCL, offset=0x1E78, size=0x258]]
rankIdx:1, threadIdx:1, [LocalReduce]:[dataType=11, reduceOp=2, srcSlice=DataSlice[BufferType::CCL, offset=0x20D0, size=0x258], dstSlice=DataSlice[BufferType::CCL, offset=0x1E78, size=0x258]]
rankIdx:1, threadIdx:1, [LocalReduce]:[dataType=11, reduceOp=2, srcSlice=DataSlice[BufferType::CCL, offset=0x2328, size=0x258], dstSlice=DataSlice[BufferType::CCL, offset=0x1E78, size=0x258]]
rankIdx:1, threadIdx:1, [Post]:[remoteRank=5, notifyId=41028, link=link prototyp=LinkProtoStub::SDMA, notifyType=NotifyTypeStub::READY, originated tag=POST]
rankIdx:1, threadIdx:1, [Wait]:[remoteRank=5, notifyId=8260, link=link prototyp=LinkProtoStub::SDMA, notifyType=NotifyTypeStub::READY, originated tag=WAIT]
rankIdx:1, threadIdx:1, [WriteReduce]:[remoteRank=5, link=link prototyp=LinkProtoStub::SDMA, dataType=11, reduceOp=2, localSlice=DataSlice[BufferType::CCL, offset=0xBB8, size=0x258], remoteSlice=DataSlice[BufferType::CCL, offset=0xBB8, size=0x258]]
rankIdx:1, threadIdx:1, [WriteReduce]:[remoteRank=5, link=link prototyp=LinkProtoStub::SDMA, dataType=11, reduceOp=2, localSlice=DataSlice[BufferType::CCL, offset=0x1E78, size=0x258], remoteSlice=DataSlice[BufferType::CCL, offset=0x1E78, size=0x258]]
rankIdx:1, threadIdx:1, [Post]:[remoteRank=5, notifyId=41029, link=link prototyp=LinkProtoStub::SDMA, notifyType=NotifyTypeStub::READY, originated tag=POST]
rankIdx:1, threadIdx:1, [Wait]:[remoteRank=5, notifyId=8261, link=link prototyp=LinkProtoStub::SDMA, notifyType=NotifyTypeStub::READY, originated tag=WAIT]
rankIdx:1, threadIdx:1, [Post]:[remoteRank=9, notifyId=73799, link=link prototyp=LinkProtoStub::SDMA, notifyType=NotifyTypeStub::READY, originated tag=POST]
rankIdx:1, threadIdx:1, [Wait]:[remoteRank=9, notifyId=8263, link=link prototyp=LinkProtoStub::SDMA, notifyType=NotifyTypeStub::READY, originated tag=WAIT]
rankIdx:1, threadIdx:1, [WriteReduce]:[remoteRank=9, link=link prototyp=LinkProtoStub::SDMA, dataType=11, reduceOp=2, localSlice=DataSlice[BufferType::CCL, offset=0x1518, size=0x258], remoteSlice=DataSlice[BufferType::CCL, offset=0x1518, size=0x258]]
rankIdx:1, threadIdx:1, [Post]:[remoteRank=9, notifyId=73800, link=link prototyp=LinkProtoStub::SDMA, notifyType=NotifyTypeStub::READY, originated tag=POST]
rankIdx:1, threadIdx:1, [Wait]:[remoteRank=9, notifyId=8264, link=link prototyp=LinkProtoStub::SDMA, notifyType=NotifyTypeStub::READY, originated tag=WAIT]
rankIdx:1, threadIdx:1, [LocalCopy]:[srcSlice=DataSlice[BufferType::CCL, offset=0x258, size=0x258], dstSlice=DataSlice[BufferType::OUTPUT, offset=0x0, size=0x258]]
rankIdx:1, threadIdx:1, [LocalPostTo]:[topicId=8192]
threadIdx : 2, taskNum : 10 
-------------------------------------------------------
rankIdx:1, threadIdx:2, [LocalWaitFrom]:[topicId=8200]
rankIdx:1, threadIdx:2, [Post]:[remoteRank=2, notifyId=16437, link=link prototyp=LinkProtoStub::SDMA, notifyType=NotifyTypeStub::READY, originated tag=POST]
rankIdx:1, threadIdx:2, [Wait]:[remoteRank=2, notifyId=8245, link=link prototyp=LinkProtoStub::SDMA, notifyType=NotifyTypeStub::READY, originated tag=WAIT]
rankIdx:1, threadIdx:2, [Write]:[remoteRank=2, link=link prototyp=LinkProtoStub::SDMA, localSlice=DataSlice[BufferType::INPUT, offset=0x4B0, size=0x12C], remoteSlice=DataSlice[BufferType::CCL, offset=0x258, size=0x12C]]
rankIdx:1, threadIdx:2, [Write]:[remoteRank=2, link=link prototyp=LinkProtoStub::SDMA, localSlice=DataSlice[BufferType::INPUT, offset=0xE10, size=0x12C], remoteSlice=DataSlice[BufferType::CCL, offset=0xBB8, size=0x12C]]
rankIdx:1, threadIdx:2, [Write]:[remoteRank=2, link=link prototyp=LinkProtoStub::SDMA, localSlice=DataSlice[BufferType::INPUT, offset=0x1770, size=0x12C], remoteSlice=DataSlice[BufferType::CCL, offset=0x1518, size=0x12C]]
rankIdx:1, threadIdx:2, [Write]:[remoteRank=2, link=link prototyp=LinkProtoStub::SDMA, localSlice=DataSlice[BufferType::INPUT, offset=0x20D0, size=0x12C], remoteSlice=DataSlice[BufferType::CCL, offset=0x1E78, size=0x12C]]
rankIdx:1, threadIdx:2, [Post]:[remoteRank=2, notifyId=16438, link=link prototyp=LinkProtoStub::SDMA, notifyType=NotifyTypeStub::READY, originated tag=POST]
rankIdx:1, threadIdx:2, [Wait]:[remoteRank=2, notifyId=8246, link=link prototyp=LinkProtoStub::SDMA, notifyType=NotifyTypeStub::READY, originated tag=WAIT]
rankIdx:1, threadIdx:2, [LocalPostTo]:[topicId=8193]
threadIdx : 3, taskNum : 10 
-------------------------------------------------------
rankIdx:1, threadIdx:3, [LocalWaitFrom]:[topicId=8207]
rankIdx:1, threadIdx:3, [Post]:[remoteRank=2, notifyId=16446, link=link prototyp=LinkProtoStub::SDMA, notifyType=NotifyTypeStub::READY, originated tag=POST]
rankIdx:1, threadIdx:3, [Wait]:[remoteRank=2, notifyId=8254, link=link prototyp=LinkProtoStub::SDMA, notifyType=NotifyTypeStub::READY, originated tag=WAIT]
rankIdx:1, threadIdx:3, [Write]:[remoteRank=2, link=link prototyp=LinkProtoStub::SDMA, localSlice=DataSlice[BufferType::INPUT, offset=0x5DC, size=0x12C], remoteSlice=DataSlice[BufferType::CCL, offset=0x384, size=0x12C]]
rankIdx:1, threadIdx:3, [Write]:[remoteRank=2, link=link prototyp=LinkProtoStub::SDMA, localSlice=DataSlice[BufferType::INPUT, offset=0xF3C, size=0x12C], remoteSlice=DataSlice[BufferType::CCL, offset=0xCE4, size=0x12C]]
rankIdx:1, threadIdx:3, [Write]:[remoteRank=2, link=link prototyp=LinkProtoStub::SDMA, localSlice=DataSlice[BufferType::INPUT, offset=0x189C, size=0x12C], remoteSlice=DataSlice[BufferType::CCL, offset=0x1644, size=0x12C]]
rankIdx:1, threadIdx:3, [Write]:[remoteRank=2, link=link prototyp=LinkProtoStub::SDMA, localSlice=DataSlice[BufferType::INPUT, offset=0x21FC, size=0x12C], remoteSlice=DataSlice[BufferType::CCL, offset=0x1FA4, size=0x12C]]
rankIdx:1, threadIdx:3, [Post]:[remoteRank=2, notifyId=16447, link=link prototyp=LinkProtoStub::SDMA, notifyType=NotifyTypeStub::READY, originated tag=POST]
rankIdx:1, threadIdx:3, [Wait]:[remoteRank=2, notifyId=8255, link=link prototyp=LinkProtoStub::SDMA, notifyType=NotifyTypeStub::READY, originated tag=WAIT]
rankIdx:1, threadIdx:3, [LocalPostTo]:[topicId=8194]
threadIdx : 4, taskNum : 10 
-------------------------------------------------------
rankIdx:1, threadIdx:4, [LocalWaitFrom]:[topicId=8214]
rankIdx:1, threadIdx:4, [Post]:[remoteRank=3, notifyId=24629, link=link prototyp=LinkProtoStub::SDMA, notifyType=NotifyTypeStub::READY, originated tag=POST]
rankIdx:1, threadIdx:4, [Wait]:[remoteRank=3, notifyId=8248, link=link prototyp=LinkProtoStub::SDMA, notifyType=NotifyTypeStub::READY, originated tag=WAIT]
rankIdx:1, threadIdx:4, [Write]:[remoteRank=3, link=link prototyp=LinkProtoStub::SDMA, localSlice=DataSlice[BufferType::INPUT, offset=0x708, size=0x12C], remoteSlice=DataSlice[BufferType::CCL, offset=0x258, size=0x12C]]
rankIdx:1, threadIdx:4, [Write]:[remoteRank=3, link=link prototyp=LinkProtoStub::SDMA, localSlice=DataSlice[BufferType::INPUT, offset=0x1068, size=0x12C], remoteSlice=DataSlice[BufferType::CCL, offset=0xBB8, size=0x12C]]
rankIdx:1, threadIdx:4, [Write]:[remoteRank=3, link=link prototyp=LinkProtoStub::SDMA, localSlice=DataSlice[BufferType::INPUT, offset=0x19C8, size=0x12C], remoteSlice=DataSlice[BufferType::CCL, offset=0x1518, size=0x12C]]
rankIdx:1, threadIdx:4, [Write]:[remoteRank=3, link=link prototyp=LinkProtoStub::SDMA, localSlice=DataSlice[BufferType::INPUT, offset=0x2328, size=0x12C], remoteSlice=DataSlice[BufferType::CCL, offset=0x1E78, size=0x12C]]
rankIdx:1, threadIdx:4, [Post]:[remoteRank=3, notifyId=24630, link=link prototyp=LinkProtoStub::SDMA, notifyType=NotifyTypeStub::READY, originated tag=POST]
rankIdx:1, threadIdx:4, [Wait]:[remoteRank=3, notifyId=8249, link=link prototyp=LinkProtoStub::SDMA, notifyType=NotifyTypeStub::READY, originated tag=WAIT]
rankIdx:1, threadIdx:4, [LocalPostTo]:[topicId=8195]
threadIdx : 5, taskNum : 10 
-------------------------------------------------------
rankIdx:1, threadIdx:5, [LocalWaitFrom]:[topicId=8221]
rankIdx:1, threadIdx:5, [Post]:[remoteRank=3, notifyId=24638, link=link prototyp=LinkProtoStub::SDMA, notifyType=NotifyTypeStub::READY, originated tag=POST]
rankIdx:1, threadIdx:5, [Wait]:[remoteRank=3, notifyId=8257, link=link prototyp=LinkProtoStub::SDMA, notifyType=NotifyTypeStub::READY, originated tag=WAIT]
rankIdx:1, threadIdx:5, [Write]:[remoteRank=3, link=link prototyp=LinkProtoStub::SDMA, localSlice=DataSlice[BufferType::INPUT, offset=0x834, size=0x12C], remoteSlice=DataSlice[BufferType::CCL, offset=0x384, size=0x12C]]
rankIdx:1, threadIdx:5, [Write]:[remoteRank=3, link=link prototyp=LinkProtoStub::SDMA, localSlice=DataSlice[BufferType::INPUT, offset=0x1194, size=0x12C], remoteSlice=DataSlice[BufferType::CCL, offset=0xCE4, size=0x12C]]
rankIdx:1, threadIdx:5, [Write]:[remoteRank=3, link=link prototyp=LinkProtoStub::SDMA, localSlice=DataSlice[BufferType::INPUT, offset=0x1AF4, size=0x12C], remoteSlice=DataSlice[BufferType::CCL, offset=0x1644, size=0x12C]]
rankIdx:1, threadIdx:5, [Write]:[remoteRank=3, link=link prototyp=LinkProtoStub::SDMA, localSlice=DataSlice[BufferType::INPUT, offset=0x2454, size=0x12C], remoteSlice=DataSlice[BufferType::CCL, offset=0x1FA4, size=0x12C]]
rankIdx:1, threadIdx:5, [Post]:[remoteRank=3, notifyId=24639, link=link prototyp=LinkProtoStub::SDMA, notifyType=NotifyTypeStub::READY, originated tag=POST]
rankIdx:1, threadIdx:5, [Wait]:[remoteRank=3, notifyId=8258, link=link prototyp=LinkProtoStub::SDMA, notifyType=NotifyTypeStub::READY, originated tag=WAIT]
rankIdx:1, threadIdx:5, [LocalPostTo]:[topicId=8196]
threadIdx : 6, taskNum : 10 
-------------------------------------------------------
rankIdx:1, threadIdx:6, [LocalWaitFrom]:[topicId=8228]
rankIdx:1, threadIdx:6, [Post]:[remoteRank=0, notifyId=50, link=link prototyp=LinkProtoStub::SDMA, notifyType=NotifyTypeStub::READY, originated tag=POST]
rankIdx:1, threadIdx:6, [Wait]:[remoteRank=0, notifyId=8242, link=link prototyp=LinkProtoStub::SDMA, notifyType=NotifyTypeStub::READY, originated tag=WAIT]
rankIdx:1, threadIdx:6, [Write]:[remoteRank=0, link=link prototyp=LinkProtoStub::SDMA, localSlice=DataSlice[BufferType::INPUT, offset=0x0, size=0x12C], remoteSlice=DataSlice[BufferType::CCL, offset=0x258, size=0x12C]]
rankIdx:1, threadIdx:6, [Write]:[remoteRank=0, link=link prototyp=LinkProtoStub::SDMA, localSlice=DataSlice[BufferType::INPUT, offset=0x960, size=0x12C], remoteSlice=DataSlice[BufferType::CCL, offset=0xBB8, size=0x12C]]
rankIdx:1, threadIdx:6, [Write]:[remoteRank=0, link=link prototyp=LinkProtoStub::SDMA, localSlice=DataSlice[BufferType::INPUT, offset=0x12C0, size=0x12C], remoteSlice=DataSlice[BufferType::CCL, offset=0x1518, size=0x12C]]
rankIdx:1, threadIdx:6, [Write]:[remoteRank=0, link=link prototyp=LinkProtoStub::SDMA, localSlice=DataSlice[BufferType::INPUT, offset=0x1C20, size=0x12C], remoteSlice=DataSlice[BufferType::CCL, offset=0x1E78, size=0x12C]]
rankIdx:1, threadIdx:6, [Post]:[remoteRank=0, notifyId=51, link=link prototyp=LinkProtoStub::SDMA, notifyType=NotifyTypeStub::READY, originated tag=POST]
rankIdx:1, threadIdx:6, [Wait]:[remoteRank=0, notifyId=8243, link=link prototyp=LinkProtoStub::SDMA, notifyType=NotifyTypeStub::READY, originated tag=WAIT]
rankIdx:1, threadIdx:6, [LocalPostTo]:[topicId=8197]
threadIdx : 7, taskNum : 10 
-------------------------------------------------------
rankIdx:1, threadIdx:7, [LocalWaitFrom]:[topicId=8235]
rankIdx:1, threadIdx:7, [Post]:[remoteRank=0, notifyId=59, link=link prototyp=LinkProtoStub::SDMA, notifyType=NotifyTypeStub::READY, originated tag=POST]
rankIdx:1, threadIdx:7, [Wait]:[remoteRank=0, notifyId=8251, link=link prototyp=LinkProtoStub::SDMA, notifyType=NotifyTypeStub::READY, originated tag=WAIT]
rankIdx:1, threadIdx:7, [Write]:[remoteRank=0, link=link prototyp=LinkProtoStub::SDMA, localSlice=DataSlice[BufferType::INPUT, offset=0x12C, size=0x12C], remoteSlice=DataSlice[BufferType::CCL, offset=0x384, size=0x12C]]
rankIdx:1, threadIdx:7, [Write]:[remoteRank=0, link=link prototyp=LinkProtoStub::SDMA, localSlice=DataSlice[BufferType::INPUT, offset=0xA8C, size=0x12C], remoteSlice=DataSlice[BufferType::CCL, offset=0xCE4, size=0x12C]]
rankIdx:1, threadIdx:7, [Write]:[remoteRank=0, link=link prototyp=LinkProtoStub::SDMA, localSlice=DataSlice[BufferType::INPUT, offset=0x13EC, size=0x12C], remoteSlice=DataSlice[BufferType::CCL, offset=0x1644, size=0x12C]]
rankIdx:1, threadIdx:7, [Write]:[remoteRank=0, link=link prototyp=LinkProtoStub::SDMA, localSlice=DataSlice[BufferType::INPUT, offset=0x1D4C, size=0x12C], remoteSlice=DataSlice[BufferType::CCL, offset=0x1FA4, size=0x12C]]
rankIdx:1, threadIdx:7, [Post]:[remoteRank=0, notifyId=60, link=link prototyp=LinkProtoStub::SDMA, notifyType=NotifyTypeStub::READY, originated tag=POST]
rankIdx:1, threadIdx:7, [Wait]:[remoteRank=0, notifyId=8252, link=link prototyp=LinkProtoStub::SDMA, notifyType=NotifyTypeStub::READY, originated tag=WAIT]
rankIdx:1, threadIdx:7, [LocalPostTo]:[topicId=8198]
=======================================================
rankId is : 2 
threadIdx : 0, taskNum : 2 
-------------------------------------------------------
rankIdx:2, threadIdx:0, [LocalPostTo]:[topicId=16391]
rankIdx:2, threadIdx:0, [LocalWaitFrom]:[topicId=16384]
threadIdx : 1, taskNum : 42 
-------------------------------------------------------
rankIdx:2, threadIdx:1, [LocalWaitFrom]:[topicId=16391]
rankIdx:2, threadIdx:1, [LocalPostTo]:[topicId=16392]
rankIdx:2, threadIdx:1, [LocalPostTo]:[topicId=16399]
rankIdx:2, threadIdx:1, [LocalPostTo]:[topicId=16406]
rankIdx:2, threadIdx:1, [LocalPostTo]:[topicId=16413]
rankIdx:2, threadIdx:1, [LocalPostTo]:[topicId=16420]
rankIdx:2, threadIdx:1, [LocalPostTo]:[topicId=16427]
rankIdx:2, threadIdx:1, [LocalWaitFrom]:[topicId=16385]
rankIdx:2, threadIdx:1, [LocalWaitFrom]:[topicId=16386]
rankIdx:2, threadIdx:1, [LocalWaitFrom]:[topicId=16387]
rankIdx:2, threadIdx:1, [LocalWaitFrom]:[topicId=16388]
rankIdx:2, threadIdx:1, [LocalWaitFrom]:[topicId=16389]
rankIdx:2, threadIdx:1, [LocalWaitFrom]:[topicId=16390]
rankIdx:2, threadIdx:1, [LocalCopy]:[srcSlice=DataSlice[BufferType::INPUT, offset=0x4B0, size=0x258], dstSlice=DataSlice[BufferType::CCL, offset=0x4B0, size=0x258]]
rankIdx:2, threadIdx:1, [LocalReduce]:[dataType=11, reduceOp=2, srcSlice=DataSlice[BufferType::CCL, offset=0x0, size=0x258], dstSlice=DataSlice[BufferType::CCL, offset=0x4B0, size=0x258]]
rankIdx:2, threadIdx:1, [LocalReduce]:[dataType=11, reduceOp=2, srcSlice=DataSlice[BufferType::CCL, offset=0x258, size=0x258], dstSlice=DataSlice[BufferType::CCL, offset=0x4B0, size=0x258]]
rankIdx:2, threadIdx:1, [LocalReduce]:[dataType=11, reduceOp=2, srcSlice=DataSlice[BufferType::CCL, offset=0x708, size=0x258], dstSlice=DataSlice[BufferType::CCL, offset=0x4B0, size=0x258]]
rankIdx:2, threadIdx:1, [LocalCopy]:[srcSlice=DataSlice[BufferType::INPUT, offset=0xE10, size=0x258], dstSlice=DataSlice[BufferType::CCL, offset=0xE10, size=0x258]]
rankIdx:2, threadIdx:1, [LocalReduce]:[dataType=11, reduceOp=2, srcSlice=DataSlice[BufferType::CCL, offset=0x960, size=0x258], dstSlice=DataSlice[BufferType::CCL, offset=0xE10, size=0x258]]
rankIdx:2, threadIdx:1, [LocalReduce]:[dataType=11, reduceOp=2, srcSlice=DataSlice[BufferType::CCL, offset=0xBB8, size=0x258], dstSlice=DataSlice[BufferType::CCL, offset=0xE10, size=0x258]]
rankIdx:2, threadIdx:1, [LocalReduce]:[dataType=11, reduceOp=2, srcSlice=DataSlice[BufferType::CCL, offset=0x1068, size=0x258], dstSlice=DataSlice[BufferType::CCL, offset=0xE10, size=0x258]]
rankIdx:2, threadIdx:1, [LocalCopy]:[srcSlice=DataSlice[BufferType::INPUT, offset=0x1770, size=0x258], dstSlice=DataSlice[BufferType::CCL, offset=0x1770, size=0x258]]
rankIdx:2, threadIdx:1, [LocalReduce]:[dataType=11, reduceOp=2, srcSlice=DataSlice[BufferType::CCL, offset=0x12C0, size=0x258], dstSlice=DataSlice[BufferType::CCL, offset=0x1770, size=0x258]]
rankIdx:2, threadIdx:1, [LocalReduce]:[dataType=11, reduceOp=2, srcSlice=DataSlice[BufferType::CCL, offset=0x1518, size=0x258], dstSlice=DataSlice[BufferType::CCL, offset=0x1770, size=0x258]]
rankIdx:2, threadIdx:1, [LocalReduce]:[dataType=11, reduceOp=2, srcSlice=DataSlice[BufferType::CCL, offset=0x19C8, size=0x258], dstSlice=DataSlice[BufferType::CCL, offset=0x1770, size=0x258]]
rankIdx:2, threadIdx:1, [LocalCopy]:[srcSlice=DataSlice[BufferType::INPUT, offset=0x20D0, size=0x258], dstSlice=DataSlice[BufferType::CCL, offset=0x20D0, size=0x258]]
rankIdx:2, threadIdx:1, [LocalReduce]:[dataType=11, reduceOp=2, srcSlice=DataSlice[BufferType::CCL, offset=0x1C20, size=0x258], dstSlice=DataSlice[BufferType::CCL, offset=0x20D0, size=0x258]]
rankIdx:2, threadIdx:1, [LocalReduce]:[dataType=11, reduceOp=2, srcSlice=DataSlice[BufferType::CCL, offset=0x1E78, size=0x258], dstSlice=DataSlice[BufferType::CCL, offset=0x20D0, size=0x258]]
rankIdx:2, threadIdx:1, [LocalReduce]:[dataType=11, reduceOp=2, srcSlice=DataSlice[BufferType::CCL, offset=0x2328, size=0x258], dstSlice=DataSlice[BufferType::CCL, offset=0x20D0, size=0x258]]
rankIdx:2, threadIdx:1, [Post]:[remoteRank=6, notifyId=49220, link=link prototyp=LinkProtoStub::SDMA, notifyType=NotifyTypeStub::READY, originated tag=POST]
rankIdx:2, threadIdx:1, [Wait]:[remoteRank=6, notifyId=16452, link=link prototyp=LinkProtoStub::SDMA, notifyType=NotifyTypeStub::READY, originated tag=WAIT]
rankIdx:2, threadIdx:1, [WriteReduce]:[remoteRank=6, link=link prototyp=LinkProtoStub::SDMA, dataType=11, reduceOp=2, localSlice=DataSlice[BufferType::CCL, offset=0xE10, size=0x258], remoteSlice=DataSlice[BufferType::CCL, offset=0xE10, size=0x258]]
rankIdx:2, threadIdx:1, [WriteReduce]:[remoteRank=6, link=link prototyp=LinkProtoStub::SDMA, dataType=11, reduceOp=2, localSlice=DataSlice[BufferType::CCL, offset=0x20D0, size=0x258], remoteSlice=DataSlice[BufferType::CCL, offset=0x20D0, size=0x258]]
rankIdx:2, threadIdx:1, [Post]:[remoteRank=6, notifyId=49221, link=link prototyp=LinkProtoStub::SDMA, notifyType=NotifyTypeStub::READY, originated tag=POST]
rankIdx:2, threadIdx:1, [Wait]:[remoteRank=6, notifyId=16453, link=link prototyp=LinkProtoStub::SDMA, notifyType=NotifyTypeStub::READY, originated tag=WAIT]
rankIdx:2, threadIdx:1, [Post]:[remoteRank=10, notifyId=81991, link=link prototyp=LinkProtoStub::SDMA, notifyType=NotifyTypeStub::READY, originated tag=POST]
rankIdx:2, threadIdx:1, [Wait]:[remoteRank=10, notifyId=16455, link=link prototyp=LinkProtoStub::SDMA, notifyType=NotifyTypeStub::READY, originated tag=WAIT]
rankIdx:2, threadIdx:1, [WriteReduce]:[remoteRank=10, link=link prototyp=LinkProtoStub::SDMA, dataType=11, reduceOp=2, localSlice=DataSlice[BufferType::CCL, offset=0x1770, size=0x258], remoteSlice=DataSlice[BufferType::CCL, offset=0x1770, size=0x258]]
rankIdx:2, threadIdx:1, [Post]:[remoteRank=10, notifyId=81992, link=link prototyp=LinkProtoStub::SDMA, notifyType=NotifyTypeStub::READY, originated tag=POST]
rankIdx:2, threadIdx:1, [Wait]:[remoteRank=10, notifyId=16456, link=link prototyp=LinkProtoStub::SDMA, notifyType=NotifyTypeStub::READY, originated tag=WAIT]
rankIdx:2, threadIdx:1, [LocalCopy]:[srcSlice=DataSlice[BufferType::CCL, offset=0x4B0, size=0x258], dstSlice=DataSlice[BufferType::OUTPUT, offset=0x0, size=0x258]]
rankIdx:2, threadIdx:1, [LocalPostTo]:[topicId=16384]
threadIdx : 2, taskNum : 10 
-------------------------------------------------------
rankIdx:2, threadIdx:2, [LocalWaitFrom]:[topicId=16392]
rankIdx:2, threadIdx:2, [Post]:[remoteRank=3, notifyId=24632, link=link prototyp=LinkProtoStub::SDMA, notifyType=NotifyTypeStub::READY, originated tag=POST]
rankIdx:2, threadIdx:2, [Wait]:[remoteRank=3, notifyId=16440, link=link prototyp=LinkProtoStub::SDMA, notifyType=NotifyTypeStub::READY, originated tag=WAIT]
rankIdx:2, threadIdx:2, [Write]:[remoteRank=3, link=link prototyp=LinkProtoStub::SDMA, localSlice=DataSlice[BufferType::INPUT, offset=0x708, size=0x12C], remoteSlice=DataSlice[BufferType::CCL, offset=0x4B0, size=0x12C]]
rankIdx:2, threadIdx:2, [Write]:[remoteRank=3, link=link prototyp=LinkProtoStub::SDMA, localSlice=DataSlice[BufferType::INPUT, offset=0x1068, size=0x12C], remoteSlice=DataSlice[BufferType::CCL, offset=0xE10, size=0x12C]]
rankIdx:2, threadIdx:2, [Write]:[remoteRank=3, link=link prototyp=LinkProtoStub::SDMA, localSlice=DataSlice[BufferType::INPUT, offset=0x19C8, size=0x12C], remoteSlice=DataSlice[BufferType::CCL, offset=0x1770, size=0x12C]]
rankIdx:2, threadIdx:2, [Write]:[remoteRank=3, link=link prototyp=LinkProtoStub::SDMA, localSlice=DataSlice[BufferType::INPUT, offset=0x2328, size=0x12C], remoteSlice=DataSlice[BufferType::CCL, offset=0x20D0, size=0x12C]]
rankIdx:2, threadIdx:2, [Post]:[remoteRank=3, notifyId=24633, link=link prototyp=LinkProtoStub::SDMA, notifyType=NotifyTypeStub::READY, originated tag=POST]
rankIdx:2, threadIdx:2, [Wait]:[remoteRank=3, notifyId=16441, link=link prototyp=LinkProtoStub::SDMA, notifyType=NotifyTypeStub::READY, originated tag=WAIT]
rankIdx:2, threadIdx:2, [LocalPostTo]:[topicId=16385]
threadIdx : 3, taskNum : 10 
-------------------------------------------------------
rankIdx:2, threadIdx:3, [LocalWaitFrom]:[topicId=16399]
rankIdx:2, threadIdx:3, [Post]:[remoteRank=3, notifyId=24641, link=link prototyp=LinkProtoStub::SDMA, notifyType=NotifyTypeStub::READY, originated tag=POST]
rankIdx:2, threadIdx:3, [Wait]:[remoteRank=3, notifyId=16449, link=link prototyp=LinkProtoStub::SDMA, notifyType=NotifyTypeStub::READY, originated tag=WAIT]
rankIdx:2, threadIdx:3, [Write]:[remoteRank=3, link=link prototyp=LinkProtoStub::SDMA, localSlice=DataSlice[BufferType::INPUT, offset=0x834, size=0x12C], remoteSlice=DataSlice[BufferType::CCL, offset=0x5DC, size=0x12C]]
rankIdx:2, threadIdx:3, [Write]:[remoteRank=3, link=link prototyp=LinkProtoStub::SDMA, localSlice=DataSlice[BufferType::INPUT, offset=0x1194, size=0x12C], remoteSlice=DataSlice[BufferType::CCL, offset=0xF3C, size=0x12C]]
rankIdx:2, threadIdx:3, [Write]:[remoteRank=3, link=link prototyp=LinkProtoStub::SDMA, localSlice=DataSlice[BufferType::INPUT, offset=0x1AF4, size=0x12C], remoteSlice=DataSlice[BufferType::CCL, offset=0x189C, size=0x12C]]
rankIdx:2, threadIdx:3, [Write]:[remoteRank=3, link=link prototyp=LinkProtoStub::SDMA, localSlice=DataSlice[BufferType::INPUT, offset=0x2454, size=0x12C], remoteSlice=DataSlice[BufferType::CCL, offset=0x21FC, size=0x12C]]
rankIdx:2, threadIdx:3, [Post]:[remoteRank=3, notifyId=24642, link=link prototyp=LinkProtoStub::SDMA, notifyType=NotifyTypeStub::READY, originated tag=POST]
rankIdx:2, threadIdx:3, [Wait]:[remoteRank=3, notifyId=16450, link=link prototyp=LinkProtoStub::SDMA, notifyType=NotifyTypeStub::READY, originated tag=WAIT]
rankIdx:2, threadIdx:3, [LocalPostTo]:[topicId=16386]
threadIdx : 4, taskNum : 10 
-------------------------------------------------------
rankIdx:2, threadIdx:4, [LocalWaitFrom]:[topicId=16406]
rankIdx:2, threadIdx:4, [Post]:[remoteRank=0, notifyId=53, link=link prototyp=LinkProtoStub::SDMA, notifyType=NotifyTypeStub::READY, originated tag=POST]
rankIdx:2, threadIdx:4, [Wait]:[remoteRank=0, notifyId=16434, link=link prototyp=LinkProtoStub::SDMA, notifyType=NotifyTypeStub::READY, originated tag=WAIT]
rankIdx:2, threadIdx:4, [Write]:[remoteRank=0, link=link prototyp=LinkProtoStub::SDMA, localSlice=DataSlice[BufferType::INPUT, offset=0x0, size=0x12C], remoteSlice=DataSlice[BufferType::CCL, offset=0x4B0, size=0x12C]]
rankIdx:2, threadIdx:4, [Write]:[remoteRank=0, link=link prototyp=LinkProtoStub::SDMA, localSlice=DataSlice[BufferType::INPUT, offset=0x960, size=0x12C], remoteSlice=DataSlice[BufferType::CCL, offset=0xE10, size=0x12C]]
rankIdx:2, threadIdx:4, [Write]:[remoteRank=0, link=link prototyp=LinkProtoStub::SDMA, localSlice=DataSlice[BufferType::INPUT, offset=0x12C0, size=0x12C], remoteSlice=DataSlice[BufferType::CCL, offset=0x1770, size=0x12C]]
rankIdx:2, threadIdx:4, [Write]:[remoteRank=0, link=link prototyp=LinkProtoStub::SDMA, localSlice=DataSlice[BufferType::INPUT, offset=0x1C20, size=0x12C], remoteSlice=DataSlice[BufferType::CCL, offset=0x20D0, size=0x12C]]
rankIdx:2, threadIdx:4, [Post]:[remoteRank=0, notifyId=54, link=link prototyp=LinkProtoStub::SDMA, notifyType=NotifyTypeStub::READY, originated tag=POST]
rankIdx:2, threadIdx:4, [Wait]:[remoteRank=0, notifyId=16435, link=link prototyp=LinkProtoStub::SDMA, notifyType=NotifyTypeStub::READY, originated tag=WAIT]
rankIdx:2, threadIdx:4, [LocalPostTo]:[topicId=16387]
threadIdx : 5, taskNum : 10 
-------------------------------------------------------
rankIdx:2, threadIdx:5, [LocalWaitFrom]:[topicId=16413]
rankIdx:2, threadIdx:5, [Post]:[remoteRank=0, notifyId=62, link=link prototyp=LinkProtoStub::SDMA, notifyType=NotifyTypeStub::READY, originated tag=POST]
rankIdx:2, threadIdx:5, [Wait]:[remoteRank=0, notifyId=16443, link=link prototyp=LinkProtoStub::SDMA, notifyType=NotifyTypeStub::READY, originated tag=WAIT]
rankIdx:2, threadIdx:5, [Write]:[remoteRank=0, link=link prototyp=LinkProtoStub::SDMA, localSlice=DataSlice[BufferType::INPUT, offset=0x12C, size=0x12C], remoteSlice=DataSlice[BufferType::CCL, offset=0x5DC, size=0x12C]]
rankIdx:2, threadIdx:5, [Write]:[remoteRank=0, link=link prototyp=LinkProtoStub::SDMA, localSlice=DataSlice[BufferType::INPUT, offset=0xA8C, size=0x12C], remoteSlice=DataSlice[BufferType::CCL, offset=0xF3C, size=0x12C]]
rankIdx:2, threadIdx:5, [Write]:[remoteRank=0, link=link prototyp=LinkProtoStub::SDMA, localSlice=DataSlice[BufferType::INPUT, offset=0x13EC, size=0x12C], remoteSlice=DataSlice[BufferType::CCL, offset=0x189C, size=0x12C]]
rankIdx:2, threadIdx:5, [Write]:[remoteRank=0, link=link prototyp=LinkProtoStub::SDMA, localSlice=DataSlice[BufferType::INPUT, offset=0x1D4C, size=0x12C], remoteSlice=DataSlice[BufferType::CCL, offset=0x21FC, size=0x12C]]
rankIdx:2, threadIdx:5, [Post]:[remoteRank=0, notifyId=63, link=link prototyp=LinkProtoStub::SDMA, notifyType=NotifyTypeStub::READY, originated tag=POST]
rankIdx:2, threadIdx:5, [Wait]:[remoteRank=0, notifyId=16444, link=link prototyp=LinkProtoStub::SDMA, notifyType=NotifyTypeStub::READY, originated tag=WAIT]
rankIdx:2, threadIdx:5, [LocalPostTo]:[topicId=16388]
threadIdx : 6, taskNum : 10 
-------------------------------------------------------
rankIdx:2, threadIdx:6, [LocalWaitFrom]:[topicId=16420]
rankIdx:2, threadIdx:6, [Post]:[remoteRank=1, notifyId=8245, link=link prototyp=LinkProtoStub::SDMA, notifyType=NotifyTypeStub::READY, originated tag=POST]
rankIdx:2, threadIdx:6, [Wait]:[remoteRank=1, notifyId=16437, link=link prototyp=LinkProtoStub::SDMA, notifyType=NotifyTypeStub::READY, originated tag=WAIT]
rankIdx:2, threadIdx:6, [Write]:[remoteRank=1, link=link prototyp=LinkProtoStub::SDMA, localSlice=DataSlice[BufferType::INPUT, offset=0x258, size=0x12C], remoteSlice=DataSlice[BufferType::CCL, offset=0x4B0, size=0x12C]]
rankIdx:2, threadIdx:6, [Write]:[remoteRank=1, link=link prototyp=LinkProtoStub::SDMA, localSlice=DataSlice[BufferType::INPUT, offset=0xBB8, size=0x12C], remoteSlice=DataSlice[BufferType::CCL, offset=0xE10, size=0x12C]]
rankIdx:2, threadIdx:6, [Write]:[remoteRank=1, link=link prototyp=LinkProtoStub::SDMA, localSlice=DataSlice[BufferType::INPUT, offset=0x1518, size=0x12C], remoteSlice=DataSlice[BufferType::CCL, offset=0x1770, size=0x12C]]
rankIdx:2, threadIdx:6, [Write]:[remoteRank=1, link=link prototyp=LinkProtoStub::SDMA, localSlice=DataSlice[BufferType::INPUT, offset=0x1E78, size=0x12C], remoteSlice=DataSlice[BufferType::CCL, offset=0x20D0, size=0x12C]]
rankIdx:2, threadIdx:6, [Post]:[remoteRank=1, notifyId=8246, link=link prototyp=LinkProtoStub::SDMA, notifyType=NotifyTypeStub::READY, originated tag=POST]
rankIdx:2, threadIdx:6, [Wait]:[remoteRank=1, notifyId=16438, link=link prototyp=LinkProtoStub::SDMA, notifyType=NotifyTypeStub::READY, originated tag=WAIT]
rankIdx:2, threadIdx:6, [LocalPostTo]:[topicId=16389]
threadIdx : 7, taskNum : 10 
-------------------------------------------------------
rankIdx:2, threadIdx:7, [LocalWaitFrom]:[topicId=16427]
rankIdx:2, threadIdx:7, [Post]:[remoteRank=1, notifyId=8254, link=link prototyp=LinkProtoStub::SDMA, notifyType=NotifyTypeStub::READY, originated tag=POST]
rankIdx:2, threadIdx:7, [Wait]:[remoteRank=1, notifyId=16446, link=link prototyp=LinkProtoStub::SDMA, notifyType=NotifyTypeStub::READY, originated tag=WAIT]
rankIdx:2, threadIdx:7, [Write]:[remoteRank=1, link=link prototyp=LinkProtoStub::SDMA, localSlice=DataSlice[BufferType::INPUT, offset=0x384, size=0x12C], remoteSlice=DataSlice[BufferType::CCL, offset=0x5DC, size=0x12C]]
rankIdx:2, threadIdx:7, [Write]:[remoteRank=1, link=link prototyp=LinkProtoStub::SDMA, localSlice=DataSlice[BufferType::INPUT, offset=0xCE4, size=0x12C], remoteSlice=DataSlice[BufferType::CCL, offset=0xF3C, size=0x12C]]
rankIdx:2, threadIdx:7, [Write]:[remoteRank=1, link=link prototyp=LinkProtoStub::SDMA, localSlice=DataSlice[BufferType::INPUT, offset=0x1644, size=0x12C], remoteSlice=DataSlice[BufferType::CCL, offset=0x189C, size=0x12C]]
rankIdx:2, threadIdx:7, [Write]:[remoteRank=1, link=link prototyp=LinkProtoStub::SDMA, localSlice=DataSlice[BufferType::INPUT, offset=0x1FA4, size=0x12C], remoteSlice=DataSlice[BufferType::CCL, offset=0x21FC, size=0x12C]]
rankIdx:2, threadIdx:7, [Post]:[remoteRank=1, notifyId=8255, link=link prototyp=LinkProtoStub::SDMA, notifyType=NotifyTypeStub::READY, originated tag=POST]
rankIdx:2, threadIdx:7, [Wait]:[remoteRank=1, notifyId=16447, link=link prototyp=LinkProtoStub::SDMA, notifyType=NotifyTypeStub::READY, originated tag=WAIT]
rankIdx:2, threadIdx:7, [LocalPostTo]:[topicId=16390]
=======================================================
rankId is : 3 
threadIdx : 0, taskNum : 2 
-------------------------------------------------------
rankIdx:3, threadIdx:0, [LocalPostTo]:[topicId=24583]
rankIdx:3, threadIdx:0, [LocalWaitFrom]:[topicId=24576]
threadIdx : 1, taskNum : 42 
-------------------------------------------------------
rankIdx:3, threadIdx:1, [LocalWaitFrom]:[topicId=24583]
rankIdx:3, threadIdx:1, [LocalPostTo]:[topicId=24584]
rankIdx:3, threadIdx:1, [LocalPostTo]:[topicId=24591]
rankIdx:3, threadIdx:1, [LocalPostTo]:[topicId=24598]
rankIdx:3, threadIdx:1, [LocalPostTo]:[topicId=24605]
rankIdx:3, threadIdx:1, [LocalPostTo]:[topicId=24612]
rankIdx:3, threadIdx:1, [LocalPostTo]:[topicId=24619]
rankIdx:3, threadIdx:1, [LocalWaitFrom]:[topicId=24577]
rankIdx:3, threadIdx:1, [LocalWaitFrom]:[topicId=24578]
rankIdx:3, threadIdx:1, [LocalWaitFrom]:[topicId=24579]
rankIdx:3, threadIdx:1, [LocalWaitFrom]:[topicId=24580]
rankIdx:3, threadIdx:1, [LocalWaitFrom]:[topicId=24581]
rankIdx:3, threadIdx:1, [LocalWaitFrom]:[topicId=24582]
rankIdx:3, threadIdx:1, [LocalCopy]:[srcSlice=DataSlice[BufferType::INPUT, offset=0x708, size=0x258], dstSlice=DataSlice[BufferType::CCL, offset=0x708, size=0x258]]
rankIdx:3, threadIdx:1, [LocalReduce]:[dataType=11, reduceOp=2, srcSlice=DataSlice[BufferType::CCL, offset=0x0, size=0x258], dstSlice=DataSlice[BufferType::CCL, offset=0x708, size=0x258]]
rankIdx:3, threadIdx:1, [LocalReduce]:[dataType=11, reduceOp=2, srcSlice=DataSlice[BufferType::CCL, offset=0x258, size=0x258], dstSlice=DataSlice[BufferType::CCL, offset=0x708, size=0x258]]
rankIdx:3, threadIdx:1, [LocalReduce]:[dataType=11, reduceOp=2, srcSlice=DataSlice[BufferType::CCL, offset=0x4B0, size=0x258], dstSlice=DataSlice[BufferType::CCL, offset=0x708, size=0x258]]
rankIdx:3, threadIdx:1, [LocalCopy]:[srcSlice=DataSlice[BufferType::INPUT, offset=0x1068, size=0x258], dstSlice=DataSlice[BufferType::CCL, offset=0x1068, size=0x258]]
rankIdx:3, threadIdx:1, [LocalReduce]:[dataType=11, reduceOp=2, srcSlice=DataSlice[BufferType::CCL, offset=0x960, size=0x258], dstSlice=DataSlice[BufferType::CCL, offset=0x1068, size=0x258]]
rankIdx:3, threadIdx:1, [LocalReduce]:[dataType=11, reduceOp=2, srcSlice=DataSlice[BufferType::CCL, offset=0xBB8, size=0x258], dstSlice=DataSlice[BufferType::CCL, offset=0x1068, size=0x258]]
rankIdx:3, threadIdx:1, [LocalReduce]:[dataType=11, reduceOp=2, srcSlice=DataSlice[BufferType::CCL, offset=0xE10, size=0x258], dstSlice=DataSlice[BufferType::CCL, offset=0x1068, size=0x258]]
rankIdx:3, threadIdx:1, [LocalCopy]:[srcSlice=DataSlice[BufferType::INPUT, offset=0x19C8, size=0x258], dstSlice=DataSlice[BufferType::CCL, offset=0x19C8, size=0x258]]
rankIdx:3, threadIdx:1, [LocalReduce]:[dataType=11, reduceOp=2, srcSlice=DataSlice[BufferType::CCL, offset=0x12C0, size=0x258], dstSlice=DataSlice[BufferType::CCL, offset=0x19C8, size=0x258]]
rankIdx:3, threadIdx:1, [LocalReduce]:[dataType=11, reduceOp=2, srcSlice=DataSlice[BufferType::CCL, offset=0x1518, size=0x258], dstSlice=DataSlice[BufferType::CCL, offset=0x19C8, size=0x258]]
rankIdx:3, threadIdx:1, [LocalReduce]:[dataType=11, reduceOp=2, srcSlice=DataSlice[BufferType::CCL, offset=0x1770, size=0x258], dstSlice=DataSlice[BufferType::CCL, offset=0x19C8, size=0x258]]
rankIdx:3, threadIdx:1, [LocalCopy]:[srcSlice=DataSlice[BufferType::INPUT, offset=0x2328, size=0x258], dstSlice=DataSlice[BufferType::CCL, offset=0x2328, size=0x258]]
rankIdx:3, threadIdx:1, [LocalReduce]:[dataType=11, reduceOp=2, srcSlice=DataSlice[BufferType::CCL, offset=0x1C20, size=0x258], dstSlice=DataSlice[BufferType::CCL, offset=0x2328, size=0x258]]
rankIdx:3, threadIdx:1, [LocalReduce]:[dataType=11, reduceOp=2, srcSlice=DataSlice[BufferType::CCL, offset=0x1E78, size=0x258], dstSlice=DataSlice[BufferType::CCL, offset=0x2328, size=0x258]]
rankIdx:3, threadIdx:1, [LocalReduce]:[dataType=11, reduceOp=2, srcSlice=DataSlice[BufferType::CCL, offset=0x20D0, size=0x258], dstSlice=DataSlice[BufferType::CCL, offset=0x2328, size=0x258]]
rankIdx:3, threadIdx:1, [Post]:[remoteRank=7, notifyId=57412, link=link prototyp=LinkProtoStub::SDMA, notifyType=NotifyTypeStub::READY, originated tag=POST]
rankIdx:3, threadIdx:1, [Wait]:[remoteRank=7, notifyId=24644, link=link prototyp=LinkProtoStub::SDMA, notifyType=NotifyTypeStub::READY, originated tag=WAIT]
rankIdx:3, threadIdx:1, [WriteReduce]:[remoteRank=7, link=link prototyp=LinkProtoStub::SDMA, dataType=11, reduceOp=2, localSlice=DataSlice[BufferType::CCL, offset=0x1068, size=0x258], remoteSlice=DataSlice[BufferType::CCL, offset=0x1068, size=0x258]]
rankIdx:3, threadIdx:1, [WriteReduce]:[remoteRank=7, link=link prototyp=LinkProtoStub::SDMA, dataType=11, reduceOp=2, localSlice=DataSlice[BufferType::CCL, offset=0x2328, size=0x258], remoteSlice=DataSlice[BufferType::CCL, offset=0x2328, size=0x258]]
rankIdx:3, threadIdx:1, [Post]:[remoteRank=7, notifyId=57413, link=link prototyp=LinkProtoStub::SDMA, notifyType=NotifyTypeStub::READY, originated tag=POST]
rankIdx:3, threadIdx:1, [Wait]:[remoteRank=7, notifyId=24645, link=link prototyp=LinkProtoStub::SDMA, notifyType=NotifyTypeStub::READY, originated tag=WAIT]
rankIdx:3, threadIdx:1, [Post]:[remoteRank=11, notifyId=90183, link=link prototyp=LinkProtoStub::SDMA, notifyType=NotifyTypeStub::READY, originated tag=POST]
rankIdx:3, threadIdx:1, [Wait]:[remoteRank=11, notifyId=24647, link=link prototyp=LinkProtoStub::SDMA, notifyType=NotifyTypeStub::READY, originated tag=WAIT]
rankIdx:3, threadIdx:1, [WriteReduce]:[remoteRank=11, link=link prototyp=LinkProtoStub::SDMA, dataType=11, reduceOp=2, localSlice=DataSlice[BufferType::CCL, offset=0x19C8, size=0x258], remoteSlice=DataSlice[BufferType::CCL, offset=0x19C8, size=0x258]]
rankIdx:3, threadIdx:1, [Post]:[remoteRank=11, notifyId=90184, link=link prototyp=LinkProtoStub::SDMA, notifyType=NotifyTypeStub::READY, originated tag=POST]
rankIdx:3, threadIdx:1, [Wait]:[remoteRank=11, notifyId=24648, link=link prototyp=LinkProtoStub::SDMA, notifyType=NotifyTypeStub::READY, originated tag=WAIT]
rankIdx:3, threadIdx:1, [LocalCopy]:[srcSlice=DataSlice[BufferType::CCL, offset=0x708, size=0x258], dstSlice=DataSlice[BufferType::OUTPUT, offset=0x0, size=0x258]]
rankIdx:3, threadIdx:1, [LocalPostTo]:[topicId=24576]
threadIdx : 2, taskNum : 10 
-------------------------------------------------------
rankIdx:3, threadIdx:2, [LocalWaitFrom]:[topicId=24584]
rankIdx:3, threadIdx:2, [Post]:[remoteRank=0, notifyId=56, link=link prototyp=LinkProtoStub::SDMA, notifyType=NotifyTypeStub::READY, originated tag=POST]
rankIdx:3, threadIdx:2, [Wait]:[remoteRank=0, notifyId=24626, link=link prototyp=LinkProtoStub::SDMA, notifyType=NotifyTypeStub::READY, originated tag=WAIT]
rankIdx:3, threadIdx:2, [Write]:[remoteRank=0, link=link prototyp=LinkProtoStub::SDMA, localSlice=DataSlice[BufferType::INPUT, offset=0x0, size=0x12C], remoteSlice=DataSlice[BufferType::CCL, offset=0x708, size=0x12C]]
rankIdx:3, threadIdx:2, [Write]:[remoteRank=0, link=link prototyp=LinkProtoStub::SDMA, localSlice=DataSlice[BufferType::INPUT, offset=0x960, size=0x12C], remoteSlice=DataSlice[BufferType::CCL, offset=0x1068, size=0x12C]]
rankIdx:3, threadIdx:2, [Write]:[remoteRank=0, link=link prototyp=LinkProtoStub::SDMA, localSlice=DataSlice[BufferType::INPUT, offset=0x12C0, size=0x12C], remoteSlice=DataSlice[BufferType::CCL, offset=0x19C8, size=0x12C]]
rankIdx:3, threadIdx:2, [Write]:[remoteRank=0, link=link prototyp=LinkProtoStub::SDMA, localSlice=DataSlice[BufferType::INPUT, offset=0x1C20, size=0x12C], remoteSlice=DataSlice[BufferType::CCL, offset=0x2328, size=0x12C]]
rankIdx:3, threadIdx:2, [Post]:[remoteRank=0, notifyId=57, link=link prototyp=LinkProtoStub::SDMA, notifyType=NotifyTypeStub::READY, originated tag=POST]
rankIdx:3, threadIdx:2, [Wait]:[remoteRank=0, notifyId=24627, link=link prototyp=LinkProtoStub::SDMA, notifyType=NotifyTypeStub::READY, originated tag=WAIT]
rankIdx:3, threadIdx:2, [LocalPostTo]:[topicId=24577]
threadIdx : 3, taskNum : 10 
-------------------------------------------------------
rankIdx:3, threadIdx:3, [LocalWaitFrom]:[topicId=24591]
rankIdx:3, threadIdx:3, [Post]:[remoteRank=0, notifyId=65, link=link prototyp=LinkProtoStub::SDMA, notifyType=NotifyTypeStub::READY, originated tag=POST]
rankIdx:3, threadIdx:3, [Wait]:[remoteRank=0, notifyId=24635, link=link prototyp=LinkProtoStub::SDMA, notifyType=NotifyTypeStub::READY, originated tag=WAIT]
rankIdx:3, threadIdx:3, [Write]:[remoteRank=0, link=link prototyp=LinkProtoStub::SDMA, localSlice=DataSlice[BufferType::INPUT, offset=0x12C, size=0x12C], remoteSlice=DataSlice[BufferType::CCL, offset=0x834, size=0x12C]]
rankIdx:3, threadIdx:3, [Write]:[remoteRank=0, link=link prototyp=LinkProtoStub::SDMA, localSlice=DataSlice[BufferType::INPUT, offset=0xA8C, size=0x12C], remoteSlice=DataSlice[BufferType::CCL, offset=0x1194, size=0x12C]]
rankIdx:3, threadIdx:3, [Write]:[remoteRank=0, link=link prototyp=LinkProtoStub::SDMA, localSlice=DataSlice[BufferType::INPUT, offset=0x13EC, size=0x12C], remoteSlice=DataSlice[BufferType::CCL, offset=0x1AF4, size=0x12C]]
rankIdx:3, threadIdx:3, [Write]:[remoteRank=0, link=link prototyp=LinkProtoStub::SDMA, localSlice=DataSlice[BufferType::INPUT, offset=0x1D4C, size=0x12C], remoteSlice=DataSlice[BufferType::CCL, offset=0x2454, size=0x12C]]
rankIdx:3, threadIdx:3, [Post]:[remoteRank=0, notifyId=66, link=link prototyp=LinkProtoStub::SDMA, notifyType=NotifyTypeStub::READY, originated tag=POST]
rankIdx:3, threadIdx:3, [Wait]:[remoteRank=0, notifyId=24636, link=link prototyp=LinkProtoStub::SDMA, notifyType=NotifyTypeStub::READY, originated tag=WAIT]
rankIdx:3, threadIdx:3, [LocalPostTo]:[topicId=24578]
threadIdx : 4, taskNum : 10 
-------------------------------------------------------
rankIdx:3, threadIdx:4, [LocalWaitFrom]:[topicId=24598]
rankIdx:3, threadIdx:4, [Post]:[remoteRank=1, notifyId=8248, link=link prototyp=LinkProtoStub::SDMA, notifyType=NotifyTypeStub::READY, originated tag=POST]
rankIdx:3, threadIdx:4, [Wait]:[remoteRank=1, notifyId=24629, link=link prototyp=LinkProtoStub::SDMA, notifyType=NotifyTypeStub::READY, originated tag=WAIT]
rankIdx:3, threadIdx:4, [Write]:[remoteRank=1, link=link prototyp=LinkProtoStub::SDMA, localSlice=DataSlice[BufferType::INPUT, offset=0x258, size=0x12C], remoteSlice=DataSlice[BufferType::CCL, offset=0x708, size=0x12C]]
rankIdx:3, threadIdx:4, [Write]:[remoteRank=1, link=link prototyp=LinkProtoStub::SDMA, localSlice=DataSlice[BufferType::INPUT, offset=0xBB8, size=0x12C], remoteSlice=DataSlice[BufferType::CCL, offset=0x1068, size=0x12C]]
rankIdx:3, threadIdx:4, [Write]:[remoteRank=1, link=link prototyp=LinkProtoStub::SDMA, localSlice=DataSlice[BufferType::INPUT, offset=0x1518, size=0x12C], remoteSlice=DataSlice[BufferType::CCL, offset=0x19C8, size=0x12C]]
rankIdx:3, threadIdx:4, [Write]:[remoteRank=1, link=link prototyp=LinkProtoStub::SDMA, localSlice=DataSlice[BufferType::INPUT, offset=0x1E78, size=0x12C], remoteSlice=DataSlice[BufferType::CCL, offset=0x2328, size=0x12C]]
rankIdx:3, threadIdx:4, [Post]:[remoteRank=1, notifyId=8249, link=link prototyp=LinkProtoStub::SDMA, notifyType=NotifyTypeStub::READY, originated tag=POST]
rankIdx:3, threadIdx:4, [Wait]:[remoteRank=1, notifyId=24630, link=link prototyp=LinkProtoStub::SDMA, notifyType=NotifyTypeStub::READY, originated tag=WAIT]
rankIdx:3, threadIdx:4, [LocalPostTo]:[topicId=24579]
threadIdx : 5, taskNum : 10 
-------------------------------------------------------
rankIdx:3, threadIdx:5, [LocalWaitFrom]:[topicId=24605]
rankIdx:3, threadIdx:5, [Post]:[remoteRank=1, notifyId=8257, link=link prototyp=LinkProtoStub::SDMA, notifyType=NotifyTypeStub::READY, originated tag=POST]
rankIdx:3, threadIdx:5, [Wait]:[remoteRank=1, notifyId=24638, link=link prototyp=LinkProtoStub::SDMA, notifyType=NotifyTypeStub::READY, originated tag=WAIT]
rankIdx:3, threadIdx:5, [Write]:[remoteRank=1, link=link prototyp=LinkProtoStub::SDMA, localSlice=DataSlice[BufferType::INPUT, offset=0x384, size=0x12C], remoteSlice=DataSlice[BufferType::CCL, offset=0x834, size=0x12C]]
rankIdx:3, threadIdx:5, [Write]:[remoteRank=1, link=link prototyp=LinkProtoStub::SDMA, localSlice=DataSlice[BufferType::INPUT, offset=0xCE4, size=0x12C], remoteSlice=DataSlice[BufferType::CCL, offset=0x1194, size=0x12C]]
rankIdx:3, threadIdx:5, [Write]:[remoteRank=1, link=link prototyp=LinkProtoStub::SDMA, localSlice=DataSlice[BufferType::INPUT, offset=0x1644, size=0x12C], remoteSlice=DataSlice[BufferType::CCL, offset=0x1AF4, size=0x12C]]
rankIdx:3, threadIdx:5, [Write]:[remoteRank=1, link=link prototyp=LinkProtoStub::SDMA, localSlice=DataSlice[BufferType::INPUT, offset=0x1FA4, size=0x12C], remoteSlice=DataSlice[BufferType::CCL, offset=0x2454, size=0x12C]]
rankIdx:3, threadIdx:5, [Post]:[remoteRank=1, notifyId=8258, link=link prototyp=LinkProtoStub::SDMA, notifyType=NotifyTypeStub::READY, originated tag=POST]
rankIdx:3, threadIdx:5, [Wait]:[remoteRank=1, notifyId=24639, link=link prototyp=LinkProtoStub::SDMA, notifyType=NotifyTypeStub::READY, originated tag=WAIT]
rankIdx:3, threadIdx:5, [LocalPostTo]:[topicId=24580]
threadIdx : 6, taskNum : 10 
-------------------------------------------------------
rankIdx:3, threadIdx:6, [LocalWaitFrom]:[topicId=24612]
rankIdx:3, threadIdx:6, [Post]:[remoteRank=2, notifyId=16440, link=link prototyp=LinkProtoStub::SDMA, notifyType=NotifyTypeStub::READY, originated tag=POST]
rankIdx:3, threadIdx:6, [Wait]:[remoteRank=2, notifyId=24632, link=link prototyp=LinkProtoStub::SDMA, notifyType=NotifyTypeStub::READY, originated tag=WAIT]
rankIdx:3, threadIdx:6, [Write]:[remoteRank=2, link=link prototyp=LinkProtoStub::SDMA, localSlice=DataSlice[BufferType::INPUT, offset=0x4B0, size=0x12C], remoteSlice=DataSlice[BufferType::CCL, offset=0x708, size=0x12C]]
rankIdx:3, threadIdx:6, [Write]:[remoteRank=2, link=link prototyp=LinkProtoStub::SDMA, localSlice=DataSlice[BufferType::INPUT, offset=0xE10, size=0x12C], remoteSlice=DataSlice[BufferType::CCL, offset=0x1068, size=0x12C]]
rankIdx:3, threadIdx:6, [Write]:[remoteRank=2, link=link prototyp=LinkProtoStub::SDMA, localSlice=DataSlice[BufferType::INPUT, offset=0x1770, size=0x12C], remoteSlice=DataSlice[BufferType::CCL, offset=0x19C8, size=0x12C]]
rankIdx:3, threadIdx:6, [Write]:[remoteRank=2, link=link prototyp=LinkProtoStub::SDMA, localSlice=DataSlice[BufferType::INPUT, offset=0x20D0, size=0x12C], remoteSlice=DataSlice[BufferType::CCL, offset=0x2328, size=0x12C]]
rankIdx:3, threadIdx:6, [Post]:[remoteRank=2, notifyId=16441, link=link prototyp=LinkProtoStub::SDMA, notifyType=NotifyTypeStub::READY, originated tag=POST]
rankIdx:3, threadIdx:6, [Wait]:[remoteRank=2, notifyId=24633, link=link prototyp=LinkProtoStub::SDMA, notifyType=NotifyTypeStub::READY, originated tag=WAIT]
rankIdx:3, threadIdx:6, [LocalPostTo]:[topicId=24581]
threadIdx : 7, taskNum : 10 
-------------------------------------------------------
rankIdx:3, threadIdx:7, [LocalWaitFrom]:[topicId=24619]
rankIdx:3, threadIdx:7, [Post]:[remoteRank=2, notifyId=16449, link=link prototyp=LinkProtoStub::SDMA, notifyType=NotifyTypeStub::READY, originated tag=POST]
rankIdx:3, threadIdx:7, [Wait]:[remoteRank=2, notifyId=24641, link=link prototyp=LinkProtoStub::SDMA, notifyType=NotifyTypeStub::READY, originated tag=WAIT]
rankIdx:3, threadIdx:7, [Write]:[remoteRank=2, link=link prototyp=LinkProtoStub::SDMA, localSlice=DataSlice[BufferType::INPUT, offset=0x5DC, size=0x12C], remoteSlice=DataSlice[BufferType::CCL, offset=0x834, size=0x12C]]
rankIdx:3, threadIdx:7, [Write]:[remoteRank=2, link=link prototyp=LinkProtoStub::SDMA, localSlice=DataSlice[BufferType::INPUT, offset=0xF3C, size=0x12C], remoteSlice=DataSlice[BufferType::CCL, offset=0x1194, size=0x12C]]
rankIdx:3, threadIdx:7, [Write]:[remoteRank=2, link=link prototyp=LinkProtoStub::SDMA, localSlice=DataSlice[BufferType::INPUT, offset=0x189C, size=0x12C], remoteSlice=DataSlice[BufferType::CCL, offset=0x1AF4, size=0x12C]]
rankIdx:3, threadIdx:7, [Write]:[remoteRank=2, link=link prototyp=LinkProtoStub::SDMA, localSlice=DataSlice[BufferType::INPUT, offset=0x21FC, size=0x12C], remoteSlice=DataSlice[BufferType::CCL, offset=0x2454, size=0x12C]]
rankIdx:3, threadIdx:7, [Post]:[remoteRank=2, notifyId=16450, link=link prototyp=LinkProtoStub::SDMA, notifyType=NotifyTypeStub::READY, originated tag=POST]
rankIdx:3, threadIdx:7, [Wait]:[remoteRank=2, notifyId=24642, link=link prototyp=LinkProtoStub::SDMA, notifyType=NotifyTypeStub::READY, originated tag=WAIT]
rankIdx:3, threadIdx:7, [LocalPostTo]:[topicId=24582]
=======================================================
rankId is : 4 
threadIdx : 0, taskNum : 2 
-------------------------------------------------------
rankIdx:4, threadIdx:0, [LocalPostTo]:[topicId=32775]
rankIdx:4, threadIdx:0, [LocalWaitFrom]:[topicId=32768]
threadIdx : 1, taskNum : 42 
-------------------------------------------------------
rankIdx:4, threadIdx:1, [LocalWaitFrom]:[topicId=32775]
rankIdx:4, threadIdx:1, [LocalPostTo]:[topicId=32776]
rankIdx:4, threadIdx:1, [LocalPostTo]:[topicId=32783]
rankIdx:4, threadIdx:1, [LocalPostTo]:[topicId=32790]
rankIdx:4, threadIdx:1, [LocalPostTo]:[topicId=32797]
rankIdx:4, threadIdx:1, [LocalPostTo]:[topicId=32804]
rankIdx:4, threadIdx:1, [LocalPostTo]:[topicId=32811]
rankIdx:4, threadIdx:1, [LocalWaitFrom]:[topicId=32769]
rankIdx:4, threadIdx:1, [LocalWaitFrom]:[topicId=32770]
rankIdx:4, threadIdx:1, [LocalWaitFrom]:[topicId=32771]
rankIdx:4, threadIdx:1, [LocalWaitFrom]:[topicId=32772]
rankIdx:4, threadIdx:1, [LocalWaitFrom]:[topicId=32773]
rankIdx:4, threadIdx:1, [LocalWaitFrom]:[topicId=32774]
rankIdx:4, threadIdx:1, [LocalCopy]:[srcSlice=DataSlice[BufferType::INPUT, offset=0x0, size=0x258], dstSlice=DataSlice[BufferType::CCL, offset=0x0, size=0x258]]
rankIdx:4, threadIdx:1, [LocalReduce]:[dataType=11, reduceOp=2, srcSlice=DataSlice[BufferType::CCL, offset=0x258, size=0x258], dstSlice=DataSlice[BufferType::CCL, offset=0x0, size=0x258]]
rankIdx:4, threadIdx:1, [LocalReduce]:[dataType=11, reduceOp=2, srcSlice=DataSlice[BufferType::CCL, offset=0x4B0, size=0x258], dstSlice=DataSlice[BufferType::CCL, offset=0x0, size=0x258]]
rankIdx:4, threadIdx:1, [LocalReduce]:[dataType=11, reduceOp=2, srcSlice=DataSlice[BufferType::CCL, offset=0x708, size=0x258], dstSlice=DataSlice[BufferType::CCL, offset=0x0, size=0x258]]
rankIdx:4, threadIdx:1, [LocalCopy]:[srcSlice=DataSlice[BufferType::INPUT, offset=0x960, size=0x258], dstSlice=DataSlice[BufferType::CCL, offset=0x960, size=0x258]]
rankIdx:4, threadIdx:1, [LocalReduce]:[dataType=11, reduceOp=2, srcSlice=DataSlice[BufferType::CCL, offset=0xBB8, size=0x258], dstSlice=DataSlice[BufferType::CCL, offset=0x960, size=0x258]]
rankIdx:4, threadIdx:1, [LocalReduce]:[dataType=11, reduceOp=2, srcSlice=DataSlice[BufferType::CCL, offset=0xE10, size=0x258], dstSlice=DataSlice[BufferType::CCL, offset=0x960, size=0x258]]
rankIdx:4, threadIdx:1, [LocalReduce]:[dataType=11, reduceOp=2, srcSlice=DataSlice[BufferType::CCL, offset=0x1068, size=0x258], dstSlice=DataSlice[BufferType::CCL, offset=0x960, size=0x258]]
rankIdx:4, threadIdx:1, [LocalCopy]:[srcSlice=DataSlice[BufferType::INPUT, offset=0x12C0, size=0x258], dstSlice=DataSlice[BufferType::CCL, offset=0x12C0, size=0x258]]
rankIdx:4, threadIdx:1, [LocalReduce]:[dataType=11, reduceOp=2, srcSlice=DataSlice[BufferType::CCL, offset=0x1518, size=0x258], dstSlice=DataSlice[BufferType::CCL, offset=0x12C0, size=0x258]]
rankIdx:4, threadIdx:1, [LocalReduce]:[dataType=11, reduceOp=2, srcSlice=DataSlice[BufferType::CCL, offset=0x1770, size=0x258], dstSlice=DataSlice[BufferType::CCL, offset=0x12C0, size=0x258]]
rankIdx:4, threadIdx:1, [LocalReduce]:[dataType=11, reduceOp=2, srcSlice=DataSlice[BufferType::CCL, offset=0x19C8, size=0x258], dstSlice=DataSlice[BufferType::CCL, offset=0x12C0, size=0x258]]
rankIdx:4, threadIdx:1, [LocalCopy]:[srcSlice=DataSlice[BufferType::INPUT, offset=0x1C20, size=0x258], dstSlice=DataSlice[BufferType::CCL, offset=0x1C20, size=0x258]]
rankIdx:4, threadIdx:1, [LocalReduce]:[dataType=11, reduceOp=2, srcSlice=DataSlice[BufferType::CCL, offset=0x1E78, size=0x258], dstSlice=DataSlice[BufferType::CCL, offset=0x1C20, size=0x258]]
rankIdx:4, threadIdx:1, [LocalReduce]:[dataType=11, reduceOp=2, srcSlice=DataSlice[BufferType::CCL, offset=0x20D0, size=0x258], dstSlice=DataSlice[BufferType::CCL, offset=0x1C20, size=0x258]]
rankIdx:4, threadIdx:1, [LocalReduce]:[dataType=11, reduceOp=2, srcSlice=DataSlice[BufferType::CCL, offset=0x2328, size=0x258], dstSlice=DataSlice[BufferType::CCL, offset=0x1C20, size=0x258]]
rankIdx:4, threadIdx:1, [Post]:[remoteRank=0, notifyId=68, link=link prototyp=LinkProtoStub::SDMA, notifyType=NotifyTypeStub::READY, originated tag=POST]
rankIdx:4, threadIdx:1, [Wait]:[remoteRank=0, notifyId=32836, link=link prototyp=LinkProtoStub::SDMA, notifyType=NotifyTypeStub::READY, originated tag=WAIT]
rankIdx:4, threadIdx:1, [WriteReduce]:[remoteRank=0, link=link prototyp=LinkProtoStub::SDMA, dataType=11, reduceOp=2, localSlice=DataSlice[BufferType::CCL, offset=0x0, size=0x258], remoteSlice=DataSlice[BufferType::CCL, offset=0x0, size=0x258]]
rankIdx:4, threadIdx:1, [WriteReduce]:[remoteRank=0, link=link prototyp=LinkProtoStub::SDMA, dataType=11, reduceOp=2, localSlice=DataSlice[BufferType::CCL, offset=0x12C0, size=0x258], remoteSlice=DataSlice[BufferType::CCL, offset=0x12C0, size=0x258]]
rankIdx:4, threadIdx:1, [Post]:[remoteRank=0, notifyId=69, link=link prototyp=LinkProtoStub::SDMA, notifyType=NotifyTypeStub::READY, originated tag=POST]
rankIdx:4, threadIdx:1, [Wait]:[remoteRank=0, notifyId=32837, link=link prototyp=LinkProtoStub::SDMA, notifyType=NotifyTypeStub::READY, originated tag=WAIT]
rankIdx:4, threadIdx:1, [Post]:[remoteRank=12, notifyId=98375, link=link prototyp=LinkProtoStub::SDMA, notifyType=NotifyTypeStub::READY, originated tag=POST]
rankIdx:4, threadIdx:1, [Wait]:[remoteRank=12, notifyId=32839, link=link prototyp=LinkProtoStub::SDMA, notifyType=NotifyTypeStub::READY, originated tag=WAIT]
rankIdx:4, threadIdx:1, [WriteReduce]:[remoteRank=12, link=link prototyp=LinkProtoStub::SDMA, dataType=11, reduceOp=2, localSlice=DataSlice[BufferType::CCL, offset=0x1C20, size=0x258], remoteSlice=DataSlice[BufferType::CCL, offset=0x1C20, size=0x258]]
rankIdx:4, threadIdx:1, [Post]:[remoteRank=12, notifyId=98376, link=link prototyp=LinkProtoStub::SDMA, notifyType=NotifyTypeStub::READY, originated tag=POST]
rankIdx:4, threadIdx:1, [Wait]:[remoteRank=12, notifyId=32840, link=link prototyp=LinkProtoStub::SDMA, notifyType=NotifyTypeStub::READY, originated tag=WAIT]
rankIdx:4, threadIdx:1, [LocalCopy]:[srcSlice=DataSlice[BufferType::CCL, offset=0x960, size=0x258], dstSlice=DataSlice[BufferType::OUTPUT, offset=0x0, size=0x258]]
rankIdx:4, threadIdx:1, [LocalPostTo]:[topicId=32768]
threadIdx : 2, taskNum : 10 
-------------------------------------------------------
rankIdx:4, threadIdx:2, [LocalWaitFrom]:[topicId=32776]
rankIdx:4, threadIdx:2, [Post]:[remoteRank=5, notifyId=41010, link=link prototyp=LinkProtoStub::SDMA, notifyType=NotifyTypeStub::READY, originated tag=POST]
rankIdx:4, threadIdx:2, [Wait]:[remoteRank=5, notifyId=32818, link=link prototyp=LinkProtoStub::SDMA, notifyType=NotifyTypeStub::READY, originated tag=WAIT]
rankIdx:4, threadIdx:2, [Write]:[remoteRank=5, link=link prototyp=LinkProtoStub::SDMA, localSlice=DataSlice[BufferType::INPUT, offset=0x258, size=0x12C], remoteSlice=DataSlice[BufferType::CCL, offset=0x0, size=0x12C]]
rankIdx:4, threadIdx:2, [Write]:[remoteRank=5, link=link prototyp=LinkProtoStub::SDMA, localSlice=DataSlice[BufferType::INPUT, offset=0xBB8, size=0x12C], remoteSlice=DataSlice[BufferType::CCL, offset=0x960, size=0x12C]]
rankIdx:4, threadIdx:2, [Write]:[remoteRank=5, link=link prototyp=LinkProtoStub::SDMA, localSlice=DataSlice[BufferType::INPUT, offset=0x1518, size=0x12C], remoteSlice=DataSlice[BufferType::CCL, offset=0x12C0, size=0x12C]]
rankIdx:4, threadIdx:2, [Write]:[remoteRank=5, link=link prototyp=LinkProtoStub::SDMA, localSlice=DataSlice[BufferType::INPUT, offset=0x1E78, size=0x12C], remoteSlice=DataSlice[BufferType::CCL, offset=0x1C20, size=0x12C]]
rankIdx:4, threadIdx:2, [Post]:[remoteRank=5, notifyId=41011, link=link prototyp=LinkProtoStub::SDMA, notifyType=NotifyTypeStub::READY, originated tag=POST]
rankIdx:4, threadIdx:2, [Wait]:[remoteRank=5, notifyId=32819, link=link prototyp=LinkProtoStub::SDMA, notifyType=NotifyTypeStub::READY, originated tag=WAIT]
rankIdx:4, threadIdx:2, [LocalPostTo]:[topicId=32769]
threadIdx : 3, taskNum : 10 
-------------------------------------------------------
rankIdx:4, threadIdx:3, [LocalWaitFrom]:[topicId=32783]
rankIdx:4, threadIdx:3, [Post]:[remoteRank=5, notifyId=41019, link=link prototyp=LinkProtoStub::SDMA, notifyType=NotifyTypeStub::READY, originated tag=POST]
rankIdx:4, threadIdx:3, [Wait]:[remoteRank=5, notifyId=32827, link=link prototyp=LinkProtoStub::SDMA, notifyType=NotifyTypeStub::READY, originated tag=WAIT]
rankIdx:4, threadIdx:3, [Write]:[remoteRank=5, link=link prototyp=LinkProtoStub::SDMA, localSlice=DataSlice[BufferType::INPUT, offset=0x384, size=0x12C], remoteSlice=DataSlice[BufferType::CCL, offset=0x12C, size=0x12C]]
rankIdx:4, threadIdx:3, [Write]:[remoteRank=5, link=link prototyp=LinkProtoStub::SDMA, localSlice=DataSlice[BufferType::INPUT, offset=0xCE4, size=0x12C], remoteSlice=DataSlice[BufferType::CCL, offset=0xA8C, size=0x12C]]
rankIdx:4, threadIdx:3, [Write]:[remoteRank=5, link=link prototyp=LinkProtoStub::SDMA, localSlice=DataSlice[BufferType::INPUT, offset=0x1644, size=0x12C], remoteSlice=DataSlice[BufferType::CCL, offset=0x13EC, size=0x12C]]
rankIdx:4, threadIdx:3, [Write]:[remoteRank=5, link=link prototyp=LinkProtoStub::SDMA, localSlice=DataSlice[BufferType::INPUT, offset=0x1FA4, size=0x12C], remoteSlice=DataSlice[BufferType::CCL, offset=0x1D4C, size=0x12C]]
rankIdx:4, threadIdx:3, [Post]:[remoteRank=5, notifyId=41020, link=link prototyp=LinkProtoStub::SDMA, notifyType=NotifyTypeStub::READY, originated tag=POST]
rankIdx:4, threadIdx:3, [Wait]:[remoteRank=5, notifyId=32828, link=link prototyp=LinkProtoStub::SDMA, notifyType=NotifyTypeStub::READY, originated tag=WAIT]
rankIdx:4, threadIdx:3, [LocalPostTo]:[topicId=32770]
threadIdx : 4, taskNum : 10 
-------------------------------------------------------
rankIdx:4, threadIdx:4, [LocalWaitFrom]:[topicId=32790]
rankIdx:4, threadIdx:4, [Post]:[remoteRank=6, notifyId=49202, link=link prototyp=LinkProtoStub::SDMA, notifyType=NotifyTypeStub::READY, originated tag=POST]
rankIdx:4, threadIdx:4, [Wait]:[remoteRank=6, notifyId=32821, link=link prototyp=LinkProtoStub::SDMA, notifyType=NotifyTypeStub::READY, originated tag=WAIT]
rankIdx:4, threadIdx:4, [Write]:[remoteRank=6, link=link prototyp=LinkProtoStub::SDMA, localSlice=DataSlice[BufferType::INPUT, offset=0x4B0, size=0x12C], remoteSlice=DataSlice[BufferType::CCL, offset=0x0, size=0x12C]]
rankIdx:4, threadIdx:4, [Write]:[remoteRank=6, link=link prototyp=LinkProtoStub::SDMA, localSlice=DataSlice[BufferType::INPUT, offset=0xE10, size=0x12C], remoteSlice=DataSlice[BufferType::CCL, offset=0x960, size=0x12C]]
rankIdx:4, threadIdx:4, [Write]:[remoteRank=6, link=link prototyp=LinkProtoStub::SDMA, localSlice=DataSlice[BufferType::INPUT, offset=0x1770, size=0x12C], remoteSlice=DataSlice[BufferType::CCL, offset=0x12C0, size=0x12C]]
rankIdx:4, threadIdx:4, [Write]:[remoteRank=6, link=link prototyp=LinkProtoStub::SDMA, localSlice=DataSlice[BufferType::INPUT, offset=0x20D0, size=0x12C], remoteSlice=DataSlice[BufferType::CCL, offset=0x1C20, size=0x12C]]
rankIdx:4, threadIdx:4, [Post]:[remoteRank=6, notifyId=49203, link=link prototyp=LinkProtoStub::SDMA, notifyType=NotifyTypeStub::READY, originated tag=POST]
rankIdx:4, threadIdx:4, [Wait]:[remoteRank=6, notifyId=32822, link=link prototyp=LinkProtoStub::SDMA, notifyType=NotifyTypeStub::READY, originated tag=WAIT]
rankIdx:4, threadIdx:4, [LocalPostTo]:[topicId=32771]
threadIdx : 5, taskNum : 10 
-------------------------------------------------------
rankIdx:4, threadIdx:5, [LocalWaitFrom]:[topicId=32797]
rankIdx:4, threadIdx:5, [Post]:[remoteRank=6, notifyId=49211, link=link prototyp=LinkProtoStub::SDMA, notifyType=NotifyTypeStub::READY, originated tag=POST]
rankIdx:4, threadIdx:5, [Wait]:[remoteRank=6, notifyId=32830, link=link prototyp=LinkProtoStub::SDMA, notifyType=NotifyTypeStub::READY, originated tag=WAIT]
rankIdx:4, threadIdx:5, [Write]:[remoteRank=6, link=link prototyp=LinkProtoStub::SDMA, localSlice=DataSlice[BufferType::INPUT, offset=0x5DC, size=0x12C], remoteSlice=DataSlice[BufferType::CCL, offset=0x12C, size=0x12C]]
rankIdx:4, threadIdx:5, [Write]:[remoteRank=6, link=link prototyp=LinkProtoStub::SDMA, localSlice=DataSlice[BufferType::INPUT, offset=0xF3C, size=0x12C], remoteSlice=DataSlice[BufferType::CCL, offset=0xA8C, size=0x12C]]
rankIdx:4, threadIdx:5, [Write]:[remoteRank=6, link=link prototyp=LinkProtoStub::SDMA, localSlice=DataSlice[BufferType::INPUT, offset=0x189C, size=0x12C], remoteSlice=DataSlice[BufferType::CCL, offset=0x13EC, size=0x12C]]
rankIdx:4, threadIdx:5, [Write]:[remoteRank=6, link=link prototyp=LinkProtoStub::SDMA, localSlice=DataSlice[BufferType::INPUT, offset=0x21FC, size=0x12C], remoteSlice=DataSlice[BufferType::CCL, offset=0x1D4C, size=0x12C]]
rankIdx:4, threadIdx:5, [Post]:[remoteRank=6, notifyId=49212, link=link prototyp=LinkProtoStub::SDMA, notifyType=NotifyTypeStub::READY, originated tag=POST]
rankIdx:4, threadIdx:5, [Wait]:[remoteRank=6, notifyId=32831, link=link prototyp=LinkProtoStub::SDMA, notifyType=NotifyTypeStub::READY, originated tag=WAIT]
rankIdx:4, threadIdx:5, [LocalPostTo]:[topicId=32772]
threadIdx : 6, taskNum : 10 
-------------------------------------------------------
rankIdx:4, threadIdx:6, [LocalWaitFrom]:[topicId=32804]
rankIdx:4, threadIdx:6, [Post]:[remoteRank=7, notifyId=57394, link=link prototyp=LinkProtoStub::SDMA, notifyType=NotifyTypeStub::READY, originated tag=POST]
rankIdx:4, threadIdx:6, [Wait]:[remoteRank=7, notifyId=32824, link=link prototyp=LinkProtoStub::SDMA, notifyType=NotifyTypeStub::READY, originated tag=WAIT]
rankIdx:4, threadIdx:6, [Write]:[remoteRank=7, link=link prototyp=LinkProtoStub::SDMA, localSlice=DataSlice[BufferType::INPUT, offset=0x708, size=0x12C], remoteSlice=DataSlice[BufferType::CCL, offset=0x0, size=0x12C]]
rankIdx:4, threadIdx:6, [Write]:[remoteRank=7, link=link prototyp=LinkProtoStub::SDMA, localSlice=DataSlice[BufferType::INPUT, offset=0x1068, size=0x12C], remoteSlice=DataSlice[BufferType::CCL, offset=0x960, size=0x12C]]
rankIdx:4, threadIdx:6, [Write]:[remoteRank=7, link=link prototyp=LinkProtoStub::SDMA, localSlice=DataSlice[BufferType::INPUT, offset=0x19C8, size=0x12C], remoteSlice=DataSlice[BufferType::CCL, offset=0x12C0, size=0x12C]]
rankIdx:4, threadIdx:6, [Write]:[remoteRank=7, link=link prototyp=LinkProtoStub::SDMA, localSlice=DataSlice[BufferType::INPUT, offset=0x2328, size=0x12C], remoteSlice=DataSlice[BufferType::CCL, offset=0x1C20, size=0x12C]]
rankIdx:4, threadIdx:6, [Post]:[remoteRank=7, notifyId=57395, link=link prototyp=LinkProtoStub::SDMA, notifyType=NotifyTypeStub::READY, originated tag=POST]
rankIdx:4, threadIdx:6, [Wait]:[remoteRank=7, notifyId=32825, link=link prototyp=LinkProtoStub::SDMA, notifyType=NotifyTypeStub::READY, originated tag=WAIT]
rankIdx:4, threadIdx:6, [LocalPostTo]:[topicId=32773]
threadIdx : 7, taskNum : 10 
-------------------------------------------------------
rankIdx:4, threadIdx:7, [LocalWaitFrom]:[topicId=32811]
rankIdx:4, threadIdx:7, [Post]:[remoteRank=7, notifyId=57403, link=link prototyp=LinkProtoStub::SDMA, notifyType=NotifyTypeStub::READY, originated tag=POST]
rankIdx:4, threadIdx:7, [Wait]:[remoteRank=7, notifyId=32833, link=link prototyp=LinkProtoStub::SDMA, notifyType=NotifyTypeStub::READY, originated tag=WAIT]
rankIdx:4, threadIdx:7, [Write]:[remoteRank=7, link=link prototyp=LinkProtoStub::SDMA, localSlice=DataSlice[BufferType::INPUT, offset=0x834, size=0x12C], remoteSlice=DataSlice[BufferType::CCL, offset=0x12C, size=0x12C]]
rankIdx:4, threadIdx:7, [Write]:[remoteRank=7, link=link prototyp=LinkProtoStub::SDMA, localSlice=DataSlice[BufferType::INPUT, offset=0x1194, size=0x12C], remoteSlice=DataSlice[BufferType::CCL, offset=0xA8C, size=0x12C]]
rankIdx:4, threadIdx:7, [Write]:[remoteRank=7, link=link prototyp=LinkProtoStub::SDMA, localSlice=DataSlice[BufferType::INPUT, offset=0x1AF4, size=0x12C], remoteSlice=DataSlice[BufferType::CCL, offset=0x13EC, size=0x12C]]
rankIdx:4, threadIdx:7, [Write]:[remoteRank=7, link=link prototyp=LinkProtoStub::SDMA, localSlice=DataSlice[BufferType::INPUT, offset=0x2454, size=0x12C], remoteSlice=DataSlice[BufferType::CCL, offset=0x1D4C, size=0x12C]]
rankIdx:4, threadIdx:7, [Post]:[remoteRank=7, notifyId=57404, link=link prototyp=LinkProtoStub::SDMA, notifyType=NotifyTypeStub::READY, originated tag=POST]
rankIdx:4, threadIdx:7, [Wait]:[remoteRank=7, notifyId=32834, link=link prototyp=LinkProtoStub::SDMA, notifyType=NotifyTypeStub::READY, originated tag=WAIT]
rankIdx:4, threadIdx:7, [LocalPostTo]:[topicId=32774]
=======================================================
rankId is : 5 
threadIdx : 0, taskNum : 2 
-------------------------------------------------------
rankIdx:5, threadIdx:0, [LocalPostTo]:[topicId=40967]
rankIdx:5, threadIdx:0, [LocalWaitFrom]:[topicId=40960]
threadIdx : 1, taskNum : 42 
-------------------------------------------------------
rankIdx:5, threadIdx:1, [LocalWaitFrom]:[topicId=40967]
rankIdx:5, threadIdx:1, [LocalPostTo]:[topicId=40968]
rankIdx:5, threadIdx:1, [LocalPostTo]:[topicId=40975]
rankIdx:5, threadIdx:1, [LocalPostTo]:[topicId=40982]
rankIdx:5, threadIdx:1, [LocalPostTo]:[topicId=40989]
rankIdx:5, threadIdx:1, [LocalPostTo]:[topicId=40996]
rankIdx:5, threadIdx:1, [LocalPostTo]:[topicId=41003]
rankIdx:5, threadIdx:1, [LocalWaitFrom]:[topicId=40961]
rankIdx:5, threadIdx:1, [LocalWaitFrom]:[topicId=40962]
rankIdx:5, threadIdx:1, [LocalWaitFrom]:[topicId=40963]
rankIdx:5, threadIdx:1, [LocalWaitFrom]:[topicId=40964]
rankIdx:5, threadIdx:1, [LocalWaitFrom]:[topicId=40965]
rankIdx:5, threadIdx:1, [LocalWaitFrom]:[topicId=40966]
rankIdx:5, threadIdx:1, [LocalCopy]:[srcSlice=DataSlice[BufferType::INPUT, offset=0x258, size=0x258], dstSlice=DataSlice[BufferType::CCL, offset=0x258, size=0x258]]
rankIdx:5, threadIdx:1, [LocalReduce]:[dataType=11, reduceOp=2, srcSlice=DataSlice[BufferType::CCL, offset=0x0, size=0x258], dstSlice=DataSlice[BufferType::CCL, offset=0x258, size=0x258]]
rankIdx:5, threadIdx:1, [LocalReduce]:[dataType=11, reduceOp=2, srcSlice=DataSlice[BufferType::CCL, offset=0x4B0, size=0x258], dstSlice=DataSlice[BufferType::CCL, offset=0x258, size=0x258]]
rankIdx:5, threadIdx:1, [LocalReduce]:[dataType=11, reduceOp=2, srcSlice=DataSlice[BufferType::CCL, offset=0x708, size=0x258], dstSlice=DataSlice[BufferType::CCL, offset=0x258, size=0x258]]
rankIdx:5, threadIdx:1, [LocalCopy]:[srcSlice=DataSlice[BufferType::INPUT, offset=0xBB8, size=0x258], dstSlice=DataSlice[BufferType::CCL, offset=0xBB8, size=0x258]]
rankIdx:5, threadIdx:1, [LocalReduce]:[dataType=11, reduceOp=2, srcSlice=DataSlice[BufferType::CCL, offset=0x960, size=0x258], dstSlice=DataSlice[BufferType::CCL, offset=0xBB8, size=0x258]]
rankIdx:5, threadIdx:1, [LocalReduce]:[dataType=11, reduceOp=2, srcSlice=DataSlice[BufferType::CCL, offset=0xE10, size=0x258], dstSlice=DataSlice[BufferType::CCL, offset=0xBB8, size=0x258]]
rankIdx:5, threadIdx:1, [LocalReduce]:[dataType=11, reduceOp=2, srcSlice=DataSlice[BufferType::CCL, offset=0x1068, size=0x258], dstSlice=DataSlice[BufferType::CCL, offset=0xBB8, size=0x258]]
rankIdx:5, threadIdx:1, [LocalCopy]:[srcSlice=DataSlice[BufferType::INPUT, offset=0x1518, size=0x258], dstSlice=DataSlice[BufferType::CCL, offset=0x1518, size=0x258]]
rankIdx:5, threadIdx:1, [LocalReduce]:[dataType=11, reduceOp=2, srcSlice=DataSlice[BufferType::CCL, offset=0x12C0, size=0x258], dstSlice=DataSlice[BufferType::CCL, offset=0x1518, size=0x258]]
rankIdx:5, threadIdx:1, [LocalReduce]:[dataType=11, reduceOp=2, srcSlice=DataSlice[BufferType::CCL, offset=0x1770, size=0x258], dstSlice=DataSlice[BufferType::CCL, offset=0x1518, size=0x258]]
rankIdx:5, threadIdx:1, [LocalReduce]:[dataType=11, reduceOp=2, srcSlice=DataSlice[BufferType::CCL, offset=0x19C8, size=0x258], dstSlice=DataSlice[BufferType::CCL, offset=0x1518, size=0x258]]
rankIdx:5, threadIdx:1, [LocalCopy]:[srcSlice=DataSlice[BufferType::INPUT, offset=0x1E78, size=0x258], dstSlice=DataSlice[BufferType::CCL, offset=0x1E78, size=0x258]]
rankIdx:5, threadIdx:1, [LocalReduce]:[dataType=11, reduceOp=2, srcSlice=DataSlice[BufferType::CCL, offset=0x1C20, size=0x258], dstSlice=DataSlice[BufferType::CCL, offset=0x1E78, size=0x258]]
rankIdx:5, threadIdx:1, [LocalReduce]:[dataType=11, reduceOp=2, srcSlice=DataSlice[BufferType::CCL, offset=0x20D0, size=0x258], dstSlice=DataSlice[BufferType::CCL, offset=0x1E78, size=0x258]]
rankIdx:5, threadIdx:1, [LocalReduce]:[dataType=11, reduceOp=2, srcSlice=DataSlice[BufferType::CCL, offset=0x2328, size=0x258], dstSlice=DataSlice[BufferType::CCL, offset=0x1E78, size=0x258]]
rankIdx:5, threadIdx:1, [Post]:[remoteRank=1, notifyId=8260, link=link prototyp=LinkProtoStub::SDMA, notifyType=NotifyTypeStub::READY, originated tag=POST]
rankIdx:5, threadIdx:1, [Wait]:[remoteRank=1, notifyId=41028, link=link prototyp=LinkProtoStub::SDMA, notifyType=NotifyTypeStub::READY, originated tag=WAIT]
rankIdx:5, threadIdx:1, [WriteReduce]:[remoteRank=1, link=link prototyp=LinkProtoStub::SDMA, dataType=11, reduceOp=2, localSlice=DataSlice[BufferType::CCL, offset=0x258, size=0x258], remoteSlice=DataSlice[BufferType::CCL, offset=0x258, size=0x258]]
rankIdx:5, threadIdx:1, [WriteReduce]:[remoteRank=1, link=link prototyp=LinkProtoStub::SDMA, dataType=11, reduceOp=2, localSlice=DataSlice[BufferType::CCL, offset=0x1518, size=0x258], remoteSlice=DataSlice[BufferType::CCL, offset=0x1518, size=0x258]]
rankIdx:5, threadIdx:1, [Post]:[remoteRank=1, notifyId=8261, link=link prototyp=LinkProtoStub::SDMA, notifyType=NotifyTypeStub::READY, originated tag=POST]
rankIdx:5, threadIdx:1, [Wait]:[remoteRank=1, notifyId=41029, link=link prototyp=LinkProtoStub::SDMA, notifyType=NotifyTypeStub::READY, originated tag=WAIT]
rankIdx:5, threadIdx:1, [Post]:[remoteRank=13, notifyId=106567, link=link prototyp=LinkProtoStub::SDMA, notifyType=NotifyTypeStub::READY, originated tag=POST]
rankIdx:5, threadIdx:1, [Wait]:[remoteRank=13, notifyId=41031, link=link prototyp=LinkProtoStub::SDMA, notifyType=NotifyTypeStub::READY, originated tag=WAIT]
rankIdx:5, threadIdx:1, [WriteReduce]:[remoteRank=13, link=link prototyp=LinkProtoStub::SDMA, dataType=11, reduceOp=2, localSlice=DataSlice[BufferType::CCL, offset=0x1E78, size=0x258], remoteSlice=DataSlice[BufferType::CCL, offset=0x1E78, size=0x258]]
rankIdx:5, threadIdx:1, [Post]:[remoteRank=13, notifyId=106568, link=link prototyp=LinkProtoStub::SDMA, notifyType=NotifyTypeStub::READY, originated tag=POST]
rankIdx:5, threadIdx:1, [Wait]:[remoteRank=13, notifyId=41032, link=link prototyp=LinkProtoStub::SDMA, notifyType=NotifyTypeStub::READY, originated tag=WAIT]
rankIdx:5, threadIdx:1, [LocalCopy]:[srcSlice=DataSlice[BufferType::CCL, offset=0xBB8, size=0x258], dstSlice=DataSlice[BufferType::OUTPUT, offset=0x0, size=0x258]]
rankIdx:5, threadIdx:1, [LocalPostTo]:[topicId=40960]
threadIdx : 2, taskNum : 10 
-------------------------------------------------------
rankIdx:5, threadIdx:2, [LocalWaitFrom]:[topicId=40968]
rankIdx:5, threadIdx:2, [Post]:[remoteRank=6, notifyId=49205, link=link prototyp=LinkProtoStub::SDMA, notifyType=NotifyTypeStub::READY, originated tag=POST]
rankIdx:5, threadIdx:2, [Wait]:[remoteRank=6, notifyId=41013, link=link prototyp=LinkProtoStub::SDMA, notifyType=NotifyTypeStub::READY, originated tag=WAIT]
rankIdx:5, threadIdx:2, [Write]:[remoteRank=6, link=link prototyp=LinkProtoStub::SDMA, localSlice=DataSlice[BufferType::INPUT, offset=0x4B0, size=0x12C], remoteSlice=DataSlice[BufferType::CCL, offset=0x258, size=0x12C]]
rankIdx:5, threadIdx:2, [Write]:[remoteRank=6, link=link prototyp=LinkProtoStub::SDMA, localSlice=DataSlice[BufferType::INPUT, offset=0xE10, size=0x12C], remoteSlice=DataSlice[BufferType::CCL, offset=0xBB8, size=0x12C]]
rankIdx:5, threadIdx:2, [Write]:[remoteRank=6, link=link prototyp=LinkProtoStub::SDMA, localSlice=DataSlice[BufferType::INPUT, offset=0x1770, size=0x12C], remoteSlice=DataSlice[BufferType::CCL, offset=0x1518, size=0x12C]]
rankIdx:5, threadIdx:2, [Write]:[remoteRank=6, link=link prototyp=LinkProtoStub::SDMA, localSlice=DataSlice[BufferType::INPUT, offset=0x20D0, size=0x12C], remoteSlice=DataSlice[BufferType::CCL, offset=0x1E78, size=0x12C]]
rankIdx:5, threadIdx:2, [Post]:[remoteRank=6, notifyId=49206, link=link prototyp=LinkProtoStub::SDMA, notifyType=NotifyTypeStub::READY, originated tag=POST]
rankIdx:5, threadIdx:2, [Wait]:[remoteRank=6, notifyId=41014, link=link prototyp=LinkProtoStub::SDMA, notifyType=NotifyTypeStub::READY, originated tag=WAIT]
rankIdx:5, threadIdx:2, [LocalPostTo]:[topicId=40961]
threadIdx : 3, taskNum : 10 
-------------------------------------------------------
rankIdx:5, threadIdx:3, [LocalWaitFrom]:[topicId=40975]
rankIdx:5, threadIdx:3, [Post]:[remoteRank=6, notifyId=49214, link=link prototyp=LinkProtoStub::SDMA, notifyType=NotifyTypeStub::READY, originated tag=POST]
rankIdx:5, threadIdx:3, [Wait]:[remoteRank=6, notifyId=41022, link=link prototyp=LinkProtoStub::SDMA, notifyType=NotifyTypeStub::READY, originated tag=WAIT]
rankIdx:5, threadIdx:3, [Write]:[remoteRank=6, link=link prototyp=LinkProtoStub::SDMA, localSlice=DataSlice[BufferType::INPUT, offset=0x5DC, size=0x12C], remoteSlice=DataSlice[BufferType::CCL, offset=0x384, size=0x12C]]
rankIdx:5, threadIdx:3, [Write]:[remoteRank=6, link=link prototyp=LinkProtoStub::SDMA, localSlice=DataSlice[BufferType::INPUT, offset=0xF3C, size=0x12C], remoteSlice=DataSlice[BufferType::CCL, offset=0xCE4, size=0x12C]]
rankIdx:5, threadIdx:3, [Write]:[remoteRank=6, link=link prototyp=LinkProtoStub::SDMA, localSlice=DataSlice[BufferType::INPUT, offset=0x189C, size=0x12C], remoteSlice=DataSlice[BufferType::CCL, offset=0x1644, size=0x12C]]
rankIdx:5, threadIdx:3, [Write]:[remoteRank=6, link=link prototyp=LinkProtoStub::SDMA, localSlice=DataSlice[BufferType::INPUT, offset=0x21FC, size=0x12C], remoteSlice=DataSlice[BufferType::CCL, offset=0x1FA4, size=0x12C]]
rankIdx:5, threadIdx:3, [Post]:[remoteRank=6, notifyId=49215, link=link prototyp=LinkProtoStub::SDMA, notifyType=NotifyTypeStub::READY, originated tag=POST]
rankIdx:5, threadIdx:3, [Wait]:[remoteRank=6, notifyId=41023, link=link prototyp=LinkProtoStub::SDMA, notifyType=NotifyTypeStub::READY, originated tag=WAIT]
rankIdx:5, threadIdx:3, [LocalPostTo]:[topicId=40962]
threadIdx : 4, taskNum : 10 
-------------------------------------------------------
rankIdx:5, threadIdx:4, [LocalWaitFrom]:[topicId=40982]
rankIdx:5, threadIdx:4, [Post]:[remoteRank=7, notifyId=57397, link=link prototyp=LinkProtoStub::SDMA, notifyType=NotifyTypeStub::READY, originated tag=POST]
rankIdx:5, threadIdx:4, [Wait]:[remoteRank=7, notifyId=41016, link=link prototyp=LinkProtoStub::SDMA, notifyType=NotifyTypeStub::READY, originated tag=WAIT]
rankIdx:5, threadIdx:4, [Write]:[remoteRank=7, link=link prototyp=LinkProtoStub::SDMA, localSlice=DataSlice[BufferType::INPUT, offset=0x708, size=0x12C], remoteSlice=DataSlice[BufferType::CCL, offset=0x258, size=0x12C]]
rankIdx:5, threadIdx:4, [Write]:[remoteRank=7, link=link prototyp=LinkProtoStub::SDMA, localSlice=DataSlice[BufferType::INPUT, offset=0x1068, size=0x12C], remoteSlice=DataSlice[BufferType::CCL, offset=0xBB8, size=0x12C]]
rankIdx:5, threadIdx:4, [Write]:[remoteRank=7, link=link prototyp=LinkProtoStub::SDMA, localSlice=DataSlice[BufferType::INPUT, offset=0x19C8, size=0x12C], remoteSlice=DataSlice[BufferType::CCL, offset=0x1518, size=0x12C]]
rankIdx:5, threadIdx:4, [Write]:[remoteRank=7, link=link prototyp=LinkProtoStub::SDMA, localSlice=DataSlice[BufferType::INPUT, offset=0x2328, size=0x12C], remoteSlice=DataSlice[BufferType::CCL, offset=0x1E78, size=0x12C]]
rankIdx:5, threadIdx:4, [Post]:[remoteRank=7, notifyId=57398, link=link prototyp=LinkProtoStub::SDMA, notifyType=NotifyTypeStub::READY, originated tag=POST]
rankIdx:5, threadIdx:4, [Wait]:[remoteRank=7, notifyId=41017, link=link prototyp=LinkProtoStub::SDMA, notifyType=NotifyTypeStub::READY, originated tag=WAIT]
rankIdx:5, threadIdx:4, [LocalPostTo]:[topicId=40963]
threadIdx : 5, taskNum : 10 
-------------------------------------------------------
rankIdx:5, threadIdx:5, [LocalWaitFrom]:[topicId=40989]
rankIdx:5, threadIdx:5, [Post]:[remoteRank=7, notifyId=57406, link=link prototyp=LinkProtoStub::SDMA, notifyType=NotifyTypeStub::READY, originated tag=POST]
rankIdx:5, threadIdx:5, [Wait]:[remoteRank=7, notifyId=41025, link=link prototyp=LinkProtoStub::SDMA, notifyType=NotifyTypeStub::READY, originated tag=WAIT]
rankIdx:5, threadIdx:5, [Write]:[remoteRank=7, link=link prototyp=LinkProtoStub::SDMA, localSlice=DataSlice[BufferType::INPUT, offset=0x834, size=0x12C], remoteSlice=DataSlice[BufferType::CCL, offset=0x384, size=0x12C]]
rankIdx:5, threadIdx:5, [Write]:[remoteRank=7, link=link prototyp=LinkProtoStub::SDMA, localSlice=DataSlice[BufferType::INPUT, offset=0x1194, size=0x12C], remoteSlice=DataSlice[BufferType::CCL, offset=0xCE4, size=0x12C]]
rankIdx:5, threadIdx:5, [Write]:[remoteRank=7, link=link prototyp=LinkProtoStub::SDMA, localSlice=DataSlice[BufferType::INPUT, offset=0x1AF4, size=0x12C], remoteSlice=DataSlice[BufferType::CCL, offset=0x1644, size=0x12C]]
rankIdx:5, threadIdx:5, [Write]:[remoteRank=7, link=link prototyp=LinkProtoStub::SDMA, localSlice=DataSlice[BufferType::INPUT, offset=0x2454, size=0x12C], remoteSlice=DataSlice[BufferType::CCL, offset=0x1FA4, size=0x12C]]
rankIdx:5, threadIdx:5, [Post]:[remoteRank=7, notifyId=57407, link=link prototyp=LinkProtoStub::SDMA, notifyType=NotifyTypeStub::READY, originated tag=POST]
rankIdx:5, threadIdx:5, [Wait]:[remoteRank=7, notifyId=41026, link=link prototyp=LinkProtoStub::SDMA, notifyType=NotifyTypeStub::READY, originated tag=WAIT]
rankIdx:5, threadIdx:5, [LocalPostTo]:[topicId=40964]
threadIdx : 6, taskNum : 10 
-------------------------------------------------------
rankIdx:5, threadIdx:6, [LocalWaitFrom]:[topicId=40996]
rankIdx:5, threadIdx:6, [Post]:[remoteRank=4, notifyId=32818, link=link prototyp=LinkProtoStub::SDMA, notifyType=NotifyTypeStub::READY, originated tag=POST]
rankIdx:5, threadIdx:6, [Wait]:[remoteRank=4, notifyId=41010, link=link prototyp=LinkProtoStub::SDMA, notifyType=NotifyTypeStub::READY, originated tag=WAIT]
rankIdx:5, threadIdx:6, [Write]:[remoteRank=4, link=link prototyp=LinkProtoStub::SDMA, localSlice=DataSlice[BufferType::INPUT, offset=0x0, size=0x12C], remoteSlice=DataSlice[BufferType::CCL, offset=0x258, size=0x12C]]
rankIdx:5, threadIdx:6, [Write]:[remoteRank=4, link=link prototyp=LinkProtoStub::SDMA, localSlice=DataSlice[BufferType::INPUT, offset=0x960, size=0x12C], remoteSlice=DataSlice[BufferType::CCL, offset=0xBB8, size=0x12C]]
rankIdx:5, threadIdx:6, [Write]:[remoteRank=4, link=link prototyp=LinkProtoStub::SDMA, localSlice=DataSlice[BufferType::INPUT, offset=0x12C0, size=0x12C], remoteSlice=DataSlice[BufferType::CCL, offset=0x1518, size=0x12C]]
rankIdx:5, threadIdx:6, [Write]:[remoteRank=4, link=link prototyp=LinkProtoStub::SDMA, localSlice=DataSlice[BufferType::INPUT, offset=0x1C20, size=0x12C], remoteSlice=DataSlice[BufferType::CCL, offset=0x1E78, size=0x12C]]
rankIdx:5, threadIdx:6, [Post]:[remoteRank=4, notifyId=32819, link=link prototyp=LinkProtoStub::SDMA, notifyType=NotifyTypeStub::READY, originated tag=POST]
rankIdx:5, threadIdx:6, [Wait]:[remoteRank=4, notifyId=41011, link=link prototyp=LinkProtoStub::SDMA, notifyType=NotifyTypeStub::READY, originated tag=WAIT]
rankIdx:5, threadIdx:6, [LocalPostTo]:[topicId=40965]
threadIdx : 7, taskNum : 10 
-------------------------------------------------------
rankIdx:5, threadIdx:7, [LocalWaitFrom]:[topicId=41003]
rankIdx:5, threadIdx:7, [Post]:[remoteRank=4, notifyId=32827, link=link prototyp=LinkProtoStub::SDMA, notifyType=NotifyTypeStub::READY, originated tag=POST]
rankIdx:5, threadIdx:7, [Wait]:[remoteRank=4, notifyId=41019, link=link prototyp=LinkProtoStub::SDMA, notifyType=NotifyTypeStub::READY, originated tag=WAIT]
rankIdx:5, threadIdx:7, [Write]:[remoteRank=4, link=link prototyp=LinkProtoStub::SDMA, localSlice=DataSlice[BufferType::INPUT, offset=0x12C, size=0x12C], remoteSlice=DataSlice[BufferType::CCL, offset=0x384, size=0x12C]]
rankIdx:5, threadIdx:7, [Write]:[remoteRank=4, link=link prototyp=LinkProtoStub::SDMA, localSlice=DataSlice[BufferType::INPUT, offset=0xA8C, size=0x12C], remoteSlice=DataSlice[BufferType::CCL, offset=0xCE4, size=0x12C]]
rankIdx:5, threadIdx:7, [Write]:[remoteRank=4, link=link prototyp=LinkProtoStub::SDMA, localSlice=DataSlice[BufferType::INPUT, offset=0x13EC, size=0x12C], remoteSlice=DataSlice[BufferType::CCL, offset=0x1644, size=0x12C]]
rankIdx:5, threadIdx:7, [Write]:[remoteRank=4, link=link prototyp=LinkProtoStub::SDMA, localSlice=DataSlice[BufferType::INPUT, offset=0x1D4C, size=0x12C], remoteSlice=DataSlice[BufferType::CCL, offset=0x1FA4, size=0x12C]]
rankIdx:5, threadIdx:7, [Post]:[remoteRank=4, notifyId=32828, link=link prototyp=LinkProtoStub::SDMA, notifyType=NotifyTypeStub::READY, originated tag=POST]
rankIdx:5, threadIdx:7, [Wait]:[remoteRank=4, notifyId=41020, link=link prototyp=LinkProtoStub::SDMA, notifyType=NotifyTypeStub::READY, originated tag=WAIT]
rankIdx:5, threadIdx:7, [LocalPostTo]:[topicId=40966]
=======================================================
rankId is : 6 
threadIdx : 0, taskNum : 2 
-------------------------------------------------------
rankIdx:6, threadIdx:0, [LocalPostTo]:[topicId=49159]
rankIdx:6, threadIdx:0, [LocalWaitFrom]:[topicId=49152]
threadIdx : 1, taskNum : 42 
-------------------------------------------------------
rankIdx:6, threadIdx:1, [LocalWaitFrom]:[topicId=49159]
rankIdx:6, threadIdx:1, [LocalPostTo]:[topicId=49160]
rankIdx:6, threadIdx:1, [LocalPostTo]:[topicId=49167]
rankIdx:6, threadIdx:1, [LocalPostTo]:[topicId=49174]
rankIdx:6, threadIdx:1, [LocalPostTo]:[topicId=49181]
rankIdx:6, threadIdx:1, [LocalPostTo]:[topicId=49188]
rankIdx:6, threadIdx:1, [LocalPostTo]:[topicId=49195]
rankIdx:6, threadIdx:1, [LocalWaitFrom]:[topicId=49153]
rankIdx:6, threadIdx:1, [LocalWaitFrom]:[topicId=49154]
rankIdx:6, threadIdx:1, [LocalWaitFrom]:[topicId=49155]
rankIdx:6, threadIdx:1, [LocalWaitFrom]:[topicId=49156]
rankIdx:6, threadIdx:1, [LocalWaitFrom]:[topicId=49157]
rankIdx:6, threadIdx:1, [LocalWaitFrom]:[topicId=49158]
rankIdx:6, threadIdx:1, [LocalCopy]:[srcSlice=DataSlice[BufferType::INPUT, offset=0x4B0, size=0x258], dstSlice=DataSlice[BufferType::CCL, offset=0x4B0, size=0x258]]
rankIdx:6, threadIdx:1, [LocalReduce]:[dataType=11, reduceOp=2, srcSlice=DataSlice[BufferType::CCL, offset=0x0, size=0x258], dstSlice=DataSlice[BufferType::CCL, offset=0x4B0, size=0x258]]
rankIdx:6, threadIdx:1, [LocalReduce]:[dataType=11, reduceOp=2, srcSlice=DataSlice[BufferType::CCL, offset=0x258, size=0x258], dstSlice=DataSlice[BufferType::CCL, offset=0x4B0, size=0x258]]
rankIdx:6, threadIdx:1, [LocalReduce]:[dataType=11, reduceOp=2, srcSlice=DataSlice[BufferType::CCL, offset=0x708, size=0x258], dstSlice=DataSlice[BufferType::CCL, offset=0x4B0, size=0x258]]
rankIdx:6, threadIdx:1, [LocalCopy]:[srcSlice=DataSlice[BufferType::INPUT, offset=0xE10, size=0x258], dstSlice=DataSlice[BufferType::CCL, offset=0xE10, size=0x258]]
rankIdx:6, threadIdx:1, [LocalReduce]:[dataType=11, reduceOp=2, srcSlice=DataSlice[BufferType::CCL, offset=0x960, size=0x258], dstSlice=DataSlice[BufferType::CCL, offset=0xE10, size=0x258]]
rankIdx:6, threadIdx:1, [LocalReduce]:[dataType=11, reduceOp=2, srcSlice=DataSlice[BufferType::CCL, offset=0xBB8, size=0x258], dstSlice=DataSlice[BufferType::CCL, offset=0xE10, size=0x258]]
rankIdx:6, threadIdx:1, [LocalReduce]:[dataType=11, reduceOp=2, srcSlice=DataSlice[BufferType::CCL, offset=0x1068, size=0x258], dstSlice=DataSlice[BufferType::CCL, offset=0xE10, size=0x258]]
rankIdx:6, threadIdx:1, [LocalCopy]:[srcSlice=DataSlice[BufferType::INPUT, offset=0x1770, size=0x258], dstSlice=DataSlice[BufferType::CCL, offset=0x1770, size=0x258]]
rankIdx:6, threadIdx:1, [LocalReduce]:[dataType=11, reduceOp=2, srcSlice=DataSlice[BufferType::CCL, offset=0x12C0, size=0x258], dstSlice=DataSlice[BufferType::CCL, offset=0x1770, size=0x258]]
rankIdx:6, threadIdx:1, [LocalReduce]:[dataType=11, reduceOp=2, srcSlice=DataSlice[BufferType::CCL, offset=0x1518, size=0x258], dstSlice=DataSlice[BufferType::CCL, offset=0x1770, size=0x258]]
rankIdx:6, threadIdx:1, [LocalReduce]:[dataType=11, reduceOp=2, srcSlice=DataSlice[BufferType::CCL, offset=0x19C8, size=0x258], dstSlice=DataSlice[BufferType::CCL, offset=0x1770, size=0x258]]
rankIdx:6, threadIdx:1, [LocalCopy]:[srcSlice=DataSlice[BufferType::INPUT, offset=0x20D0, size=0x258], dstSlice=DataSlice[BufferType::CCL, offset=0x20D0, size=0x258]]
rankIdx:6, threadIdx:1, [LocalReduce]:[dataType=11, reduceOp=2, srcSlice=DataSlice[BufferType::CCL, offset=0x1C20, size=0x258], dstSlice=DataSlice[BufferType::CCL, offset=0x20D0, size=0x258]]
rankIdx:6, threadIdx:1, [LocalReduce]:[dataType=11, reduceOp=2, srcSlice=DataSlice[BufferType::CCL, offset=0x1E78, size=0x258], dstSlice=DataSlice[BufferType::CCL, offset=0x20D0, size=0x258]]
rankIdx:6, threadIdx:1, [LocalReduce]:[dataType=11, reduceOp=2, srcSlice=DataSlice[BufferType::CCL, offset=0x2328, size=0x258], dstSlice=DataSlice[BufferType::CCL, offset=0x20D0, size=0x258]]
rankIdx:6, threadIdx:1, [Post]:[remoteRank=2, notifyId=16452, link=link prototyp=LinkProtoStub::SDMA, notifyType=NotifyTypeStub::READY, originated tag=POST]
rankIdx:6, threadIdx:1, [Wait]:[remoteRank=2, notifyId=49220, link=link prototyp=LinkProtoStub::SDMA, notifyType=NotifyTypeStub::READY, originated tag=WAIT]
rankIdx:6, threadIdx:1, [WriteReduce]:[remoteRank=2, link=link prototyp=LinkProtoStub::SDMA, dataType=11, reduceOp=2, localSlice=DataSlice[BufferType::CCL, offset=0x4B0, size=0x258], remoteSlice=DataSlice[BufferType::CCL, offset=0x4B0, size=0x258]]
rankIdx:6, threadIdx:1, [WriteReduce]:[remoteRank=2, link=link prototyp=LinkProtoStub::SDMA, dataType=11, reduceOp=2, localSlice=DataSlice[BufferType::CCL, offset=0x1770, size=0x258], remoteSlice=DataSlice[BufferType::CCL, offset=0x1770, size=0x258]]
rankIdx:6, threadIdx:1, [Post]:[remoteRank=2, notifyId=16453, link=link prototyp=LinkProtoStub::SDMA, notifyType=NotifyTypeStub::READY, originated tag=POST]
rankIdx:6, threadIdx:1, [Wait]:[remoteRank=2, notifyId=49221, link=link prototyp=LinkProtoStub::SDMA, notifyType=NotifyTypeStub::READY, originated tag=WAIT]
rankIdx:6, threadIdx:1, [Post]:[remoteRank=14, notifyId=114759, link=link prototyp=LinkProtoStub::SDMA, notifyType=NotifyTypeStub::READY, originated tag=POST]
rankIdx:6, threadIdx:1, [Wait]:[remoteRank=14, notifyId=49223, link=link prototyp=LinkProtoStub::SDMA, notifyType=NotifyTypeStub::READY, originated tag=WAIT]
rankIdx:6, threadIdx:1, [WriteReduce]:[remoteRank=14, link=link prototyp=LinkProtoStub::SDMA, dataType=11, reduceOp=2, localSlice=DataSlice[BufferType::CCL, offset=0x20D0, size=0x258], remoteSlice=DataSlice[BufferType::CCL, offset=0x20D0, size=0x258]]
rankIdx:6, threadIdx:1, [Post]:[remoteRank=14, notifyId=114760, link=link prototyp=LinkProtoStub::SDMA, notifyType=NotifyTypeStub::READY, originated tag=POST]
rankIdx:6, threadIdx:1, [Wait]:[remoteRank=14, notifyId=49224, link=link prototyp=LinkProtoStub::SDMA, notifyType=NotifyTypeStub::READY, originated tag=WAIT]
rankIdx:6, threadIdx:1, [LocalCopy]:[srcSlice=DataSlice[BufferType::CCL, offset=0xE10, size=0x258], dstSlice=DataSlice[BufferType::OUTPUT, offset=0x0, size=0x258]]
rankIdx:6, threadIdx:1, [LocalPostTo]:[topicId=49152]
threadIdx : 2, taskNum : 10 
-------------------------------------------------------
rankIdx:6, threadIdx:2, [LocalWaitFrom]:[topicId=49160]
rankIdx:6, threadIdx:2, [Post]:[remoteRank=7, notifyId=57400, link=link prototyp=LinkProtoStub::SDMA, notifyType=NotifyTypeStub::READY, originated tag=POST]
rankIdx:6, threadIdx:2, [Wait]:[remoteRank=7, notifyId=49208, link=link prototyp=LinkProtoStub::SDMA, notifyType=NotifyTypeStub::READY, originated tag=WAIT]
rankIdx:6, threadIdx:2, [Write]:[remoteRank=7, link=link prototyp=LinkProtoStub::SDMA, localSlice=DataSlice[BufferType::INPUT, offset=0x708, size=0x12C], remoteSlice=DataSlice[BufferType::CCL, offset=0x4B0, size=0x12C]]
rankIdx:6, threadIdx:2, [Write]:[remoteRank=7, link=link prototyp=LinkProtoStub::SDMA, localSlice=DataSlice[BufferType::INPUT, offset=0x1068, size=0x12C], remoteSlice=DataSlice[BufferType::CCL, offset=0xE10, size=0x12C]]
rankIdx:6, threadIdx:2, [Write]:[remoteRank=7, link=link prototyp=LinkProtoStub::SDMA, localSlice=DataSlice[BufferType::INPUT, offset=0x19C8, size=0x12C], remoteSlice=DataSlice[BufferType::CCL, offset=0x1770, size=0x12C]]
rankIdx:6, threadIdx:2, [Write]:[remoteRank=7, link=link prototyp=LinkProtoStub::SDMA, localSlice=DataSlice[BufferType::INPUT, offset=0x2328, size=0x12C], remoteSlice=DataSlice[BufferType::CCL, offset=0x20D0, size=0x12C]]
rankIdx:6, threadIdx:2, [Post]:[remoteRank=7, notifyId=57401, link=link prototyp=LinkProtoStub::SDMA, notifyType=NotifyTypeStub::READY, originated tag=POST]
rankIdx:6, threadIdx:2, [Wait]:[remoteRank=7, notifyId=49209, link=link prototyp=LinkProtoStub::SDMA, notifyType=NotifyTypeStub::READY, originated tag=WAIT]
rankIdx:6, threadIdx:2, [LocalPostTo]:[topicId=49153]
threadIdx : 3, taskNum : 10 
-------------------------------------------------------
rankIdx:6, threadIdx:3, [LocalWaitFrom]:[topicId=49167]
rankIdx:6, threadIdx:3, [Post]:[remoteRank=7, notifyId=57409, link=link prototyp=LinkProtoStub::SDMA, notifyType=NotifyTypeStub::READY, originated tag=POST]
rankIdx:6, threadIdx:3, [Wait]:[remoteRank=7, notifyId=49217, link=link prototyp=LinkProtoStub::SDMA, notifyType=NotifyTypeStub::READY, originated tag=WAIT]
rankIdx:6, threadIdx:3, [Write]:[remoteRank=7, link=link prototyp=LinkProtoStub::SDMA, localSlice=DataSlice[BufferType::INPUT, offset=0x834, size=0x12C], remoteSlice=DataSlice[BufferType::CCL, offset=0x5DC, size=0x12C]]
rankIdx:6, threadIdx:3, [Write]:[remoteRank=7, link=link prototyp=LinkProtoStub::SDMA, localSlice=DataSlice[BufferType::INPUT, offset=0x1194, size=0x12C], remoteSlice=DataSlice[BufferType::CCL, offset=0xF3C, size=0x12C]]
rankIdx:6, threadIdx:3, [Write]:[remoteRank=7, link=link prototyp=LinkProtoStub::SDMA, localSlice=DataSlice[BufferType::INPUT, offset=0x1AF4, size=0x12C], remoteSlice=DataSlice[BufferType::CCL, offset=0x189C, size=0x12C]]
rankIdx:6, threadIdx:3, [Write]:[remoteRank=7, link=link prototyp=LinkProtoStub::SDMA, localSlice=DataSlice[BufferType::INPUT, offset=0x2454, size=0x12C], remoteSlice=DataSlice[BufferType::CCL, offset=0x21FC, size=0x12C]]
rankIdx:6, threadIdx:3, [Post]:[remoteRank=7, notifyId=57410, link=link prototyp=LinkProtoStub::SDMA, notifyType=NotifyTypeStub::READY, originated tag=POST]
rankIdx:6, threadIdx:3, [Wait]:[remoteRank=7, notifyId=49218, link=link prototyp=LinkProtoStub::SDMA, notifyType=NotifyTypeStub::READY, originated tag=WAIT]
rankIdx:6, threadIdx:3, [LocalPostTo]:[topicId=49154]
threadIdx : 4, taskNum : 10 
-------------------------------------------------------
rankIdx:6, threadIdx:4, [LocalWaitFrom]:[topicId=49174]
rankIdx:6, threadIdx:4, [Post]:[remoteRank=4, notifyId=32821, link=link prototyp=LinkProtoStub::SDMA, notifyType=NotifyTypeStub::READY, originated tag=POST]
rankIdx:6, threadIdx:4, [Wait]:[remoteRank=4, notifyId=49202, link=link prototyp=LinkProtoStub::SDMA, notifyType=NotifyTypeStub::READY, originated tag=WAIT]
rankIdx:6, threadIdx:4, [Write]:[remoteRank=4, link=link prototyp=LinkProtoStub::SDMA, localSlice=DataSlice[BufferType::INPUT, offset=0x0, size=0x12C], remoteSlice=DataSlice[BufferType::CCL, offset=0x4B0, size=0x12C]]
rankIdx:6, threadIdx:4, [Write]:[remoteRank=4, link=link prototyp=LinkProtoStub::SDMA, localSlice=DataSlice[BufferType::INPUT, offset=0x960, size=0x12C], remoteSlice=DataSlice[BufferType::CCL, offset=0xE10, size=0x12C]]
rankIdx:6, threadIdx:4, [Write]:[remoteRank=4, link=link prototyp=LinkProtoStub::SDMA, localSlice=DataSlice[BufferType::INPUT, offset=0x12C0, size=0x12C], remoteSlice=DataSlice[BufferType::CCL, offset=0x1770, size=0x12C]]
rankIdx:6, threadIdx:4, [Write]:[remoteRank=4, link=link prototyp=LinkProtoStub::SDMA, localSlice=DataSlice[BufferType::INPUT, offset=0x1C20, size=0x12C], remoteSlice=DataSlice[BufferType::CCL, offset=0x20D0, size=0x12C]]
rankIdx:6, threadIdx:4, [Post]:[remoteRank=4, notifyId=32822, link=link prototyp=LinkProtoStub::SDMA, notifyType=NotifyTypeStub::READY, originated tag=POST]
rankIdx:6, threadIdx:4, [Wait]:[remoteRank=4, notifyId=49203, link=link prototyp=LinkProtoStub::SDMA, notifyType=NotifyTypeStub::READY, originated tag=WAIT]
rankIdx:6, threadIdx:4, [LocalPostTo]:[topicId=49155]
threadIdx : 5, taskNum : 10 
-------------------------------------------------------
rankIdx:6, threadIdx:5, [LocalWaitFrom]:[topicId=49181]
rankIdx:6, threadIdx:5, [Post]:[remoteRank=4, notifyId=32830, link=link prototyp=LinkProtoStub::SDMA, notifyType=NotifyTypeStub::READY, originated tag=POST]
rankIdx:6, threadIdx:5, [Wait]:[remoteRank=4, notifyId=49211, link=link prototyp=LinkProtoStub::SDMA, notifyType=NotifyTypeStub::READY, originated tag=WAIT]
rankIdx:6, threadIdx:5, [Write]:[remoteRank=4, link=link prototyp=LinkProtoStub::SDMA, localSlice=DataSlice[BufferType::INPUT, offset=0x12C, size=0x12C], remoteSlice=DataSlice[BufferType::CCL, offset=0x5DC, size=0x12C]]
rankIdx:6, threadIdx:5, [Write]:[remoteRank=4, link=link prototyp=LinkProtoStub::SDMA, localSlice=DataSlice[BufferType::INPUT, offset=0xA8C, size=0x12C], remoteSlice=DataSlice[BufferType::CCL, offset=0xF3C, size=0x12C]]
rankIdx:6, threadIdx:5, [Write]:[remoteRank=4, link=link prototyp=LinkProtoStub::SDMA, localSlice=DataSlice[BufferType::INPUT, offset=0x13EC, size=0x12C], remoteSlice=DataSlice[BufferType::CCL, offset=0x189C, size=0x12C]]
rankIdx:6, threadIdx:5, [Write]:[remoteRank=4, link=link prototyp=LinkProtoStub::SDMA, localSlice=DataSlice[BufferType::INPUT, offset=0x1D4C, size=0x12C], remoteSlice=DataSlice[BufferType::CCL, offset=0x21FC, size=0x12C]]
rankIdx:6, threadIdx:5, [Post]:[remoteRank=4, notifyId=32831, link=link prototyp=LinkProtoStub::SDMA, notifyType=NotifyTypeStub::READY, originated tag=POST]
rankIdx:6, threadIdx:5, [Wait]:[remoteRank=4, notifyId=49212, link=link prototyp=LinkProtoStub::SDMA, notifyType=NotifyTypeStub::READY, originated tag=WAIT]
rankIdx:6, threadIdx:5, [LocalPostTo]:[topicId=49156]
threadIdx : 6, taskNum : 10 
-------------------------------------------------------
rankIdx:6, threadIdx:6, [LocalWaitFrom]:[topicId=49188]
rankIdx:6, threadIdx:6, [Post]:[remoteRank=5, notifyId=41013, link=link prototyp=LinkProtoStub::SDMA, notifyType=NotifyTypeStub::READY, originated tag=POST]
rankIdx:6, threadIdx:6, [Wait]:[remoteRank=5, notifyId=49205, link=link prototyp=LinkProtoStub::SDMA, notifyType=NotifyTypeStub::READY, originated tag=WAIT]
rankIdx:6, threadIdx:6, [Write]:[remoteRank=5, link=link prototyp=LinkProtoStub::SDMA, localSlice=DataSlice[BufferType::INPUT, offset=0x258, size=0x12C], remoteSlice=DataSlice[BufferType::CCL, offset=0x4B0, size=0x12C]]
rankIdx:6, threadIdx:6, [Write]:[remoteRank=5, link=link prototyp=LinkProtoStub::SDMA, localSlice=DataSlice[BufferType::INPUT, offset=0xBB8, size=0x12C], remoteSlice=DataSlice[BufferType::CCL, offset=0xE10, size=0x12C]]
rankIdx:6, threadIdx:6, [Write]:[remoteRank=5, link=link prototyp=LinkProtoStub::SDMA, localSlice=DataSlice[BufferType::INPUT, offset=0x1518, size=0x12C], remoteSlice=DataSlice[BufferType::CCL, offset=0x1770, size=0x12C]]
rankIdx:6, threadIdx:6, [Write]:[remoteRank=5, link=link prototyp=LinkProtoStub::SDMA, localSlice=DataSlice[BufferType::INPUT, offset=0x1E78, size=0x12C], remoteSlice=DataSlice[BufferType::CCL, offset=0x20D0, size=0x12C]]
rankIdx:6, threadIdx:6, [Post]:[remoteRank=5, notifyId=41014, link=link prototyp=LinkProtoStub::SDMA, notifyType=NotifyTypeStub::READY, originated tag=POST]
rankIdx:6, threadIdx:6, [Wait]:[remoteRank=5, notifyId=49206, link=link prototyp=LinkProtoStub::SDMA, notifyType=NotifyTypeStub::READY, originated tag=WAIT]
rankIdx:6, threadIdx:6, [LocalPostTo]:[topicId=49157]
threadIdx : 7, taskNum : 10 
-------------------------------------------------------
rankIdx:6, threadIdx:7, [LocalWaitFrom]:[topicId=49195]
rankIdx:6, threadIdx:7, [Post]:[remoteRank=5, notifyId=41022, link=link prototyp=LinkProtoStub::SDMA, notifyType=NotifyTypeStub::READY, originated tag=POST]
rankIdx:6, threadIdx:7, [Wait]:[remoteRank=5, notifyId=49214, link=link prototyp=LinkProtoStub::SDMA, notifyType=NotifyTypeStub::READY, originated tag=WAIT]
rankIdx:6, threadIdx:7, [Write]:[remoteRank=5, link=link prototyp=LinkProtoStub::SDMA, localSlice=DataSlice[BufferType::INPUT, offset=0x384, size=0x12C], remoteSlice=DataSlice[BufferType::CCL, offset=0x5DC, size=0x12C]]
rankIdx:6, threadIdx:7, [Write]:[remoteRank=5, link=link prototyp=LinkProtoStub::SDMA, localSlice=DataSlice[BufferType::INPUT, offset=0xCE4, size=0x12C], remoteSlice=DataSlice[BufferType::CCL, offset=0xF3C, size=0x12C]]
rankIdx:6, threadIdx:7, [Write]:[remoteRank=5, link=link prototyp=LinkProtoStub::SDMA, localSlice=DataSlice[BufferType::INPUT, offset=0x1644, size=0x12C], remoteSlice=DataSlice[BufferType::CCL, offset=0x189C, size=0x12C]]
rankIdx:6, threadIdx:7, [Write]:[remoteRank=5, link=link prototyp=LinkProtoStub::SDMA, localSlice=DataSlice[BufferType::INPUT, offset=0x1FA4, size=0x12C], remoteSlice=DataSlice[BufferType::CCL, offset=0x21FC, size=0x12C]]
rankIdx:6, threadIdx:7, [Post]:[remoteRank=5, notifyId=41023, link=link prototyp=LinkProtoStub::SDMA, notifyType=NotifyTypeStub::READY, originated tag=POST]
rankIdx:6, threadIdx:7, [Wait]:[remoteRank=5, notifyId=49215, link=link prototyp=LinkProtoStub::SDMA, notifyType=NotifyTypeStub::READY, originated tag=WAIT]
rankIdx:6, threadIdx:7, [LocalPostTo]:[topicId=49158]
=======================================================
rankId is : 7 
threadIdx : 0, taskNum : 2 
-------------------------------------------------------
rankIdx:7, threadIdx:0, [LocalPostTo]:[topicId=57351]
rankIdx:7, threadIdx:0, [LocalWaitFrom]:[topicId=57344]
threadIdx : 1, taskNum : 42 
-------------------------------------------------------
rankIdx:7, threadIdx:1, [LocalWaitFrom]:[topicId=57351]
rankIdx:7, threadIdx:1, [LocalPostTo]:[topicId=57352]
rankIdx:7, threadIdx:1, [LocalPostTo]:[topicId=57359]
rankIdx:7, threadIdx:1, [LocalPostTo]:[topicId=57366]
rankIdx:7, threadIdx:1, [LocalPostTo]:[topicId=57373]
rankIdx:7, threadIdx:1, [LocalPostTo]:[topicId=57380]
rankIdx:7, threadIdx:1, [LocalPostTo]:[topicId=57387]
rankIdx:7, threadIdx:1, [LocalWaitFrom]:[topicId=57345]
rankIdx:7, threadIdx:1, [LocalWaitFrom]:[topicId=57346]
rankIdx:7, threadIdx:1, [LocalWaitFrom]:[topicId=57347]
rankIdx:7, threadIdx:1, [LocalWaitFrom]:[topicId=57348]
rankIdx:7, threadIdx:1, [LocalWaitFrom]:[topicId=57349]
rankIdx:7, threadIdx:1, [LocalWaitFrom]:[topicId=57350]
rankIdx:7, threadIdx:1, [LocalCopy]:[srcSlice=DataSlice[BufferType::INPUT, offset=0x708, size=0x258], dstSlice=DataSlice[BufferType::CCL, offset=0x708, size=0x258]]
rankIdx:7, threadIdx:1, [LocalReduce]:[dataType=11, reduceOp=2, srcSlice=DataSlice[BufferType::CCL, offset=0x0, size=0x258], dstSlice=DataSlice[BufferType::CCL, offset=0x708, size=0x258]]
rankIdx:7, threadIdx:1, [LocalReduce]:[dataType=11, reduceOp=2, srcSlice=DataSlice[BufferType::CCL, offset=0x258, size=0x258], dstSlice=DataSlice[BufferType::CCL, offset=0x708, size=0x258]]
rankIdx:7, threadIdx:1, [LocalReduce]:[dataType=11, reduceOp=2, srcSlice=DataSlice[BufferType::CCL, offset=0x4B0, size=0x258], dstSlice=DataSlice[BufferType::CCL, offset=0x708, size=0x258]]
rankIdx:7, threadIdx:1, [LocalCopy]:[srcSlice=DataSlice[BufferType::INPUT, offset=0x1068, size=0x258], dstSlice=DataSlice[BufferType::CCL, offset=0x1068, size=0x258]]
rankIdx:7, threadIdx:1, [LocalReduce]:[dataType=11, reduceOp=2, srcSlice=DataSlice[BufferType::CCL, offset=0x960, size=0x258], dstSlice=DataSlice[BufferType::CCL, offset=0x1068, size=0x258]]
rankIdx:7, threadIdx:1, [LocalReduce]:[dataType=11, reduceOp=2, srcSlice=DataSlice[BufferType::CCL, offset=0xBB8, size=0x258], dstSlice=DataSlice[BufferType::CCL, offset=0x1068, size=0x258]]
rankIdx:7, threadIdx:1, [LocalReduce]:[dataType=11, reduceOp=2, srcSlice=DataSlice[BufferType::CCL, offset=0xE10, size=0x258], dstSlice=DataSlice[BufferType::CCL, offset=0x1068, size=0x258]]
rankIdx:7, threadIdx:1, [LocalCopy]:[srcSlice=DataSlice[BufferType::INPUT, offset=0x19C8, size=0x258], dstSlice=DataSlice[BufferType::CCL, offset=0x19C8, size=0x258]]
rankIdx:7, threadIdx:1, [LocalReduce]:[dataType=11, reduceOp=2, srcSlice=DataSlice[BufferType::CCL, offset=0x12C0, size=0x258], dstSlice=DataSlice[BufferType::CCL, offset=0x19C8, size=0x258]]
rankIdx:7, threadIdx:1, [LocalReduce]:[dataType=11, reduceOp=2, srcSlice=DataSlice[BufferType::CCL, offset=0x1518, size=0x258], dstSlice=DataSlice[BufferType::CCL, offset=0x19C8, size=0x258]]
rankIdx:7, threadIdx:1, [LocalReduce]:[dataType=11, reduceOp=2, srcSlice=DataSlice[BufferType::CCL, offset=0x1770, size=0x258], dstSlice=DataSlice[BufferType::CCL, offset=0x19C8, size=0x258]]
rankIdx:7, threadIdx:1, [LocalCopy]:[srcSlice=DataSlice[BufferType::INPUT, offset=0x2328, size=0x258], dstSlice=DataSlice[BufferType::CCL, offset=0x2328, size=0x258]]
rankIdx:7, threadIdx:1, [LocalReduce]:[dataType=11, reduceOp=2, srcSlice=DataSlice[BufferType::CCL, offset=0x1C20, size=0x258], dstSlice=DataSlice[BufferType::CCL, offset=0x2328, size=0x258]]
rankIdx:7, threadIdx:1, [LocalReduce]:[dataType=11, reduceOp=2, srcSlice=DataSlice[BufferType::CCL, offset=0x1E78, size=0x258], dstSlice=DataSlice[BufferType::CCL, offset=0x2328, size=0x258]]
rankIdx:7, threadIdx:1, [LocalReduce]:[dataType=11, reduceOp=2, srcSlice=DataSlice[BufferType::CCL, offset=0x20D0, size=0x258], dstSlice=DataSlice[BufferType::CCL, offset=0x2328, size=0x258]]
rankIdx:7, threadIdx:1, [Post]:[remoteRank=3, notifyId=24644, link=link prototyp=LinkProtoStub::SDMA, notifyType=NotifyTypeStub::READY, originated tag=POST]
rankIdx:7, threadIdx:1, [Wait]:[remoteRank=3, notifyId=57412, link=link prototyp=LinkProtoStub::SDMA, notifyType=NotifyTypeStub::READY, originated tag=WAIT]
rankIdx:7, threadIdx:1, [WriteReduce]:[remoteRank=3, link=link prototyp=LinkProtoStub::SDMA, dataType=11, reduceOp=2, localSlice=DataSlice[BufferType::CCL, offset=0x708, size=0x258], remoteSlice=DataSlice[BufferType::CCL, offset=0x708, size=0x258]]
rankIdx:7, threadIdx:1, [WriteReduce]:[remoteRank=3, link=link prototyp=LinkProtoStub::SDMA, dataType=11, reduceOp=2, localSlice=DataSlice[BufferType::CCL, offset=0x19C8, size=0x258], remoteSlice=DataSlice[BufferType::CCL, offset=0x19C8, size=0x258]]
rankIdx:7, threadIdx:1, [Post]:[remoteRank=3, notifyId=24645, link=link prototyp=LinkProtoStub::SDMA, notifyType=NotifyTypeStub::READY, originated tag=POST]
rankIdx:7, threadIdx:1, [Wait]:[remoteRank=3, notifyId=57413, link=link prototyp=LinkProtoStub::SDMA, notifyType=NotifyTypeStub::READY, originated tag=WAIT]
rankIdx:7, threadIdx:1, [Post]:[remoteRank=15, notifyId=122951, link=link prototyp=LinkProtoStub::SDMA, notifyType=NotifyTypeStub::READY, originated tag=POST]
rankIdx:7, threadIdx:1, [Wait]:[remoteRank=15, notifyId=57415, link=link prototyp=LinkProtoStub::SDMA, notifyType=NotifyTypeStub::READY, originated tag=WAIT]
rankIdx:7, threadIdx:1, [WriteReduce]:[remoteRank=15, link=link prototyp=LinkProtoStub::SDMA, dataType=11, reduceOp=2, localSlice=DataSlice[BufferType::CCL, offset=0x2328, size=0x258], remoteSlice=DataSlice[BufferType::CCL, offset=0x2328, size=0x258]]
rankIdx:7, threadIdx:1, [Post]:[remoteRank=15, notifyId=122952, link=link prototyp=LinkProtoStub::SDMA, notifyType=NotifyTypeStub::READY, originated tag=POST]
rankIdx:7, threadIdx:1, [Wait]:[remoteRank=15, notifyId=57416, link=link prototyp=LinkProtoStub::SDMA, notifyType=NotifyTypeStub::READY, originated tag=WAIT]
rankIdx:7, threadIdx:1, [LocalCopy]:[srcSlice=DataSlice[BufferType::CCL, offset=0x1068, size=0x258], dstSlice=DataSlice[BufferType::OUTPUT, offset=0x0, size=0x258]]
rankIdx:7, threadIdx:1, [LocalPostTo]:[topicId=57344]
threadIdx : 2, taskNum : 10 
-------------------------------------------------------
rankIdx:7, threadIdx:2, [LocalWaitFrom]:[topicId=57352]
rankIdx:7, threadIdx:2, [Post]:[remoteRank=4, notifyId=32824, link=link prototyp=LinkProtoStub::SDMA, notifyType=NotifyTypeStub::READY, originated tag=POST]
rankIdx:7, threadIdx:2, [Wait]:[remoteRank=4, notifyId=57394, link=link prototyp=LinkProtoStub::SDMA, notifyType=NotifyTypeStub::READY, originated tag=WAIT]
rankIdx:7, threadIdx:2, [Write]:[remoteRank=4, link=link prototyp=LinkProtoStub::SDMA, localSlice=DataSlice[BufferType::INPUT, offset=0x0, size=0x12C], remoteSlice=DataSlice[BufferType::CCL, offset=0x708, size=0x12C]]
rankIdx:7, threadIdx:2, [Write]:[remoteRank=4, link=link prototyp=LinkProtoStub::SDMA, localSlice=DataSlice[BufferType::INPUT, offset=0x960, size=0x12C], remoteSlice=DataSlice[BufferType::CCL, offset=0x1068, size=0x12C]]
rankIdx:7, threadIdx:2, [Write]:[remoteRank=4, link=link prototyp=LinkProtoStub::SDMA, localSlice=DataSlice[BufferType::INPUT, offset=0x12C0, size=0x12C], remoteSlice=DataSlice[BufferType::CCL, offset=0x19C8, size=0x12C]]
rankIdx:7, threadIdx:2, [Write]:[remoteRank=4, link=link prototyp=LinkProtoStub::SDMA, localSlice=DataSlice[BufferType::INPUT, offset=0x1C20, size=0x12C], remoteSlice=DataSlice[BufferType::CCL, offset=0x2328, size=0x12C]]
rankIdx:7, threadIdx:2, [Post]:[remoteRank=4, notifyId=32825, link=link prototyp=LinkProtoStub::SDMA, notifyType=NotifyTypeStub::READY, originated tag=POST]
rankIdx:7, threadIdx:2, [Wait]:[remoteRank=4, notifyId=57395, link=link prototyp=LinkProtoStub::SDMA, notifyType=NotifyTypeStub::READY, originated tag=WAIT]
rankIdx:7, threadIdx:2, [LocalPostTo]:[topicId=57345]
threadIdx : 3, taskNum : 10 
-------------------------------------------------------
rankIdx:7, threadIdx:3, [LocalWaitFrom]:[topicId=57359]
rankIdx:7, threadIdx:3, [Post]:[remoteRank=4, notifyId=32833, link=link prototyp=LinkProtoStub::SDMA, notifyType=NotifyTypeStub::READY, originated tag=POST]
rankIdx:7, threadIdx:3, [Wait]:[remoteRank=4, notifyId=57403, link=link prototyp=LinkProtoStub::SDMA, notifyType=NotifyTypeStub::READY, originated tag=WAIT]
rankIdx:7, threadIdx:3, [Write]:[remoteRank=4, link=link prototyp=LinkProtoStub::SDMA, localSlice=DataSlice[BufferType::INPUT, offset=0x12C, size=0x12C], remoteSlice=DataSlice[BufferType::CCL, offset=0x834, size=0x12C]]
rankIdx:7, threadIdx:3, [Write]:[remoteRank=4, link=link prototyp=LinkProtoStub::SDMA, localSlice=DataSlice[BufferType::INPUT, offset=0xA8C, size=0x12C], remoteSlice=DataSlice[BufferType::CCL, offset=0x1194, size=0x12C]]
rankIdx:7, threadIdx:3, [Write]:[remoteRank=4, link=link prototyp=LinkProtoStub::SDMA, localSlice=DataSlice[BufferType::INPUT, offset=0x13EC, size=0x12C], remoteSlice=DataSlice[BufferType::CCL, offset=0x1AF4, size=0x12C]]
rankIdx:7, threadIdx:3, [Write]:[remoteRank=4, link=link prototyp=LinkProtoStub::SDMA, localSlice=DataSlice[BufferType::INPUT, offset=0x1D4C, size=0x12C], remoteSlice=DataSlice[BufferType::CCL, offset=0x2454, size=0x12C]]
rankIdx:7, threadIdx:3, [Post]:[remoteRank=4, notifyId=32834, link=link prototyp=LinkProtoStub::SDMA, notifyType=NotifyTypeStub::READY, originated tag=POST]
rankIdx:7, threadIdx:3, [Wait]:[remoteRank=4, notifyId=57404, link=link prototyp=LinkProtoStub::SDMA, notifyType=NotifyTypeStub::READY, originated tag=WAIT]
rankIdx:7, threadIdx:3, [LocalPostTo]:[topicId=57346]
threadIdx : 4, taskNum : 10 
-------------------------------------------------------
rankIdx:7, threadIdx:4, [LocalWaitFrom]:[topicId=57366]
rankIdx:7, threadIdx:4, [Post]:[remoteRank=5, notifyId=41016, link=link prototyp=LinkProtoStub::SDMA, notifyType=NotifyTypeStub::READY, originated tag=POST]
rankIdx:7, threadIdx:4, [Wait]:[remoteRank=5, notifyId=57397, link=link prototyp=LinkProtoStub::SDMA, notifyType=NotifyTypeStub::READY, originated tag=WAIT]
rankIdx:7, threadIdx:4, [Write]:[remoteRank=5, link=link prototyp=LinkProtoStub::SDMA, localSlice=DataSlice[BufferType::INPUT, offset=0x258, size=0x12C], remoteSlice=DataSlice[BufferType::CCL, offset=0x708, size=0x12C]]
rankIdx:7, threadIdx:4, [Write]:[remoteRank=5, link=link prototyp=LinkProtoStub::SDMA, localSlice=DataSlice[BufferType::INPUT, offset=0xBB8, size=0x12C], remoteSlice=DataSlice[BufferType::CCL, offset=0x1068, size=0x12C]]
rankIdx:7, threadIdx:4, [Write]:[remoteRank=5, link=link prototyp=LinkProtoStub::SDMA, localSlice=DataSlice[BufferType::INPUT, offset=0x1518, size=0x12C], remoteSlice=DataSlice[BufferType::CCL, offset=0x19C8, size=0x12C]]
rankIdx:7, threadIdx:4, [Write]:[remoteRank=5, link=link prototyp=LinkProtoStub::SDMA, localSlice=DataSlice[BufferType::INPUT, offset=0x1E78, size=0x12C], remoteSlice=DataSlice[BufferType::CCL, offset=0x2328, size=0x12C]]
rankIdx:7, threadIdx:4, [Post]:[remoteRank=5, notifyId=41017, link=link prototyp=LinkProtoStub::SDMA, notifyType=NotifyTypeStub::READY, originated tag=POST]
rankIdx:7, threadIdx:4, [Wait]:[remoteRank=5, notifyId=57398, link=link prototyp=LinkProtoStub::SDMA, notifyType=NotifyTypeStub::READY, originated tag=WAIT]
rankIdx:7, threadIdx:4, [LocalPostTo]:[topicId=57347]
threadIdx : 5, taskNum : 10 
-------------------------------------------------------
rankIdx:7, threadIdx:5, [LocalWaitFrom]:[topicId=57373]
rankIdx:7, threadIdx:5, [Post]:[remoteRank=5, notifyId=41025, link=link prototyp=LinkProtoStub::SDMA, notifyType=NotifyTypeStub::READY, originated tag=POST]
rankIdx:7, threadIdx:5, [Wait]:[remoteRank=5, notifyId=57406, link=link prototyp=LinkProtoStub::SDMA, notifyType=NotifyTypeStub::READY, originated tag=WAIT]
rankIdx:7, threadIdx:5, [Write]:[remoteRank=5, link=link prototyp=LinkProtoStub::SDMA, localSlice=DataSlice[BufferType::INPUT, offset=0x384, size=0x12C], remoteSlice=DataSlice[BufferType::CCL, offset=0x834, size=0x12C]]
rankIdx:7, threadIdx:5, [Write]:[remoteRank=5, link=link prototyp=LinkProtoStub::SDMA, localSlice=DataSlice[BufferType::INPUT, offset=0xCE4, size=0x12C], remoteSlice=DataSlice[BufferType::CCL, offset=0x1194, size=0x12C]]
rankIdx:7, threadIdx:5, [Write]:[remoteRank=5, link=link prototyp=LinkProtoStub::SDMA, localSlice=DataSlice[BufferType::INPUT, offset=0x1644, size=0x12C], remoteSlice=DataSlice[BufferType::CCL, offset=0x1AF4, size=0x12C]]
rankIdx:7, threadIdx:5, [Write]:[remoteRank=5, link=link prototyp=LinkProtoStub::SDMA, localSlice=DataSlice[BufferType::INPUT, offset=0x1FA4, size=0x12C], remoteSlice=DataSlice[BufferType::CCL, offset=0x2454, size=0x12C]]
rankIdx:7, threadIdx:5, [Post]:[remoteRank=5, notifyId=41026, link=link prototyp=LinkProtoStub::SDMA, notifyType=NotifyTypeStub::READY, originated tag=POST]
rankIdx:7, threadIdx:5, [Wait]:[remoteRank=5, notifyId=57407, link=link prototyp=LinkProtoStub::SDMA, notifyType=NotifyTypeStub::READY, originated tag=WAIT]
rankIdx:7, threadIdx:5, [LocalPostTo]:[topicId=57348]
threadIdx : 6, taskNum : 10 
-------------------------------------------------------
rankIdx:7, threadIdx:6, [LocalWaitFrom]:[topicId=57380]
rankIdx:7, threadIdx:6, [Post]:[remoteRank=6, notifyId=49208, link=link prototyp=LinkProtoStub::SDMA, notifyType=NotifyTypeStub::READY, originated tag=POST]
rankIdx:7, threadIdx:6, [Wait]:[remoteRank=6, notifyId=57400, link=link prototyp=LinkProtoStub::SDMA, notifyType=NotifyTypeStub::READY, originated tag=WAIT]
rankIdx:7, threadIdx:6, [Write]:[remoteRank=6, link=link prototyp=LinkProtoStub::SDMA, localSlice=DataSlice[BufferType::INPUT, offset=0x4B0, size=0x12C], remoteSlice=DataSlice[BufferType::CCL, offset=0x708, size=0x12C]]
rankIdx:7, threadIdx:6, [Write]:[remoteRank=6, link=link prototyp=LinkProtoStub::SDMA, localSlice=DataSlice[BufferType::INPUT, offset=0xE10, size=0x12C], remoteSlice=DataSlice[BufferType::CCL, offset=0x1068, size=0x12C]]
rankIdx:7, threadIdx:6, [Write]:[remoteRank=6, link=link prototyp=LinkProtoStub::SDMA, localSlice=DataSlice[BufferType::INPUT, offset=0x1770, size=0x12C], remoteSlice=DataSlice[BufferType::CCL, offset=0x19C8, size=0x12C]]
rankIdx:7, threadIdx:6, [Write]:[remoteRank=6, link=link prototyp=LinkProtoStub::SDMA, localSlice=DataSlice[BufferType::INPUT, offset=0x20D0, size=0x12C], remoteSlice=DataSlice[BufferType::CCL, offset=0x2328, size=0x12C]]
rankIdx:7, threadIdx:6, [Post]:[remoteRank=6, notifyId=49209, link=link prototyp=LinkProtoStub::SDMA, notifyType=NotifyTypeStub::READY, originated tag=POST]
rankIdx:7, threadIdx:6, [Wait]:[remoteRank=6, notifyId=57401, link=link prototyp=LinkProtoStub::SDMA, notifyType=NotifyTypeStub::READY, originated tag=WAIT]
rankIdx:7, threadIdx:6, [LocalPostTo]:[topicId=57349]
threadIdx : 7, taskNum : 10 
-------------------------------------------------------
rankIdx:7, threadIdx:7, [LocalWaitFrom]:[topicId=57387]
rankIdx:7, threadIdx:7, [Post]:[remoteRank=6, notifyId=49217, link=link prototyp=LinkProtoStub::SDMA, notifyType=NotifyTypeStub::READY, originated tag=POST]
rankIdx:7, threadIdx:7, [Wait]:[remoteRank=6, notifyId=57409, link=link prototyp=LinkProtoStub::SDMA, notifyType=NotifyTypeStub::READY, originated tag=WAIT]
rankIdx:7, threadIdx:7, [Write]:[remoteRank=6, link=link prototyp=LinkProtoStub::SDMA, localSlice=DataSlice[BufferType::INPUT, offset=0x5DC, size=0x12C], remoteSlice=DataSlice[BufferType::CCL, offset=0x834, size=0x12C]]
rankIdx:7, threadIdx:7, [Write]:[remoteRank=6, link=link prototyp=LinkProtoStub::SDMA, localSlice=DataSlice[BufferType::INPUT, offset=0xF3C, size=0x12C], remoteSlice=DataSlice[BufferType::CCL, offset=0x1194, size=0x12C]]
rankIdx:7, threadIdx:7, [Write]:[remoteRank=6, link=link prototyp=LinkProtoStub::SDMA, localSlice=DataSlice[BufferType::INPUT, offset=0x189C, size=0x12C], remoteSlice=DataSlice[BufferType::CCL, offset=0x1AF4, size=0x12C]]
rankIdx:7, threadIdx:7, [Write]:[remoteRank=6, link=link prototyp=LinkProtoStub::SDMA, localSlice=DataSlice[BufferType::INPUT, offset=0x21FC, size=0x12C], remoteSlice=DataSlice[BufferType::CCL, offset=0x2454, size=0x12C]]
rankIdx:7, threadIdx:7, [Post]:[remoteRank=6, notifyId=49218, link=link prototyp=LinkProtoStub::SDMA, notifyType=NotifyTypeStub::READY, originated tag=POST]
rankIdx:7, threadIdx:7, [Wait]:[remoteRank=6, notifyId=57410, link=link prototyp=LinkProtoStub::SDMA, notifyType=NotifyTypeStub::READY, originated tag=WAIT]
rankIdx:7, threadIdx:7, [LocalPostTo]:[topicId=57350]
=======================================================
rankId is : 8 
threadIdx : 0, taskNum : 2 
-------------------------------------------------------
rankIdx:8, threadIdx:0, [LocalPostTo]:[topicId=65543]
rankIdx:8, threadIdx:0, [LocalWaitFrom]:[topicId=65536]
threadIdx : 1, taskNum : 42 
-------------------------------------------------------
rankIdx:8, threadIdx:1, [LocalWaitFrom]:[topicId=65543]
rankIdx:8, threadIdx:1, [LocalPostTo]:[topicId=65544]
rankIdx:8, threadIdx:1, [LocalPostTo]:[topicId=65551]
rankIdx:8, threadIdx:1, [LocalPostTo]:[topicId=65558]
rankIdx:8, threadIdx:1, [LocalPostTo]:[topicId=65565]
rankIdx:8, threadIdx:1, [LocalPostTo]:[topicId=65572]
rankIdx:8, threadIdx:1, [LocalPostTo]:[topicId=65579]
rankIdx:8, threadIdx:1, [LocalWaitFrom]:[topicId=65537]
rankIdx:8, threadIdx:1, [LocalWaitFrom]:[topicId=65538]
rankIdx:8, threadIdx:1, [LocalWaitFrom]:[topicId=65539]
rankIdx:8, threadIdx:1, [LocalWaitFrom]:[topicId=65540]
rankIdx:8, threadIdx:1, [LocalWaitFrom]:[topicId=65541]
rankIdx:8, threadIdx:1, [LocalWaitFrom]:[topicId=65542]
rankIdx:8, threadIdx:1, [LocalCopy]:[srcSlice=DataSlice[BufferType::INPUT, offset=0x0, size=0x258], dstSlice=DataSlice[BufferType::CCL, offset=0x0, size=0x258]]
rankIdx:8, threadIdx:1, [LocalReduce]:[dataType=11, reduceOp=2, srcSlice=DataSlice[BufferType::CCL, offset=0x258, size=0x258], dstSlice=DataSlice[BufferType::CCL, offset=0x0, size=0x258]]
rankIdx:8, threadIdx:1, [LocalReduce]:[dataType=11, reduceOp=2, srcSlice=DataSlice[BufferType::CCL, offset=0x4B0, size=0x258], dstSlice=DataSlice[BufferType::CCL, offset=0x0, size=0x258]]
rankIdx:8, threadIdx:1, [LocalReduce]:[dataType=11, reduceOp=2, srcSlice=DataSlice[BufferType::CCL, offset=0x708, size=0x258], dstSlice=DataSlice[BufferType::CCL, offset=0x0, size=0x258]]
rankIdx:8, threadIdx:1, [LocalCopy]:[srcSlice=DataSlice[BufferType::INPUT, offset=0x960, size=0x258], dstSlice=DataSlice[BufferType::CCL, offset=0x960, size=0x258]]
rankIdx:8, threadIdx:1, [LocalReduce]:[dataType=11, reduceOp=2, srcSlice=DataSlice[BufferType::CCL, offset=0xBB8, size=0x258], dstSlice=DataSlice[BufferType::CCL, offset=0x960, size=0x258]]
rankIdx:8, threadIdx:1, [LocalReduce]:[dataType=11, reduceOp=2, srcSlice=DataSlice[BufferType::CCL, offset=0xE10, size=0x258], dstSlice=DataSlice[BufferType::CCL, offset=0x960, size=0x258]]
rankIdx:8, threadIdx:1, [LocalReduce]:[dataType=11, reduceOp=2, srcSlice=DataSlice[BufferType::CCL, offset=0x1068, size=0x258], dstSlice=DataSlice[BufferType::CCL, offset=0x960, size=0x258]]
rankIdx:8, threadIdx:1, [LocalCopy]:[srcSlice=DataSlice[BufferType::INPUT, offset=0x12C0, size=0x258], dstSlice=DataSlice[BufferType::CCL, offset=0x12C0, size=0x258]]
rankIdx:8, threadIdx:1, [LocalReduce]:[dataType=11, reduceOp=2, srcSlice=DataSlice[BufferType::CCL, offset=0x1518, size=0x258], dstSlice=DataSlice[BufferType::CCL, offset=0x12C0, size=0x258]]
rankIdx:8, threadIdx:1, [LocalReduce]:[dataType=11, reduceOp=2, srcSlice=DataSlice[BufferType::CCL, offset=0x1770, size=0x258], dstSlice=DataSlice[BufferType::CCL, offset=0x12C0, size=0x258]]
rankIdx:8, threadIdx:1, [LocalReduce]:[dataType=11, reduceOp=2, srcSlice=DataSlice[BufferType::CCL, offset=0x19C8, size=0x258], dstSlice=DataSlice[BufferType::CCL, offset=0x12C0, size=0x258]]
rankIdx:8, threadIdx:1, [LocalCopy]:[srcSlice=DataSlice[BufferType::INPUT, offset=0x1C20, size=0x258], dstSlice=DataSlice[BufferType::CCL, offset=0x1C20, size=0x258]]
rankIdx:8, threadIdx:1, [LocalReduce]:[dataType=11, reduceOp=2, srcSlice=DataSlice[BufferType::CCL, offset=0x1E78, size=0x258], dstSlice=DataSlice[BufferType::CCL, offset=0x1C20, size=0x258]]
rankIdx:8, threadIdx:1, [LocalReduce]:[dataType=11, reduceOp=2, srcSlice=DataSlice[BufferType::CCL, offset=0x20D0, size=0x258], dstSlice=DataSlice[BufferType::CCL, offset=0x1C20, size=0x258]]
rankIdx:8, threadIdx:1, [LocalReduce]:[dataType=11, reduceOp=2, srcSlice=DataSlice[BufferType::CCL, offset=0x2328, size=0x258], dstSlice=DataSlice[BufferType::CCL, offset=0x1C20, size=0x258]]
rankIdx:8, threadIdx:1, [Post]:[remoteRank=12, notifyId=98372, link=link prototyp=LinkProtoStub::SDMA, notifyType=NotifyTypeStub::READY, originated tag=POST]
rankIdx:8, threadIdx:1, [Wait]:[remoteRank=12, notifyId=65604, link=link prototyp=LinkProtoStub::SDMA, notifyType=NotifyTypeStub::READY, originated tag=WAIT]
rankIdx:8, threadIdx:1, [WriteReduce]:[remoteRank=12, link=link prototyp=LinkProtoStub::SDMA, dataType=11, reduceOp=2, localSlice=DataSlice[BufferType::CCL, offset=0x960, size=0x258], remoteSlice=DataSlice[BufferType::CCL, offset=0x960, size=0x258]]
rankIdx:8, threadIdx:1, [WriteReduce]:[remoteRank=12, link=link prototyp=LinkProtoStub::SDMA, dataType=11, reduceOp=2, localSlice=DataSlice[BufferType::CCL, offset=0x1C20, size=0x258], remoteSlice=DataSlice[BufferType::CCL, offset=0x1C20, size=0x258]]
rankIdx:8, threadIdx:1, [Post]:[remoteRank=12, notifyId=98373, link=link prototyp=LinkProtoStub::SDMA, notifyType=NotifyTypeStub::READY, originated tag=POST]
rankIdx:8, threadIdx:1, [Wait]:[remoteRank=12, notifyId=65605, link=link prototyp=LinkProtoStub::SDMA, notifyType=NotifyTypeStub::READY, originated tag=WAIT]
rankIdx:8, threadIdx:1, [Post]:[remoteRank=0, notifyId=71, link=link prototyp=LinkProtoStub::SDMA, notifyType=NotifyTypeStub::READY, originated tag=POST]
rankIdx:8, threadIdx:1, [Wait]:[remoteRank=0, notifyId=65607, link=link prototyp=LinkProtoStub::SDMA, notifyType=NotifyTypeStub::READY, originated tag=WAIT]
rankIdx:8, threadIdx:1, [WriteReduce]:[remoteRank=0, link=link prototyp=LinkProtoStub::SDMA, dataType=11, reduceOp=2, localSlice=DataSlice[BufferType::CCL, offset=0x0, size=0x258], remoteSlice=DataSlice[BufferType::CCL, offset=0x0, size=0x258]]
rankIdx:8, threadIdx:1, [Post]:[remoteRank=0, notifyId=72, link=link prototyp=LinkProtoStub::SDMA, notifyType=NotifyTypeStub::READY, originated tag=POST]
rankIdx:8, threadIdx:1, [Wait]:[remoteRank=0, notifyId=65608, link=link prototyp=LinkProtoStub::SDMA, notifyType=NotifyTypeStub::READY, originated tag=WAIT]
rankIdx:8, threadIdx:1, [LocalCopy]:[srcSlice=DataSlice[BufferType::CCL, offset=0x12C0, size=0x258], dstSlice=DataSlice[BufferType::OUTPUT, offset=0x0, size=0x258]]
rankIdx:8, threadIdx:1, [LocalPostTo]:[topicId=65536]
threadIdx : 2, taskNum : 10 
-------------------------------------------------------
rankIdx:8, threadIdx:2, [LocalWaitFrom]:[topicId=65544]
rankIdx:8, threadIdx:2, [Post]:[remoteRank=9, notifyId=73778, link=link prototyp=LinkProtoStub::SDMA, notifyType=NotifyTypeStub::READY, originated tag=POST]
rankIdx:8, threadIdx:2, [Wait]:[remoteRank=9, notifyId=65586, link=link prototyp=LinkProtoStub::SDMA, notifyType=NotifyTypeStub::READY, originated tag=WAIT]
rankIdx:8, threadIdx:2, [Write]:[remoteRank=9, link=link prototyp=LinkProtoStub::SDMA, localSlice=DataSlice[BufferType::INPUT, offset=0x258, size=0x12C], remoteSlice=DataSlice[BufferType::CCL, offset=0x0, size=0x12C]]
rankIdx:8, threadIdx:2, [Write]:[remoteRank=9, link=link prototyp=LinkProtoStub::SDMA, localSlice=DataSlice[BufferType::INPUT, offset=0xBB8, size=0x12C], remoteSlice=DataSlice[BufferType::CCL, offset=0x960, size=0x12C]]
rankIdx:8, threadIdx:2, [Write]:[remoteRank=9, link=link prototyp=LinkProtoStub::SDMA, localSlice=DataSlice[BufferType::INPUT, offset=0x1518, size=0x12C], remoteSlice=DataSlice[BufferType::CCL, offset=0x12C0, size=0x12C]]
rankIdx:8, threadIdx:2, [Write]:[remoteRank=9, link=link prototyp=LinkProtoStub::SDMA, localSlice=DataSlice[BufferType::INPUT, offset=0x1E78, size=0x12C], remoteSlice=DataSlice[BufferType::CCL, offset=0x1C20, size=0x12C]]
rankIdx:8, threadIdx:2, [Post]:[remoteRank=9, notifyId=73779, link=link prototyp=LinkProtoStub::SDMA, notifyType=NotifyTypeStub::READY, originated tag=POST]
rankIdx:8, threadIdx:2, [Wait]:[remoteRank=9, notifyId=65587, link=link prototyp=LinkProtoStub::SDMA, notifyType=NotifyTypeStub::READY, originated tag=WAIT]
rankIdx:8, threadIdx:2, [LocalPostTo]:[topicId=65537]
threadIdx : 3, taskNum : 10 
-------------------------------------------------------
rankIdx:8, threadIdx:3, [LocalWaitFrom]:[topicId=65551]
rankIdx:8, threadIdx:3, [Post]:[remoteRank=9, notifyId=73787, link=link prototyp=LinkProtoStub::SDMA, notifyType=NotifyTypeStub::READY, originated tag=POST]
rankIdx:8, threadIdx:3, [Wait]:[remoteRank=9, notifyId=65595, link=link prototyp=LinkProtoStub::SDMA, notifyType=NotifyTypeStub::READY, originated tag=WAIT]
rankIdx:8, threadIdx:3, [Write]:[remoteRank=9, link=link prototyp=LinkProtoStub::SDMA, localSlice=DataSlice[BufferType::INPUT, offset=0x384, size=0x12C], remoteSlice=DataSlice[BufferType::CCL, offset=0x12C, size=0x12C]]
rankIdx:8, threadIdx:3, [Write]:[remoteRank=9, link=link prototyp=LinkProtoStub::SDMA, localSlice=DataSlice[BufferType::INPUT, offset=0xCE4, size=0x12C], remoteSlice=DataSlice[BufferType::CCL, offset=0xA8C, size=0x12C]]
rankIdx:8, threadIdx:3, [Write]:[remoteRank=9, link=link prototyp=LinkProtoStub::SDMA, localSlice=DataSlice[BufferType::INPUT, offset=0x1644, size=0x12C], remoteSlice=DataSlice[BufferType::CCL, offset=0x13EC, size=0x12C]]
rankIdx:8, threadIdx:3, [Write]:[remoteRank=9, link=link prototyp=LinkProtoStub::SDMA, localSlice=DataSlice[BufferType::INPUT, offset=0x1FA4, size=0x12C], remoteSlice=DataSlice[BufferType::CCL, offset=0x1D4C, size=0x12C]]
rankIdx:8, threadIdx:3, [Post]:[remoteRank=9, notifyId=73788, link=link prototyp=LinkProtoStub::SDMA, notifyType=NotifyTypeStub::READY, originated tag=POST]
rankIdx:8, threadIdx:3, [Wait]:[remoteRank=9, notifyId=65596, link=link prototyp=LinkProtoStub::SDMA, notifyType=NotifyTypeStub::READY, originated tag=WAIT]
rankIdx:8, threadIdx:3, [LocalPostTo]:[topicId=65538]
threadIdx : 4, taskNum : 10 
-------------------------------------------------------
rankIdx:8, threadIdx:4, [LocalWaitFrom]:[topicId=65558]
rankIdx:8, threadIdx:4, [Post]:[remoteRank=10, notifyId=81970, link=link prototyp=LinkProtoStub::SDMA, notifyType=NotifyTypeStub::READY, originated tag=POST]
rankIdx:8, threadIdx:4, [Wait]:[remoteRank=10, notifyId=65589, link=link prototyp=LinkProtoStub::SDMA, notifyType=NotifyTypeStub::READY, originated tag=WAIT]
rankIdx:8, threadIdx:4, [Write]:[remoteRank=10, link=link prototyp=LinkProtoStub::SDMA, localSlice=DataSlice[BufferType::INPUT, offset=0x4B0, size=0x12C], remoteSlice=DataSlice[BufferType::CCL, offset=0x0, size=0x12C]]
rankIdx:8, threadIdx:4, [Write]:[remoteRank=10, link=link prototyp=LinkProtoStub::SDMA, localSlice=DataSlice[BufferType::INPUT, offset=0xE10, size=0x12C], remoteSlice=DataSlice[BufferType::CCL, offset=0x960, size=0x12C]]
rankIdx:8, threadIdx:4, [Write]:[remoteRank=10, link=link prototyp=LinkProtoStub::SDMA, localSlice=DataSlice[BufferType::INPUT, offset=0x1770, size=0x12C], remoteSlice=DataSlice[BufferType::CCL, offset=0x12C0, size=0x12C]]
rankIdx:8, threadIdx:4, [Write]:[remoteRank=10, link=link prototyp=LinkProtoStub::SDMA, localSlice=DataSlice[BufferType::INPUT, offset=0x20D0, size=0x12C], remoteSlice=DataSlice[BufferType::CCL, offset=0x1C20, size=0x12C]]
rankIdx:8, threadIdx:4, [Post]:[remoteRank=10, notifyId=81971, link=link prototyp=LinkProtoStub::SDMA, notifyType=NotifyTypeStub::READY, originated tag=POST]
rankIdx:8, threadIdx:4, [Wait]:[remoteRank=10, notifyId=65590, link=link prototyp=LinkProtoStub::SDMA, notifyType=NotifyTypeStub::READY, originated tag=WAIT]
rankIdx:8, threadIdx:4, [LocalPostTo]:[topicId=65539]
threadIdx : 5, taskNum : 10 
-------------------------------------------------------
rankIdx:8, threadIdx:5, [LocalWaitFrom]:[topicId=65565]
rankIdx:8, threadIdx:5, [Post]:[remoteRank=10, notifyId=81979, link=link prototyp=LinkProtoStub::SDMA, notifyType=NotifyTypeStub::READY, originated tag=POST]
rankIdx:8, threadIdx:5, [Wait]:[remoteRank=10, notifyId=65598, link=link prototyp=LinkProtoStub::SDMA, notifyType=NotifyTypeStub::READY, originated tag=WAIT]
rankIdx:8, threadIdx:5, [Write]:[remoteRank=10, link=link prototyp=LinkProtoStub::SDMA, localSlice=DataSlice[BufferType::INPUT, offset=0x5DC, size=0x12C], remoteSlice=DataSlice[BufferType::CCL, offset=0x12C, size=0x12C]]
rankIdx:8, threadIdx:5, [Write]:[remoteRank=10, link=link prototyp=LinkProtoStub::SDMA, localSlice=DataSlice[BufferType::INPUT, offset=0xF3C, size=0x12C], remoteSlice=DataSlice[BufferType::CCL, offset=0xA8C, size=0x12C]]
rankIdx:8, threadIdx:5, [Write]:[remoteRank=10, link=link prototyp=LinkProtoStub::SDMA, localSlice=DataSlice[BufferType::INPUT, offset=0x189C, size=0x12C], remoteSlice=DataSlice[BufferType::CCL, offset=0x13EC, size=0x12C]]
rankIdx:8, threadIdx:5, [Write]:[remoteRank=10, link=link prototyp=LinkProtoStub::SDMA, localSlice=DataSlice[BufferType::INPUT, offset=0x21FC, size=0x12C], remoteSlice=DataSlice[BufferType::CCL, offset=0x1D4C, size=0x12C]]
rankIdx:8, threadIdx:5, [Post]:[remoteRank=10, notifyId=81980, link=link prototyp=LinkProtoStub::SDMA, notifyType=NotifyTypeStub::READY, originated tag=POST]
rankIdx:8, threadIdx:5, [Wait]:[remoteRank=10, notifyId=65599, link=link prototyp=LinkProtoStub::SDMA, notifyType=NotifyTypeStub::READY, originated tag=WAIT]
rankIdx:8, threadIdx:5, [LocalPostTo]:[topicId=65540]
threadIdx : 6, taskNum : 10 
-------------------------------------------------------
rankIdx:8, threadIdx:6, [LocalWaitFrom]:[topicId=65572]
rankIdx:8, threadIdx:6, [Post]:[remoteRank=11, notifyId=90162, link=link prototyp=LinkProtoStub::SDMA, notifyType=NotifyTypeStub::READY, originated tag=POST]
rankIdx:8, threadIdx:6, [Wait]:[remoteRank=11, notifyId=65592, link=link prototyp=LinkProtoStub::SDMA, notifyType=NotifyTypeStub::READY, originated tag=WAIT]
rankIdx:8, threadIdx:6, [Write]:[remoteRank=11, link=link prototyp=LinkProtoStub::SDMA, localSlice=DataSlice[BufferType::INPUT, offset=0x708, size=0x12C], remoteSlice=DataSlice[BufferType::CCL, offset=0x0, size=0x12C]]
rankIdx:8, threadIdx:6, [Write]:[remoteRank=11, link=link prototyp=LinkProtoStub::SDMA, localSlice=DataSlice[BufferType::INPUT, offset=0x1068, size=0x12C], remoteSlice=DataSlice[BufferType::CCL, offset=0x960, size=0x12C]]
rankIdx:8, threadIdx:6, [Write]:[remoteRank=11, link=link prototyp=LinkProtoStub::SDMA, localSlice=DataSlice[BufferType::INPUT, offset=0x19C8, size=0x12C], remoteSlice=DataSlice[BufferType::CCL, offset=0x12C0, size=0x12C]]
rankIdx:8, threadIdx:6, [Write]:[remoteRank=11, link=link prototyp=LinkProtoStub::SDMA, localSlice=DataSlice[BufferType::INPUT, offset=0x2328, size=0x12C], remoteSlice=DataSlice[BufferType::CCL, offset=0x1C20, size=0x12C]]
rankIdx:8, threadIdx:6, [Post]:[remoteRank=11, notifyId=90163, link=link prototyp=LinkProtoStub::SDMA, notifyType=NotifyTypeStub::READY, originated tag=POST]
rankIdx:8, threadIdx:6, [Wait]:[remoteRank=11, notifyId=65593, link=link prototyp=LinkProtoStub::SDMA, notifyType=NotifyTypeStub::READY, originated tag=WAIT]
rankIdx:8, threadIdx:6, [LocalPostTo]:[topicId=65541]
threadIdx : 7, taskNum : 10 
-------------------------------------------------------
rankIdx:8, threadIdx:7, [LocalWaitFrom]:[topicId=65579]
rankIdx:8, threadIdx:7, [Post]:[remoteRank=11, notifyId=90171, link=link prototyp=LinkProtoStub::SDMA, notifyType=NotifyTypeStub::READY, originated tag=POST]
rankIdx:8, threadIdx:7, [Wait]:[remoteRank=11, notifyId=65601, link=link prototyp=LinkProtoStub::SDMA, notifyType=NotifyTypeStub::READY, originated tag=WAIT]
rankIdx:8, threadIdx:7, [Write]:[remoteRank=11, link=link prototyp=LinkProtoStub::SDMA, localSlice=DataSlice[BufferType::INPUT, offset=0x834, size=0x12C], remoteSlice=DataSlice[BufferType::CCL, offset=0x12C, size=0x12C]]
rankIdx:8, threadIdx:7, [Write]:[remoteRank=11, link=link prototyp=LinkProtoStub::SDMA, localSlice=DataSlice[BufferType::INPUT, offset=0x1194, size=0x12C], remoteSlice=DataSlice[BufferType::CCL, offset=0xA8C, size=0x12C]]
rankIdx:8, threadIdx:7, [Write]:[remoteRank=11, link=link prototyp=LinkProtoStub::SDMA, localSlice=DataSlice[BufferType::INPUT, offset=0x1AF4, size=0x12C], remoteSlice=DataSlice[BufferType::CCL, offset=0x13EC, size=0x12C]]
rankIdx:8, threadIdx:7, [Write]:[remoteRank=11, link=link prototyp=LinkProtoStub::SDMA, localSlice=DataSlice[BufferType::INPUT, offset=0x2454, size=0x12C], remoteSlice=DataSlice[BufferType::CCL, offset=0x1D4C, size=0x12C]]
rankIdx:8, threadIdx:7, [Post]:[remoteRank=11, notifyId=90172, link=link prototyp=LinkProtoStub::SDMA, notifyType=NotifyTypeStub::READY, originated tag=POST]
rankIdx:8, threadIdx:7, [Wait]:[remoteRank=11, notifyId=65602, link=link prototyp=LinkProtoStub::SDMA, notifyType=NotifyTypeStub::READY, originated tag=WAIT]
rankIdx:8, threadIdx:7, [LocalPostTo]:[topicId=65542]
=======================================================
rankId is : 9 
threadIdx : 0, taskNum : 2 
-------------------------------------------------------
rankIdx:9, threadIdx:0, [LocalPostTo]:[topicId=73735]
rankIdx:9, threadIdx:0, [LocalWaitFrom]:[topicId=73728]
threadIdx : 1, taskNum : 42 
-------------------------------------------------------
rankIdx:9, threadIdx:1, [LocalWaitFrom]:[topicId=73735]
rankIdx:9, threadIdx:1, [LocalPostTo]:[topicId=73736]
rankIdx:9, threadIdx:1, [LocalPostTo]:[topicId=73743]
rankIdx:9, threadIdx:1, [LocalPostTo]:[topicId=73750]
rankIdx:9, threadIdx:1, [LocalPostTo]:[topicId=73757]
rankIdx:9, threadIdx:1, [LocalPostTo]:[topicId=73764]
rankIdx:9, threadIdx:1, [LocalPostTo]:[topicId=73771]
rankIdx:9, threadIdx:1, [LocalWaitFrom]:[topicId=73729]
rankIdx:9, threadIdx:1, [LocalWaitFrom]:[topicId=73730]
rankIdx:9, threadIdx:1, [LocalWaitFrom]:[topicId=73731]
rankIdx:9, threadIdx:1, [LocalWaitFrom]:[topicId=73732]
rankIdx:9, threadIdx:1, [LocalWaitFrom]:[topicId=73733]
rankIdx:9, threadIdx:1, [LocalWaitFrom]:[topicId=73734]
rankIdx:9, threadIdx:1, [LocalCopy]:[srcSlice=DataSlice[BufferType::INPUT, offset=0x258, size=0x258], dstSlice=DataSlice[BufferType::CCL, offset=0x258, size=0x258]]
rankIdx:9, threadIdx:1, [LocalReduce]:[dataType=11, reduceOp=2, srcSlice=DataSlice[BufferType::CCL, offset=0x0, size=0x258], dstSlice=DataSlice[BufferType::CCL, offset=0x258, size=0x258]]
rankIdx:9, threadIdx:1, [LocalReduce]:[dataType=11, reduceOp=2, srcSlice=DataSlice[BufferType::CCL, offset=0x4B0, size=0x258], dstSlice=DataSlice[BufferType::CCL, offset=0x258, size=0x258]]
rankIdx:9, threadIdx:1, [LocalReduce]:[dataType=11, reduceOp=2, srcSlice=DataSlice[BufferType::CCL, offset=0x708, size=0x258], dstSlice=DataSlice[BufferType::CCL, offset=0x258, size=0x258]]
rankIdx:9, threadIdx:1, [LocalCopy]:[srcSlice=DataSlice[BufferType::INPUT, offset=0xBB8, size=0x258], dstSlice=DataSlice[BufferType::CCL, offset=0xBB8, size=0x258]]
rankIdx:9, threadIdx:1, [LocalReduce]:[dataType=11, reduceOp=2, srcSlice=DataSlice[BufferType::CCL, offset=0x960, size=0x258], dstSlice=DataSlice[BufferType::CCL, offset=0xBB8, size=0x258]]
rankIdx:9, threadIdx:1, [LocalReduce]:[dataType=11, reduceOp=2, srcSlice=DataSlice[BufferType::CCL, offset=0xE10, size=0x258], dstSlice=DataSlice[BufferType::CCL, offset=0xBB8, size=0x258]]
rankIdx:9, threadIdx:1, [LocalReduce]:[dataType=11, reduceOp=2, srcSlice=DataSlice[BufferType::CCL, offset=0x1068, size=0x258], dstSlice=DataSlice[BufferType::CCL, offset=0xBB8, size=0x258]]
rankIdx:9, threadIdx:1, [LocalCopy]:[srcSlice=DataSlice[BufferType::INPUT, offset=0x1518, size=0x258], dstSlice=DataSlice[BufferType::CCL, offset=0x1518, size=0x258]]
rankIdx:9, threadIdx:1, [LocalReduce]:[dataType=11, reduceOp=2, srcSlice=DataSlice[BufferType::CCL, offset=0x12C0, size=0x258], dstSlice=DataSlice[BufferType::CCL, offset=0x1518, size=0x258]]
rankIdx:9, threadIdx:1, [LocalReduce]:[dataType=11, reduceOp=2, srcSlice=DataSlice[BufferType::CCL, offset=0x1770, size=0x258], dstSlice=DataSlice[BufferType::CCL, offset=0x1518, size=0x258]]
rankIdx:9, threadIdx:1, [LocalReduce]:[dataType=11, reduceOp=2, srcSlice=DataSlice[BufferType::CCL, offset=0x19C8, size=0x258], dstSlice=DataSlice[BufferType::CCL, offset=0x1518, size=0x258]]
rankIdx:9, threadIdx:1, [LocalCopy]:[srcSlice=DataSlice[BufferType::INPUT, offset=0x1E78, size=0x258], dstSlice=DataSlice[BufferType::CCL, offset=0x1E78, size=0x258]]
rankIdx:9, threadIdx:1, [LocalReduce]:[dataType=11, reduceOp=2, srcSlice=DataSlice[BufferType::CCL, offset=0x1C20, size=0x258], dstSlice=DataSlice[BufferType::CCL, offset=0x1E78, size=0x258]]
rankIdx:9, threadIdx:1, [LocalReduce]:[dataType=11, reduceOp=2, srcSlice=DataSlice[BufferType::CCL, offset=0x20D0, size=0x258], dstSlice=DataSlice[BufferType::CCL, offset=0x1E78, size=0x258]]
rankIdx:9, threadIdx:1, [LocalReduce]:[dataType=11, reduceOp=2, srcSlice=DataSlice[BufferType::CCL, offset=0x2328, size=0x258], dstSlice=DataSlice[BufferType::CCL, offset=0x1E78, size=0x258]]
rankIdx:9, threadIdx:1, [Post]:[remoteRank=13, notifyId=106564, link=link prototyp=LinkProtoStub::SDMA, notifyType=NotifyTypeStub::READY, originated tag=POST]
rankIdx:9, threadIdx:1, [Wait]:[remoteRank=13, notifyId=73796, link=link prototyp=LinkProtoStub::SDMA, notifyType=NotifyTypeStub::READY, originated tag=WAIT]
rankIdx:9, threadIdx:1, [WriteReduce]:[remoteRank=13, link=link prototyp=LinkProtoStub::SDMA, dataType=11, reduceOp=2, localSlice=DataSlice[BufferType::CCL, offset=0xBB8, size=0x258], remoteSlice=DataSlice[BufferType::CCL, offset=0xBB8, size=0x258]]
rankIdx:9, threadIdx:1, [WriteReduce]:[remoteRank=13, link=link prototyp=LinkProtoStub::SDMA, dataType=11, reduceOp=2, localSlice=DataSlice[BufferType::CCL, offset=0x1E78, size=0x258], remoteSlice=DataSlice[BufferType::CCL, offset=0x1E78, size=0x258]]
rankIdx:9, threadIdx:1, [Post]:[remoteRank=13, notifyId=106565, link=link prototyp=LinkProtoStub::SDMA, notifyType=NotifyTypeStub::READY, originated tag=POST]
rankIdx:9, threadIdx:1, [Wait]:[remoteRank=13, notifyId=73797, link=link prototyp=LinkProtoStub::SDMA, notifyType=NotifyTypeStub::READY, originated tag=WAIT]
rankIdx:9, threadIdx:1, [Post]:[remoteRank=1, notifyId=8263, link=link prototyp=LinkProtoStub::SDMA, notifyType=NotifyTypeStub::READY, originated tag=POST]
rankIdx:9, threadIdx:1, [Wait]:[remoteRank=1, notifyId=73799, link=link prototyp=LinkProtoStub::SDMA, notifyType=NotifyTypeStub::READY, originated tag=WAIT]
rankIdx:9, threadIdx:1, [WriteReduce]:[remoteRank=1, link=link prototyp=LinkProtoStub::SDMA, dataType=11, reduceOp=2, localSlice=DataSlice[BufferType::CCL, offset=0x258, size=0x258], remoteSlice=DataSlice[BufferType::CCL, offset=0x258, size=0x258]]
rankIdx:9, threadIdx:1, [Post]:[remoteRank=1, notifyId=8264, link=link prototyp=LinkProtoStub::SDMA, notifyType=NotifyTypeStub::READY, originated tag=POST]
rankIdx:9, threadIdx:1, [Wait]:[remoteRank=1, notifyId=73800, link=link prototyp=LinkProtoStub::SDMA, notifyType=NotifyTypeStub::READY, originated tag=WAIT]
rankIdx:9, threadIdx:1, [LocalCopy]:[srcSlice=DataSlice[BufferType::CCL, offset=0x1518, size=0x258], dstSlice=DataSlice[BufferType::OUTPUT, offset=0x0, size=0x258]]
rankIdx:9, threadIdx:1, [LocalPostTo]:[topicId=73728]
threadIdx : 2, taskNum : 10 
-------------------------------------------------------
rankIdx:9, threadIdx:2, [LocalWaitFrom]:[topicId=73736]
rankIdx:9, threadIdx:2, [Post]:[remoteRank=10, notifyId=81973, link=link prototyp=LinkProtoStub::SDMA, notifyType=NotifyTypeStub::READY, originated tag=POST]
rankIdx:9, threadIdx:2, [Wait]:[remoteRank=10, notifyId=73781, link=link prototyp=LinkProtoStub::SDMA, notifyType=NotifyTypeStub::READY, originated tag=WAIT]
rankIdx:9, threadIdx:2, [Write]:[remoteRank=10, link=link prototyp=LinkProtoStub::SDMA, localSlice=DataSlice[BufferType::INPUT, offset=0x4B0, size=0x12C], remoteSlice=DataSlice[BufferType::CCL, offset=0x258, size=0x12C]]
rankIdx:9, threadIdx:2, [Write]:[remoteRank=10, link=link prototyp=LinkProtoStub::SDMA, localSlice=DataSlice[BufferType::INPUT, offset=0xE10, size=0x12C], remoteSlice=DataSlice[BufferType::CCL, offset=0xBB8, size=0x12C]]
rankIdx:9, threadIdx:2, [Write]:[remoteRank=10, link=link prototyp=LinkProtoStub::SDMA, localSlice=DataSlice[BufferType::INPUT, offset=0x1770, size=0x12C], remoteSlice=DataSlice[BufferType::CCL, offset=0x1518, size=0x12C]]
rankIdx:9, threadIdx:2, [Write]:[remoteRank=10, link=link prototyp=LinkProtoStub::SDMA, localSlice=DataSlice[BufferType::INPUT, offset=0x20D0, size=0x12C], remoteSlice=DataSlice[BufferType::CCL, offset=0x1E78, size=0x12C]]
rankIdx:9, threadIdx:2, [Post]:[remoteRank=10, notifyId=81974, link=link prototyp=LinkProtoStub::SDMA, notifyType=NotifyTypeStub::READY, originated tag=POST]
rankIdx:9, threadIdx:2, [Wait]:[remoteRank=10, notifyId=73782, link=link prototyp=LinkProtoStub::SDMA, notifyType=NotifyTypeStub::READY, originated tag=WAIT]
rankIdx:9, threadIdx:2, [LocalPostTo]:[topicId=73729]
threadIdx : 3, taskNum : 10 
-------------------------------------------------------
rankIdx:9, threadIdx:3, [LocalWaitFrom]:[topicId=73743]
rankIdx:9, threadIdx:3, [Post]:[remoteRank=10, notifyId=81982, link=link prototyp=LinkProtoStub::SDMA, notifyType=NotifyTypeStub::READY, originated tag=POST]
rankIdx:9, threadIdx:3, [Wait]:[remoteRank=10, notifyId=73790, link=link prototyp=LinkProtoStub::SDMA, notifyType=NotifyTypeStub::READY, originated tag=WAIT]
rankIdx:9, threadIdx:3, [Write]:[remoteRank=10, link=link prototyp=LinkProtoStub::SDMA, localSlice=DataSlice[BufferType::INPUT, offset=0x5DC, size=0x12C], remoteSlice=DataSlice[BufferType::CCL, offset=0x384, size=0x12C]]
rankIdx:9, threadIdx:3, [Write]:[remoteRank=10, link=link prototyp=LinkProtoStub::SDMA, localSlice=DataSlice[BufferType::INPUT, offset=0xF3C, size=0x12C], remoteSlice=DataSlice[BufferType::CCL, offset=0xCE4, size=0x12C]]
rankIdx:9, threadIdx:3, [Write]:[remoteRank=10, link=link prototyp=LinkProtoStub::SDMA, localSlice=DataSlice[BufferType::INPUT, offset=0x189C, size=0x12C], remoteSlice=DataSlice[BufferType::CCL, offset=0x1644, size=0x12C]]
rankIdx:9, threadIdx:3, [Write]:[remoteRank=10, link=link prototyp=LinkProtoStub::SDMA, localSlice=DataSlice[BufferType::INPUT, offset=0x21FC, size=0x12C], remoteSlice=DataSlice[BufferType::CCL, offset=0x1FA4, size=0x12C]]
rankIdx:9, threadIdx:3, [Post]:[remoteRank=10, notifyId=81983, link=link prototyp=LinkProtoStub::SDMA, notifyType=NotifyTypeStub::READY, originated tag=POST]
rankIdx:9, threadIdx:3, [Wait]:[remoteRank=10, notifyId=73791, link=link prototyp=LinkProtoStub::SDMA, notifyType=NotifyTypeStub::READY, originated tag=WAIT]
rankIdx:9, threadIdx:3, [LocalPostTo]:[topicId=73730]
threadIdx : 4, taskNum : 10 
-------------------------------------------------------
rankIdx:9, threadIdx:4, [LocalWaitFrom]:[topicId=73750]
rankIdx:9, threadIdx:4, [Post]:[remoteRank=11, notifyId=90165, link=link prototyp=LinkProtoStub::SDMA, notifyType=NotifyTypeStub::READY, originated tag=POST]
rankIdx:9, threadIdx:4, [Wait]:[remoteRank=11, notifyId=73784, link=link prototyp=LinkProtoStub::SDMA, notifyType=NotifyTypeStub::READY, originated tag=WAIT]
rankIdx:9, threadIdx:4, [Write]:[remoteRank=11, link=link prototyp=LinkProtoStub::SDMA, localSlice=DataSlice[BufferType::INPUT, offset=0x708, size=0x12C], remoteSlice=DataSlice[BufferType::CCL, offset=0x258, size=0x12C]]
rankIdx:9, threadIdx:4, [Write]:[remoteRank=11, link=link prototyp=LinkProtoStub::SDMA, localSlice=DataSlice[BufferType::INPUT, offset=0x1068, size=0x12C], remoteSlice=DataSlice[BufferType::CCL, offset=0xBB8, size=0x12C]]
rankIdx:9, threadIdx:4, [Write]:[remoteRank=11, link=link prototyp=LinkProtoStub::SDMA, localSlice=DataSlice[BufferType::INPUT, offset=0x19C8, size=0x12C], remoteSlice=DataSlice[BufferType::CCL, offset=0x1518, size=0x12C]]
rankIdx:9, threadIdx:4, [Write]:[remoteRank=11, link=link prototyp=LinkProtoStub::SDMA, localSlice=DataSlice[BufferType::INPUT, offset=0x2328, size=0x12C], remoteSlice=DataSlice[BufferType::CCL, offset=0x1E78, size=0x12C]]
rankIdx:9, threadIdx:4, [Post]:[remoteRank=11, notifyId=90166, link=link prototyp=LinkProtoStub::SDMA, notifyType=NotifyTypeStub::READY, originated tag=POST]
rankIdx:9, threadIdx:4, [Wait]:[remoteRank=11, notifyId=73785, link=link prototyp=LinkProtoStub::SDMA, notifyType=NotifyTypeStub::READY, originated tag=WAIT]
rankIdx:9, threadIdx:4, [LocalPostTo]:[topicId=73731]
threadIdx : 5, taskNum : 10 
-------------------------------------------------------
rankIdx:9, threadIdx:5, [LocalWaitFrom]:[topicId=73757]
rankIdx:9, threadIdx:5, [Post]:[remoteRank=11, notifyId=90174, link=link prototyp=LinkProtoStub::SDMA, notifyType=NotifyTypeStub::READY, originated tag=POST]
rankIdx:9, threadIdx:5, [Wait]:[remoteRank=11, notifyId=73793, link=link prototyp=LinkProtoStub::SDMA, notifyType=NotifyTypeStub::READY, originated tag=WAIT]
rankIdx:9, threadIdx:5, [Write]:[remoteRank=11, link=link prototyp=LinkProtoStub::SDMA, localSlice=DataSlice[BufferType::INPUT, offset=0x834, size=0x12C], remoteSlice=DataSlice[BufferType::CCL, offset=0x384, size=0x12C]]
rankIdx:9, threadIdx:5, [Write]:[remoteRank=11, link=link prototyp=LinkProtoStub::SDMA, localSlice=DataSlice[BufferType::INPUT, offset=0x1194, size=0x12C], remoteSlice=DataSlice[BufferType::CCL, offset=0xCE4, size=0x12C]]
rankIdx:9, threadIdx:5, [Write]:[remoteRank=11, link=link prototyp=LinkProtoStub::SDMA, localSlice=DataSlice[BufferType::INPUT, offset=0x1AF4, size=0x12C], remoteSlice=DataSlice[BufferType::CCL, offset=0x1644, size=0x12C]]
rankIdx:9, threadIdx:5, [Write]:[remoteRank=11, link=link prototyp=LinkProtoStub::SDMA, localSlice=DataSlice[BufferType::INPUT, offset=0x2454, size=0x12C], remoteSlice=DataSlice[BufferType::CCL, offset=0x1FA4, size=0x12C]]
rankIdx:9, threadIdx:5, [Post]:[remoteRank=11, notifyId=90175, link=link prototyp=LinkProtoStub::SDMA, notifyType=NotifyTypeStub::READY, originated tag=POST]
rankIdx:9, threadIdx:5, [Wait]:[remoteRank=11, notifyId=73794, link=link prototyp=LinkProtoStub::SDMA, notifyType=NotifyTypeStub::READY, originated tag=WAIT]
rankIdx:9, threadIdx:5, [LocalPostTo]:[topicId=73732]
threadIdx : 6, taskNum : 10 
-------------------------------------------------------
rankIdx:9, threadIdx:6, [LocalWaitFrom]:[topicId=73764]
rankIdx:9, threadIdx:6, [Post]:[remoteRank=8, notifyId=65586, link=link prototyp=LinkProtoStub::SDMA, notifyType=NotifyTypeStub::READY, originated tag=POST]
rankIdx:9, threadIdx:6, [Wait]:[remoteRank=8, notifyId=73778, link=link prototyp=LinkProtoStub::SDMA, notifyType=NotifyTypeStub::READY, originated tag=WAIT]
rankIdx:9, threadIdx:6, [Write]:[remoteRank=8, link=link prototyp=LinkProtoStub::SDMA, localSlice=DataSlice[BufferType::INPUT, offset=0x0, size=0x12C], remoteSlice=DataSlice[BufferType::CCL, offset=0x258, size=0x12C]]
rankIdx:9, threadIdx:6, [Write]:[remoteRank=8, link=link prototyp=LinkProtoStub::SDMA, localSlice=DataSlice[BufferType::INPUT, offset=0x960, size=0x12C], remoteSlice=DataSlice[BufferType::CCL, offset=0xBB8, size=0x12C]]
rankIdx:9, threadIdx:6, [Write]:[remoteRank=8, link=link prototyp=LinkProtoStub::SDMA, localSlice=DataSlice[BufferType::INPUT, offset=0x12C0, size=0x12C], remoteSlice=DataSlice[BufferType::CCL, offset=0x1518, size=0x12C]]
rankIdx:9, threadIdx:6, [Write]:[remoteRank=8, link=link prototyp=LinkProtoStub::SDMA, localSlice=DataSlice[BufferType::INPUT, offset=0x1C20, size=0x12C], remoteSlice=DataSlice[BufferType::CCL, offset=0x1E78, size=0x12C]]
rankIdx:9, threadIdx:6, [Post]:[remoteRank=8, notifyId=65587, link=link prototyp=LinkProtoStub::SDMA, notifyType=NotifyTypeStub::READY, originated tag=POST]
rankIdx:9, threadIdx:6, [Wait]:[remoteRank=8, notifyId=73779, link=link prototyp=LinkProtoStub::SDMA, notifyType=NotifyTypeStub::READY, originated tag=WAIT]
rankIdx:9, threadIdx:6, [LocalPostTo]:[topicId=73733]
threadIdx : 7, taskNum : 10 
-------------------------------------------------------
rankIdx:9, threadIdx:7, [LocalWaitFrom]:[topicId=73771]
rankIdx:9, threadIdx:7, [Post]:[remoteRank=8, notifyId=65595, link=link prototyp=LinkProtoStub::SDMA, notifyType=NotifyTypeStub::READY, originated tag=POST]
rankIdx:9, threadIdx:7, [Wait]:[remoteRank=8, notifyId=73787, link=link prototyp=LinkProtoStub::SDMA, notifyType=NotifyTypeStub::READY, originated tag=WAIT]
rankIdx:9, threadIdx:7, [Write]:[remoteRank=8, link=link prototyp=LinkProtoStub::SDMA, localSlice=DataSlice[BufferType::INPUT, offset=0x12C, size=0x12C], remoteSlice=DataSlice[BufferType::CCL, offset=0x384, size=0x12C]]
rankIdx:9, threadIdx:7, [Write]:[remoteRank=8, link=link prototyp=LinkProtoStub::SDMA, localSlice=DataSlice[BufferType::INPUT, offset=0xA8C, size=0x12C], remoteSlice=DataSlice[BufferType::CCL, offset=0xCE4, size=0x12C]]
rankIdx:9, threadIdx:7, [Write]:[remoteRank=8, link=link prototyp=LinkProtoStub::SDMA, localSlice=DataSlice[BufferType::INPUT, offset=0x13EC, size=0x12C], remoteSlice=DataSlice[BufferType::CCL, offset=0x1644, size=0x12C]]
rankIdx:9, threadIdx:7, [Write]:[remoteRank=8, link=link prototyp=LinkProtoStub::SDMA, localSlice=DataSlice[BufferType::INPUT, offset=0x1D4C, size=0x12C], remoteSlice=DataSlice[BufferType::CCL, offset=0x1FA4, size=0x12C]]
rankIdx:9, threadIdx:7, [Post]:[remoteRank=8, notifyId=65596, link=link prototyp=LinkProtoStub::SDMA, notifyType=NotifyTypeStub::READY, originated tag=POST]
rankIdx:9, threadIdx:7, [Wait]:[remoteRank=8, notifyId=73788, link=link prototyp=LinkProtoStub::SDMA, notifyType=NotifyTypeStub::READY, originated tag=WAIT]
rankIdx:9, threadIdx:7, [LocalPostTo]:[topicId=73734]
=======================================================
rankId is : 10 
threadIdx : 0, taskNum : 2 
-------------------------------------------------------
rankIdx:10, threadIdx:0, [LocalPostTo]:[topicId=81927]
rankIdx:10, threadIdx:0, [LocalWaitFrom]:[topicId=81920]
threadIdx : 1, taskNum : 42 
-------------------------------------------------------
rankIdx:10, threadIdx:1, [LocalWaitFrom]:[topicId=81927]
rankIdx:10, threadIdx:1, [LocalPostTo]:[topicId=81928]
rankIdx:10, threadIdx:1, [LocalPostTo]:[topicId=81935]
rankIdx:10, threadIdx:1, [LocalPostTo]:[topicId=81942]
rankIdx:10, threadIdx:1, [LocalPostTo]:[topicId=81949]
rankIdx:10, threadIdx:1, [LocalPostTo]:[topicId=81956]
rankIdx:10, threadIdx:1, [LocalPostTo]:[topicId=81963]
rankIdx:10, threadIdx:1, [LocalWaitFrom]:[topicId=81921]
rankIdx:10, threadIdx:1, [LocalWaitFrom]:[topicId=81922]
rankIdx:10, threadIdx:1, [LocalWaitFrom]:[topicId=81923]
rankIdx:10, threadIdx:1, [LocalWaitFrom]:[topicId=81924]
rankIdx:10, threadIdx:1, [LocalWaitFrom]:[topicId=81925]
rankIdx:10, threadIdx:1, [LocalWaitFrom]:[topicId=81926]
rankIdx:10, threadIdx:1, [LocalCopy]:[srcSlice=DataSlice[BufferType::INPUT, offset=0x4B0, size=0x258], dstSlice=DataSlice[BufferType::CCL, offset=0x4B0, size=0x258]]
rankIdx:10, threadIdx:1, [LocalReduce]:[dataType=11, reduceOp=2, srcSlice=DataSlice[BufferType::CCL, offset=0x0, size=0x258], dstSlice=DataSlice[BufferType::CCL, offset=0x4B0, size=0x258]]
rankIdx:10, threadIdx:1, [LocalReduce]:[dataType=11, reduceOp=2, srcSlice=DataSlice[BufferType::CCL, offset=0x258, size=0x258], dstSlice=DataSlice[BufferType::CCL, offset=0x4B0, size=0x258]]
rankIdx:10, threadIdx:1, [LocalReduce]:[dataType=11, reduceOp=2, srcSlice=DataSlice[BufferType::CCL, offset=0x708, size=0x258], dstSlice=DataSlice[BufferType::CCL, offset=0x4B0, size=0x258]]
rankIdx:10, threadIdx:1, [LocalCopy]:[srcSlice=DataSlice[BufferType::INPUT, offset=0xE10, size=0x258], dstSlice=DataSlice[BufferType::CCL, offset=0xE10, size=0x258]]
rankIdx:10, threadIdx:1, [LocalReduce]:[dataType=11, reduceOp=2, srcSlice=DataSlice[BufferType::CCL, offset=0x960, size=0x258], dstSlice=DataSlice[BufferType::CCL, offset=0xE10, size=0x258]]
rankIdx:10, threadIdx:1, [LocalReduce]:[dataType=11, reduceOp=2, srcSlice=DataSlice[BufferType::CCL, offset=0xBB8, size=0x258], dstSlice=DataSlice[BufferType::CCL, offset=0xE10, size=0x258]]
rankIdx:10, threadIdx:1, [LocalReduce]:[dataType=11, reduceOp=2, srcSlice=DataSlice[BufferType::CCL, offset=0x1068, size=0x258], dstSlice=DataSlice[BufferType::CCL, offset=0xE10, size=0x258]]
rankIdx:10, threadIdx:1, [LocalCopy]:[srcSlice=DataSlice[BufferType::INPUT, offset=0x1770, size=0x258], dstSlice=DataSlice[BufferType::CCL, offset=0x1770, size=0x258]]
rankIdx:10, threadIdx:1, [LocalReduce]:[dataType=11, reduceOp=2, srcSlice=DataSlice[BufferType::CCL, offset=0x12C0, size=0x258], dstSlice=DataSlice[BufferType::CCL, offset=0x1770, size=0x258]]
rankIdx:10, threadIdx:1, [LocalReduce]:[dataType=11, reduceOp=2, srcSlice=DataSlice[BufferType::CCL, offset=0x1518, size=0x258], dstSlice=DataSlice[BufferType::CCL, offset=0x1770, size=0x258]]
rankIdx:10, threadIdx:1, [LocalReduce]:[dataType=11, reduceOp=2, srcSlice=DataSlice[BufferType::CCL, offset=0x19C8, size=0x258], dstSlice=DataSlice[BufferType::CCL, offset=0x1770, size=0x258]]
rankIdx:10, threadIdx:1, [LocalCopy]:[srcSlice=DataSlice[BufferType::INPUT, offset=0x20D0, size=0x258], dstSlice=DataSlice[BufferType::CCL, offset=0x20D0, size=0x258]]
rankIdx:10, threadIdx:1, [LocalReduce]:[dataType=11, reduceOp=2, srcSlice=DataSlice[BufferType::CCL, offset=0x1C20, size=0x258], dstSlice=DataSlice[BufferType::CCL, offset=0x20D0, size=0x258]]
rankIdx:10, threadIdx:1, [LocalReduce]:[dataType=11, reduceOp=2, srcSlice=DataSlice[BufferType::CCL, offset=0x1E78, size=0x258], dstSlice=DataSlice[BufferType::CCL, offset=0x20D0, size=0x258]]
rankIdx:10, threadIdx:1, [LocalReduce]:[dataType=11, reduceOp=2, srcSlice=DataSlice[BufferType::CCL, offset=0x2328, size=0x258], dstSlice=DataSlice[BufferType::CCL, offset=0x20D0, size=0x258]]
rankIdx:10, threadIdx:1, [Post]:[remoteRank=14, notifyId=114756, link=link prototyp=LinkProtoStub::SDMA, notifyType=NotifyTypeStub::READY, originated tag=POST]
rankIdx:10, threadIdx:1, [Wait]:[remoteRank=14, notifyId=81988, link=link prototyp=LinkProtoStub::SDMA, notifyType=NotifyTypeStub::READY, originated tag=WAIT]
rankIdx:10, threadIdx:1, [WriteReduce]:[remoteRank=14, link=link prototyp=LinkProtoStub::SDMA, dataType=11, reduceOp=2, localSlice=DataSlice[BufferType::CCL, offset=0xE10, size=0x258], remoteSlice=DataSlice[BufferType::CCL, offset=0xE10, size=0x258]]
rankIdx:10, threadIdx:1, [WriteReduce]:[remoteRank=14, link=link prototyp=LinkProtoStub::SDMA, dataType=11, reduceOp=2, localSlice=DataSlice[BufferType::CCL, offset=0x20D0, size=0x258], remoteSlice=DataSlice[BufferType::CCL, offset=0x20D0, size=0x258]]
rankIdx:10, threadIdx:1, [Post]:[remoteRank=14, notifyId=114757, link=link prototyp=LinkProtoStub::SDMA, notifyType=NotifyTypeStub::READY, originated tag=POST]
rankIdx:10, threadIdx:1, [Wait]:[remoteRank=14, notifyId=81989, link=link prototyp=LinkProtoStub::SDMA, notifyType=NotifyTypeStub::READY, originated tag=WAIT]
rankIdx:10, threadIdx:1, [Post]:[remoteRank=2, notifyId=16455, link=link prototyp=LinkProtoStub::SDMA, notifyType=NotifyTypeStub::READY, originated tag=POST]
rankIdx:10, threadIdx:1, [Wait]:[remoteRank=2, notifyId=81991, link=link prototyp=LinkProtoStub::SDMA, notifyType=NotifyTypeStub::READY, originated tag=WAIT]
rankIdx:10, threadIdx:1, [WriteReduce]:[remoteRank=2, link=link prototyp=LinkProtoStub::SDMA, dataType=11, reduceOp=2, localSlice=DataSlice[BufferType::CCL, offset=0x4B0, size=0x258], remoteSlice=DataSlice[BufferType::CCL, offset=0x4B0, size=0x258]]
rankIdx:10, threadIdx:1, [Post]:[remoteRank=2, notifyId=16456, link=link prototyp=LinkProtoStub::SDMA, notifyType=NotifyTypeStub::READY, originated tag=POST]
rankIdx:10, threadIdx:1, [Wait]:[remoteRank=2, notifyId=81992, link=link prototyp=LinkProtoStub::SDMA, notifyType=NotifyTypeStub::READY, originated tag=WAIT]
rankIdx:10, threadIdx:1, [LocalCopy]:[srcSlice=DataSlice[BufferType::CCL, offset=0x1770, size=0x258], dstSlice=DataSlice[BufferType::OUTPUT, offset=0x0, size=0x258]]
rankIdx:10, threadIdx:1, [LocalPostTo]:[topicId=81920]
threadIdx : 2, taskNum : 10 
-------------------------------------------------------
rankIdx:10, threadIdx:2, [LocalWaitFrom]:[topicId=81928]
rankIdx:10, threadIdx:2, [Post]:[remoteRank=11, notifyId=90168, link=link prototyp=LinkProtoStub::SDMA, notifyType=NotifyTypeStub::READY, originated tag=POST]
rankIdx:10, threadIdx:2, [Wait]:[remoteRank=11, notifyId=81976, link=link prototyp=LinkProtoStub::SDMA, notifyType=NotifyTypeStub::READY, originated tag=WAIT]
rankIdx:10, threadIdx:2, [Write]:[remoteRank=11, link=link prototyp=LinkProtoStub::SDMA, localSlice=DataSlice[BufferType::INPUT, offset=0x708, size=0x12C], remoteSlice=DataSlice[BufferType::CCL, offset=0x4B0, size=0x12C]]
rankIdx:10, threadIdx:2, [Write]:[remoteRank=11, link=link prototyp=LinkProtoStub::SDMA, localSlice=DataSlice[BufferType::INPUT, offset=0x1068, size=0x12C], remoteSlice=DataSlice[BufferType::CCL, offset=0xE10, size=0x12C]]
rankIdx:10, threadIdx:2, [Write]:[remoteRank=11, link=link prototyp=LinkProtoStub::SDMA, localSlice=DataSlice[BufferType::INPUT, offset=0x19C8, size=0x12C], remoteSlice=DataSlice[BufferType::CCL, offset=0x1770, size=0x12C]]
rankIdx:10, threadIdx:2, [Write]:[remoteRank=11, link=link prototyp=LinkProtoStub::SDMA, localSlice=DataSlice[BufferType::INPUT, offset=0x2328, size=0x12C], remoteSlice=DataSlice[BufferType::CCL, offset=0x20D0, size=0x12C]]
rankIdx:10, threadIdx:2, [Post]:[remoteRank=11, notifyId=90169, link=link prototyp=LinkProtoStub::SDMA, notifyType=NotifyTypeStub::READY, originated tag=POST]
rankIdx:10, threadIdx:2, [Wait]:[remoteRank=11, notifyId=81977, link=link prototyp=LinkProtoStub::SDMA, notifyType=NotifyTypeStub::READY, originated tag=WAIT]
rankIdx:10, threadIdx:2, [LocalPostTo]:[topicId=81921]
threadIdx : 3, taskNum : 10 
-------------------------------------------------------
rankIdx:10, threadIdx:3, [LocalWaitFrom]:[topicId=81935]
rankIdx:10, threadIdx:3, [Post]:[remoteRank=11, notifyId=90177, link=link prototyp=LinkProtoStub::SDMA, notifyType=NotifyTypeStub::READY, originated tag=POST]
rankIdx:10, threadIdx:3, [Wait]:[remoteRank=11, notifyId=81985, link=link prototyp=LinkProtoStub::SDMA, notifyType=NotifyTypeStub::READY, originated tag=WAIT]
rankIdx:10, threadIdx:3, [Write]:[remoteRank=11, link=link prototyp=LinkProtoStub::SDMA, localSlice=DataSlice[BufferType::INPUT, offset=0x834, size=0x12C], remoteSlice=DataSlice[BufferType::CCL, offset=0x5DC, size=0x12C]]
rankIdx:10, threadIdx:3, [Write]:[remoteRank=11, link=link prototyp=LinkProtoStub::SDMA, localSlice=DataSlice[BufferType::INPUT, offset=0x1194, size=0x12C], remoteSlice=DataSlice[BufferType::CCL, offset=0xF3C, size=0x12C]]
rankIdx:10, threadIdx:3, [Write]:[remoteRank=11, link=link prototyp=LinkProtoStub::SDMA, localSlice=DataSlice[BufferType::INPUT, offset=0x1AF4, size=0x12C], remoteSlice=DataSlice[BufferType::CCL, offset=0x189C, size=0x12C]]
rankIdx:10, threadIdx:3, [Write]:[remoteRank=11, link=link prototyp=LinkProtoStub::SDMA, localSlice=DataSlice[BufferType::INPUT, offset=0x2454, size=0x12C], remoteSlice=DataSlice[BufferType::CCL, offset=0x21FC, size=0x12C]]
rankIdx:10, threadIdx:3, [Post]:[remoteRank=11, notifyId=90178, link=link prototyp=LinkProtoStub::SDMA, notifyType=NotifyTypeStub::READY, originated tag=POST]
rankIdx:10, threadIdx:3, [Wait]:[remoteRank=11, notifyId=81986, link=link prototyp=LinkProtoStub::SDMA, notifyType=NotifyTypeStub::READY, originated tag=WAIT]
rankIdx:10, threadIdx:3, [LocalPostTo]:[topicId=81922]
threadIdx : 4, taskNum : 10 
-------------------------------------------------------
rankIdx:10, threadIdx:4, [LocalWaitFrom]:[topicId=81942]
rankIdx:10, threadIdx:4, [Post]:[remoteRank=8, notifyId=65589, link=link prototyp=LinkProtoStub::SDMA, notifyType=NotifyTypeStub::READY, originated tag=POST]
rankIdx:10, threadIdx:4, [Wait]:[remoteRank=8, notifyId=81970, link=link prototyp=LinkProtoStub::SDMA, notifyType=NotifyTypeStub::READY, originated tag=WAIT]
rankIdx:10, threadIdx:4, [Write]:[remoteRank=8, link=link prototyp=LinkProtoStub::SDMA, localSlice=DataSlice[BufferType::INPUT, offset=0x0, size=0x12C], remoteSlice=DataSlice[BufferType::CCL, offset=0x4B0, size=0x12C]]
rankIdx:10, threadIdx:4, [Write]:[remoteRank=8, link=link prototyp=LinkProtoStub::SDMA, localSlice=DataSlice[BufferType::INPUT, offset=0x960, size=0x12C], remoteSlice=DataSlice[BufferType::CCL, offset=0xE10, size=0x12C]]
rankIdx:10, threadIdx:4, [Write]:[remoteRank=8, link=link prototyp=LinkProtoStub::SDMA, localSlice=DataSlice[BufferType::INPUT, offset=0x12C0, size=0x12C], remoteSlice=DataSlice[BufferType::CCL, offset=0x1770, size=0x12C]]
rankIdx:10, threadIdx:4, [Write]:[remoteRank=8, link=link prototyp=LinkProtoStub::SDMA, localSlice=DataSlice[BufferType::INPUT, offset=0x1C20, size=0x12C], remoteSlice=DataSlice[BufferType::CCL, offset=0x20D0, size=0x12C]]
rankIdx:10, threadIdx:4, [Post]:[remoteRank=8, notifyId=65590, link=link prototyp=LinkProtoStub::SDMA, notifyType=NotifyTypeStub::READY, originated tag=POST]
rankIdx:10, threadIdx:4, [Wait]:[remoteRank=8, notifyId=81971, link=link prototyp=LinkProtoStub::SDMA, notifyType=NotifyTypeStub::READY, originated tag=WAIT]
rankIdx:10, threadIdx:4, [LocalPostTo]:[topicId=81923]
threadIdx : 5, taskNum : 10 
-------------------------------------------------------
rankIdx:10, threadIdx:5, [LocalWaitFrom]:[topicId=81949]
rankIdx:10, threadIdx:5, [Post]:[remoteRank=8, notifyId=65598, link=link prototyp=LinkProtoStub::SDMA, notifyType=NotifyTypeStub::READY, originated tag=POST]
rankIdx:10, threadIdx:5, [Wait]:[remoteRank=8, notifyId=81979, link=link prototyp=LinkProtoStub::SDMA, notifyType=NotifyTypeStub::READY, originated tag=WAIT]
rankIdx:10, threadIdx:5, [Write]:[remoteRank=8, link=link prototyp=LinkProtoStub::SDMA, localSlice=DataSlice[BufferType::INPUT, offset=0x12C, size=0x12C], remoteSlice=DataSlice[BufferType::CCL, offset=0x5DC, size=0x12C]]
rankIdx:10, threadIdx:5, [Write]:[remoteRank=8, link=link prototyp=LinkProtoStub::SDMA, localSlice=DataSlice[BufferType::INPUT, offset=0xA8C, size=0x12C], remoteSlice=DataSlice[BufferType::CCL, offset=0xF3C, size=0x12C]]
rankIdx:10, threadIdx:5, [Write]:[remoteRank=8, link=link prototyp=LinkProtoStub::SDMA, localSlice=DataSlice[BufferType::INPUT, offset=0x13EC, size=0x12C], remoteSlice=DataSlice[BufferType::CCL, offset=0x189C, size=0x12C]]
rankIdx:10, threadIdx:5, [Write]:[remoteRank=8, link=link prototyp=LinkProtoStub::SDMA, localSlice=DataSlice[BufferType::INPUT, offset=0x1D4C, size=0x12C], remoteSlice=DataSlice[BufferType::CCL, offset=0x21FC, size=0x12C]]
rankIdx:10, threadIdx:5, [Post]:[remoteRank=8, notifyId=65599, link=link prototyp=LinkProtoStub::SDMA, notifyType=NotifyTypeStub::READY, originated tag=POST]
rankIdx:10, threadIdx:5, [Wait]:[remoteRank=8, notifyId=81980, link=link prototyp=LinkProtoStub::SDMA, notifyType=NotifyTypeStub::READY, originated tag=WAIT]
rankIdx:10, threadIdx:5, [LocalPostTo]:[topicId=81924]
threadIdx : 6, taskNum : 10 
-------------------------------------------------------
rankIdx:10, threadIdx:6, [LocalWaitFrom]:[topicId=81956]
rankIdx:10, threadIdx:6, [Post]:[remoteRank=9, notifyId=73781, link=link prototyp=LinkProtoStub::SDMA, notifyType=NotifyTypeStub::READY, originated tag=POST]
rankIdx:10, threadIdx:6, [Wait]:[remoteRank=9, notifyId=81973, link=link prototyp=LinkProtoStub::SDMA, notifyType=NotifyTypeStub::READY, originated tag=WAIT]
rankIdx:10, threadIdx:6, [Write]:[remoteRank=9, link=link prototyp=LinkProtoStub::SDMA, localSlice=DataSlice[BufferType::INPUT, offset=0x258, size=0x12C], remoteSlice=DataSlice[BufferType::CCL, offset=0x4B0, size=0x12C]]
rankIdx:10, threadIdx:6, [Write]:[remoteRank=9, link=link prototyp=LinkProtoStub::SDMA, localSlice=DataSlice[BufferType::INPUT, offset=0xBB8, size=0x12C], remoteSlice=DataSlice[BufferType::CCL, offset=0xE10, size=0x12C]]
rankIdx:10, threadIdx:6, [Write]:[remoteRank=9, link=link prototyp=LinkProtoStub::SDMA, localSlice=DataSlice[BufferType::INPUT, offset=0x1518, size=0x12C], remoteSlice=DataSlice[BufferType::CCL, offset=0x1770, size=0x12C]]
rankIdx:10, threadIdx:6, [Write]:[remoteRank=9, link=link prototyp=LinkProtoStub::SDMA, localSlice=DataSlice[BufferType::INPUT, offset=0x1E78, size=0x12C], remoteSlice=DataSlice[BufferType::CCL, offset=0x20D0, size=0x12C]]
rankIdx:10, threadIdx:6, [Post]:[remoteRank=9, notifyId=73782, link=link prototyp=LinkProtoStub::SDMA, notifyType=NotifyTypeStub::READY, originated tag=POST]
rankIdx:10, threadIdx:6, [Wait]:[remoteRank=9, notifyId=81974, link=link prototyp=LinkProtoStub::SDMA, notifyType=NotifyTypeStub::READY, originated tag=WAIT]
rankIdx:10, threadIdx:6, [LocalPostTo]:[topicId=81925]
threadIdx : 7, taskNum : 10 
-------------------------------------------------------
rankIdx:10, threadIdx:7, [LocalWaitFrom]:[topicId=81963]
rankIdx:10, threadIdx:7, [Post]:[remoteRank=9, notifyId=73790, link=link prototyp=LinkProtoStub::SDMA, notifyType=NotifyTypeStub::READY, originated tag=POST]
rankIdx:10, threadIdx:7, [Wait]:[remoteRank=9, notifyId=81982, link=link prototyp=LinkProtoStub::SDMA, notifyType=NotifyTypeStub::READY, originated tag=WAIT]
rankIdx:10, threadIdx:7, [Write]:[remoteRank=9, link=link prototyp=LinkProtoStub::SDMA, localSlice=DataSlice[BufferType::INPUT, offset=0x384, size=0x12C], remoteSlice=DataSlice[BufferType::CCL, offset=0x5DC, size=0x12C]]
rankIdx:10, threadIdx:7, [Write]:[remoteRank=9, link=link prototyp=LinkProtoStub::SDMA, localSlice=DataSlice[BufferType::INPUT, offset=0xCE4, size=0x12C], remoteSlice=DataSlice[BufferType::CCL, offset=0xF3C, size=0x12C]]
rankIdx:10, threadIdx:7, [Write]:[remoteRank=9, link=link prototyp=LinkProtoStub::SDMA, localSlice=DataSlice[BufferType::INPUT, offset=0x1644, size=0x12C], remoteSlice=DataSlice[BufferType::CCL, offset=0x189C, size=0x12C]]
rankIdx:10, threadIdx:7, [Write]:[remoteRank=9, link=link prototyp=LinkProtoStub::SDMA, localSlice=DataSlice[BufferType::INPUT, offset=0x1FA4, size=0x12C], remoteSlice=DataSlice[BufferType::CCL, offset=0x21FC, size=0x12C]]
rankIdx:10, threadIdx:7, [Post]:[remoteRank=9, notifyId=73791, link=link prototyp=LinkProtoStub::SDMA, notifyType=NotifyTypeStub::READY, originated tag=POST]
rankIdx:10, threadIdx:7, [Wait]:[remoteRank=9, notifyId=81983, link=link prototyp=LinkProtoStub::SDMA, notifyType=NotifyTypeStub::READY, originated tag=WAIT]
rankIdx:10, threadIdx:7, [LocalPostTo]:[topicId=81926]
=======================================================
rankId is : 11 
threadIdx : 0, taskNum : 2 
-------------------------------------------------------
rankIdx:11, threadIdx:0, [LocalPostTo]:[topicId=90119]
rankIdx:11, threadIdx:0, [LocalWaitFrom]:[topicId=90112]
threadIdx : 1, taskNum : 42 
-------------------------------------------------------
rankIdx:11, threadIdx:1, [LocalWaitFrom]:[topicId=90119]
rankIdx:11, threadIdx:1, [LocalPostTo]:[topicId=90120]
rankIdx:11, threadIdx:1, [LocalPostTo]:[topicId=90127]
rankIdx:11, threadIdx:1, [LocalPostTo]:[topicId=90134]
rankIdx:11, threadIdx:1, [LocalPostTo]:[topicId=90141]
rankIdx:11, threadIdx:1, [LocalPostTo]:[topicId=90148]
rankIdx:11, threadIdx:1, [LocalPostTo]:[topicId=90155]
rankIdx:11, threadIdx:1, [LocalWaitFrom]:[topicId=90113]
rankIdx:11, threadIdx:1, [LocalWaitFrom]:[topicId=90114]
rankIdx:11, threadIdx:1, [LocalWaitFrom]:[topicId=90115]
rankIdx:11, threadIdx:1, [LocalWaitFrom]:[topicId=90116]
rankIdx:11, threadIdx:1, [LocalWaitFrom]:[topicId=90117]
rankIdx:11, threadIdx:1, [LocalWaitFrom]:[topicId=90118]
rankIdx:11, threadIdx:1, [LocalCopy]:[srcSlice=DataSlice[BufferType::INPUT, offset=0x708, size=0x258], dstSlice=DataSlice[BufferType::CCL, offset=0x708, size=0x258]]
rankIdx:11, threadIdx:1, [LocalReduce]:[dataType=11, reduceOp=2, srcSlice=DataSlice[BufferType::CCL, offset=0x0, size=0x258], dstSlice=DataSlice[BufferType::CCL, offset=0x708, size=0x258]]
rankIdx:11, threadIdx:1, [LocalReduce]:[dataType=11, reduceOp=2, srcSlice=DataSlice[BufferType::CCL, offset=0x258, size=0x258], dstSlice=DataSlice[BufferType::CCL, offset=0x708, size=0x258]]
rankIdx:11, threadIdx:1, [LocalReduce]:[dataType=11, reduceOp=2, srcSlice=DataSlice[BufferType::CCL, offset=0x4B0, size=0x258], dstSlice=DataSlice[BufferType::CCL, offset=0x708, size=0x258]]
rankIdx:11, threadIdx:1, [LocalCopy]:[srcSlice=DataSlice[BufferType::INPUT, offset=0x1068, size=0x258], dstSlice=DataSlice[BufferType::CCL, offset=0x1068, size=0x258]]
rankIdx:11, threadIdx:1, [LocalReduce]:[dataType=11, reduceOp=2, srcSlice=DataSlice[BufferType::CCL, offset=0x960, size=0x258], dstSlice=DataSlice[BufferType::CCL, offset=0x1068, size=0x258]]
rankIdx:11, threadIdx:1, [LocalReduce]:[dataType=11, reduceOp=2, srcSlice=DataSlice[BufferType::CCL, offset=0xBB8, size=0x258], dstSlice=DataSlice[BufferType::CCL, offset=0x1068, size=0x258]]
rankIdx:11, threadIdx:1, [LocalReduce]:[dataType=11, reduceOp=2, srcSlice=DataSlice[BufferType::CCL, offset=0xE10, size=0x258], dstSlice=DataSlice[BufferType::CCL, offset=0x1068, size=0x258]]
rankIdx:11, threadIdx:1, [LocalCopy]:[srcSlice=DataSlice[BufferType::INPUT, offset=0x19C8, size=0x258], dstSlice=DataSlice[BufferType::CCL, offset=0x19C8, size=0x258]]
rankIdx:11, threadIdx:1, [LocalReduce]:[dataType=11, reduceOp=2, srcSlice=DataSlice[BufferType::CCL, offset=0x12C0, size=0x258], dstSlice=DataSlice[BufferType::CCL, offset=0x19C8, size=0x258]]
rankIdx:11, threadIdx:1, [LocalReduce]:[dataType=11, reduceOp=2, srcSlice=DataSlice[BufferType::CCL, offset=0x1518, size=0x258], dstSlice=DataSlice[BufferType::CCL, offset=0x19C8, size=0x258]]
rankIdx:11, threadIdx:1, [LocalReduce]:[dataType=11, reduceOp=2, srcSlice=DataSlice[BufferType::CCL, offset=0x1770, size=0x258], dstSlice=DataSlice[BufferType::CCL, offset=0x19C8, size=0x258]]
rankIdx:11, threadIdx:1, [LocalCopy]:[srcSlice=DataSlice[BufferType::INPUT, offset=0x2328, size=0x258], dstSlice=DataSlice[BufferType::CCL, offset=0x2328, size=0x258]]
rankIdx:11, threadIdx:1, [LocalReduce]:[dataType=11, reduceOp=2, srcSlice=DataSlice[BufferType::CCL, offset=0x1C20, size=0x258], dstSlice=DataSlice[BufferType::CCL, offset=0x2328, size=0x258]]
rankIdx:11, threadIdx:1, [LocalReduce]:[dataType=11, reduceOp=2, srcSlice=DataSlice[BufferType::CCL, offset=0x1E78, size=0x258], dstSlice=DataSlice[BufferType::CCL, offset=0x2328, size=0x258]]
rankIdx:11, threadIdx:1, [LocalReduce]:[dataType=11, reduceOp=2, srcSlice=DataSlice[BufferType::CCL, offset=0x20D0, size=0x258], dstSlice=DataSlice[BufferType::CCL, offset=0x2328, size=0x258]]
rankIdx:11, threadIdx:1, [Post]:[remoteRank=15, notifyId=122948, link=link prototyp=LinkProtoStub::SDMA, notifyType=NotifyTypeStub::READY, originated tag=POST]
rankIdx:11, threadIdx:1, [Wait]:[remoteRank=15, notifyId=90180, link=link prototyp=LinkProtoStub::SDMA, notifyType=NotifyTypeStub::READY, originated tag=WAIT]
rankIdx:11, threadIdx:1, [WriteReduce]:[remoteRank=15, link=link prototyp=LinkProtoStub::SDMA, dataType=11, reduceOp=2, localSlice=DataSlice[BufferType::CCL, offset=0x1068, size=0x258], remoteSlice=DataSlice[BufferType::CCL, offset=0x1068, size=0x258]]
rankIdx:11, threadIdx:1, [WriteReduce]:[remoteRank=15, link=link prototyp=LinkProtoStub::SDMA, dataType=11, reduceOp=2, localSlice=DataSlice[BufferType::CCL, offset=0x2328, size=0x258], remoteSlice=DataSlice[BufferType::CCL, offset=0x2328, size=0x258]]
rankIdx:11, threadIdx:1, [Post]:[remoteRank=15, notifyId=122949, link=link prototyp=LinkProtoStub::SDMA, notifyType=NotifyTypeStub::READY, originated tag=POST]
rankIdx:11, threadIdx:1, [Wait]:[remoteRank=15, notifyId=90181, link=link prototyp=LinkProtoStub::SDMA, notifyType=NotifyTypeStub::READY, originated tag=WAIT]
rankIdx:11, threadIdx:1, [Post]:[remoteRank=3, notifyId=24647, link=link prototyp=LinkProtoStub::SDMA, notifyType=NotifyTypeStub::READY, originated tag=POST]
rankIdx:11, threadIdx:1, [Wait]:[remoteRank=3, notifyId=90183, link=link prototyp=LinkProtoStub::SDMA, notifyType=NotifyTypeStub::READY, originated tag=WAIT]
rankIdx:11, threadIdx:1, [WriteReduce]:[remoteRank=3, link=link prototyp=LinkProtoStub::SDMA, dataType=11, reduceOp=2, localSlice=DataSlice[BufferType::CCL, offset=0x708, size=0x258], remoteSlice=DataSlice[BufferType::CCL, offset=0x708, size=0x258]]
rankIdx:11, threadIdx:1, [Post]:[remoteRank=3, notifyId=24648, link=link prototyp=LinkProtoStub::SDMA, notifyType=NotifyTypeStub::READY, originated tag=POST]
rankIdx:11, threadIdx:1, [Wait]:[remoteRank=3, notifyId=90184, link=link prototyp=LinkProtoStub::SDMA, notifyType=NotifyTypeStub::READY, originated tag=WAIT]
rankIdx:11, threadIdx:1, [LocalCopy]:[srcSlice=DataSlice[BufferType::CCL, offset=0x19C8, size=0x258], dstSlice=DataSlice[BufferType::OUTPUT, offset=0x0, size=0x258]]
rankIdx:11, threadIdx:1, [LocalPostTo]:[topicId=90112]
threadIdx : 2, taskNum : 10 
-------------------------------------------------------
rankIdx:11, threadIdx:2, [LocalWaitFrom]:[topicId=90120]
rankIdx:11, threadIdx:2, [Post]:[remoteRank=8, notifyId=65592, link=link prototyp=LinkProtoStub::SDMA, notifyType=NotifyTypeStub::READY, originated tag=POST]
rankIdx:11, threadIdx:2, [Wait]:[remoteRank=8, notifyId=90162, link=link prototyp=LinkProtoStub::SDMA, notifyType=NotifyTypeStub::READY, originated tag=WAIT]
rankIdx:11, threadIdx:2, [Write]:[remoteRank=8, link=link prototyp=LinkProtoStub::SDMA, localSlice=DataSlice[BufferType::INPUT, offset=0x0, size=0x12C], remoteSlice=DataSlice[BufferType::CCL, offset=0x708, size=0x12C]]
rankIdx:11, threadIdx:2, [Write]:[remoteRank=8, link=link prototyp=LinkProtoStub::SDMA, localSlice=DataSlice[BufferType::INPUT, offset=0x960, size=0x12C], remoteSlice=DataSlice[BufferType::CCL, offset=0x1068, size=0x12C]]
rankIdx:11, threadIdx:2, [Write]:[remoteRank=8, link=link prototyp=LinkProtoStub::SDMA, localSlice=DataSlice[BufferType::INPUT, offset=0x12C0, size=0x12C], remoteSlice=DataSlice[BufferType::CCL, offset=0x19C8, size=0x12C]]
rankIdx:11, threadIdx:2, [Write]:[remoteRank=8, link=link prototyp=LinkProtoStub::SDMA, localSlice=DataSlice[BufferType::INPUT, offset=0x1C20, size=0x12C], remoteSlice=DataSlice[BufferType::CCL, offset=0x2328, size=0x12C]]
rankIdx:11, threadIdx:2, [Post]:[remoteRank=8, notifyId=65593, link=link prototyp=LinkProtoStub::SDMA, notifyType=NotifyTypeStub::READY, originated tag=POST]
rankIdx:11, threadIdx:2, [Wait]:[remoteRank=8, notifyId=90163, link=link prototyp=LinkProtoStub::SDMA, notifyType=NotifyTypeStub::READY, originated tag=WAIT]
rankIdx:11, threadIdx:2, [LocalPostTo]:[topicId=90113]
threadIdx : 3, taskNum : 10 
-------------------------------------------------------
rankIdx:11, threadIdx:3, [LocalWaitFrom]:[topicId=90127]
rankIdx:11, threadIdx:3, [Post]:[remoteRank=8, notifyId=65601, link=link prototyp=LinkProtoStub::SDMA, notifyType=NotifyTypeStub::READY, originated tag=POST]
rankIdx:11, threadIdx:3, [Wait]:[remoteRank=8, notifyId=90171, link=link prototyp=LinkProtoStub::SDMA, notifyType=NotifyTypeStub::READY, originated tag=WAIT]
rankIdx:11, threadIdx:3, [Write]:[remoteRank=8, link=link prototyp=LinkProtoStub::SDMA, localSlice=DataSlice[BufferType::INPUT, offset=0x12C, size=0x12C], remoteSlice=DataSlice[BufferType::CCL, offset=0x834, size=0x12C]]
rankIdx:11, threadIdx:3, [Write]:[remoteRank=8, link=link prototyp=LinkProtoStub::SDMA, localSlice=DataSlice[BufferType::INPUT, offset=0xA8C, size=0x12C], remoteSlice=DataSlice[BufferType::CCL, offset=0x1194, size=0x12C]]
rankIdx:11, threadIdx:3, [Write]:[remoteRank=8, link=link prototyp=LinkProtoStub::SDMA, localSlice=DataSlice[BufferType::INPUT, offset=0x13EC, size=0x12C], remoteSlice=DataSlice[BufferType::CCL, offset=0x1AF4, size=0x12C]]
rankIdx:11, threadIdx:3, [Write]:[remoteRank=8, link=link prototyp=LinkProtoStub::SDMA, localSlice=DataSlice[BufferType::INPUT, offset=0x1D4C, size=0x12C], remoteSlice=DataSlice[BufferType::CCL, offset=0x2454, size=0x12C]]
rankIdx:11, threadIdx:3, [Post]:[remoteRank=8, notifyId=65602, link=link prototyp=LinkProtoStub::SDMA, notifyType=NotifyTypeStub::READY, originated tag=POST]
rankIdx:11, threadIdx:3, [Wait]:[remoteRank=8, notifyId=90172, link=link prototyp=LinkProtoStub::SDMA, notifyType=NotifyTypeStub::READY, originated tag=WAIT]
rankIdx:11, threadIdx:3, [LocalPostTo]:[topicId=90114]
threadIdx : 4, taskNum : 10 
-------------------------------------------------------
rankIdx:11, threadIdx:4, [LocalWaitFrom]:[topicId=90134]
rankIdx:11, threadIdx:4, [Post]:[remoteRank=9, notifyId=73784, link=link prototyp=LinkProtoStub::SDMA, notifyType=NotifyTypeStub::READY, originated tag=POST]
rankIdx:11, threadIdx:4, [Wait]:[remoteRank=9, notifyId=90165, link=link prototyp=LinkProtoStub::SDMA, notifyType=NotifyTypeStub::READY, originated tag=WAIT]
rankIdx:11, threadIdx:4, [Write]:[remoteRank=9, link=link prototyp=LinkProtoStub::SDMA, localSlice=DataSlice[BufferType::INPUT, offset=0x258, size=0x12C], remoteSlice=DataSlice[BufferType::CCL, offset=0x708, size=0x12C]]
rankIdx:11, threadIdx:4, [Write]:[remoteRank=9, link=link prototyp=LinkProtoStub::SDMA, localSlice=DataSlice[BufferType::INPUT, offset=0xBB8, size=0x12C], remoteSlice=DataSlice[BufferType::CCL, offset=0x1068, size=0x12C]]
rankIdx:11, threadIdx:4, [Write]:[remoteRank=9, link=link prototyp=LinkProtoStub::SDMA, localSlice=DataSlice[BufferType::INPUT, offset=0x1518, size=0x12C], remoteSlice=DataSlice[BufferType::CCL, offset=0x19C8, size=0x12C]]
rankIdx:11, threadIdx:4, [Write]:[remoteRank=9, link=link prototyp=LinkProtoStub::SDMA, localSlice=DataSlice[BufferType::INPUT, offset=0x1E78, size=0x12C], remoteSlice=DataSlice[BufferType::CCL, offset=0x2328, size=0x12C]]
rankIdx:11, threadIdx:4, [Post]:[remoteRank=9, notifyId=73785, link=link prototyp=LinkProtoStub::SDMA, notifyType=NotifyTypeStub::READY, originated tag=POST]
rankIdx:11, threadIdx:4, [Wait]:[remoteRank=9, notifyId=90166, link=link prototyp=LinkProtoStub::SDMA, notifyType=NotifyTypeStub::READY, originated tag=WAIT]
rankIdx:11, threadIdx:4, [LocalPostTo]:[topicId=90115]
threadIdx : 5, taskNum : 10 
-------------------------------------------------------
rankIdx:11, threadIdx:5, [LocalWaitFrom]:[topicId=90141]
rankIdx:11, threadIdx:5, [Post]:[remoteRank=9, notifyId=73793, link=link prototyp=LinkProtoStub::SDMA, notifyType=NotifyTypeStub::READY, originated tag=POST]
rankIdx:11, threadIdx:5, [Wait]:[remoteRank=9, notifyId=90174, link=link prototyp=LinkProtoStub::SDMA, notifyType=NotifyTypeStub::READY, originated tag=WAIT]
rankIdx:11, threadIdx:5, [Write]:[remoteRank=9, link=link prototyp=LinkProtoStub::SDMA, localSlice=DataSlice[BufferType::INPUT, offset=0x384, size=0x12C], remoteSlice=DataSlice[BufferType::CCL, offset=0x834, size=0x12C]]
rankIdx:11, threadIdx:5, [Write]:[remoteRank=9, link=link prototyp=LinkProtoStub::SDMA, localSlice=DataSlice[BufferType::INPUT, offset=0xCE4, size=0x12C], remoteSlice=DataSlice[BufferType::CCL, offset=0x1194, size=0x12C]]
rankIdx:11, threadIdx:5, [Write]:[remoteRank=9, link=link prototyp=LinkProtoStub::SDMA, localSlice=DataSlice[BufferType::INPUT, offset=0x1644, size=0x12C], remoteSlice=DataSlice[BufferType::CCL, offset=0x1AF4, size=0x12C]]
rankIdx:11, threadIdx:5, [Write]:[remoteRank=9, link=link prototyp=LinkProtoStub::SDMA, localSlice=DataSlice[BufferType::INPUT, offset=0x1FA4, size=0x12C], remoteSlice=DataSlice[BufferType::CCL, offset=0x2454, size=0x12C]]
rankIdx:11, threadIdx:5, [Post]:[remoteRank=9, notifyId=73794, link=link prototyp=LinkProtoStub::SDMA, notifyType=NotifyTypeStub::READY, originated tag=POST]
rankIdx:11, threadIdx:5, [Wait]:[remoteRank=9, notifyId=90175, link=link prototyp=LinkProtoStub::SDMA, notifyType=NotifyTypeStub::READY, originated tag=WAIT]
rankIdx:11, threadIdx:5, [LocalPostTo]:[topicId=90116]
threadIdx : 6, taskNum : 10 
-------------------------------------------------------
rankIdx:11, threadIdx:6, [LocalWaitFrom]:[topicId=90148]
rankIdx:11, threadIdx:6, [Post]:[remoteRank=10, notifyId=81976, link=link prototyp=LinkProtoStub::SDMA, notifyType=NotifyTypeStub::READY, originated tag=POST]
rankIdx:11, threadIdx:6, [Wait]:[remoteRank=10, notifyId=90168, link=link prototyp=LinkProtoStub::SDMA, notifyType=NotifyTypeStub::READY, originated tag=WAIT]
rankIdx:11, threadIdx:6, [Write]:[remoteRank=10, link=link prototyp=LinkProtoStub::SDMA, localSlice=DataSlice[BufferType::INPUT, offset=0x4B0, size=0x12C], remoteSlice=DataSlice[BufferType::CCL, offset=0x708, size=0x12C]]
rankIdx:11, threadIdx:6, [Write]:[remoteRank=10, link=link prototyp=LinkProtoStub::SDMA, localSlice=DataSlice[BufferType::INPUT, offset=0xE10, size=0x12C], remoteSlice=DataSlice[BufferType::CCL, offset=0x1068, size=0x12C]]
rankIdx:11, threadIdx:6, [Write]:[remoteRank=10, link=link prototyp=LinkProtoStub::SDMA, localSlice=DataSlice[BufferType::INPUT, offset=0x1770, size=0x12C], remoteSlice=DataSlice[BufferType::CCL, offset=0x19C8, size=0x12C]]
rankIdx:11, threadIdx:6, [Write]:[remoteRank=10, link=link prototyp=LinkProtoStub::SDMA, localSlice=DataSlice[BufferType::INPUT, offset=0x20D0, size=0x12C], remoteSlice=DataSlice[BufferType::CCL, offset=0x2328, size=0x12C]]
rankIdx:11, threadIdx:6, [Post]:[remoteRank=10, notifyId=81977, link=link prototyp=LinkProtoStub::SDMA, notifyType=NotifyTypeStub::READY, originated tag=POST]
rankIdx:11, threadIdx:6, [Wait]:[remoteRank=10, notifyId=90169, link=link prototyp=LinkProtoStub::SDMA, notifyType=NotifyTypeStub::READY, originated tag=WAIT]
rankIdx:11, threadIdx:6, [LocalPostTo]:[topicId=90117]
threadIdx : 7, taskNum : 10 
-------------------------------------------------------
rankIdx:11, threadIdx:7, [LocalWaitFrom]:[topicId=90155]
rankIdx:11, threadIdx:7, [Post]:[remoteRank=10, notifyId=81985, link=link prototyp=LinkProtoStub::SDMA, notifyType=NotifyTypeStub::READY, originated tag=POST]
rankIdx:11, threadIdx:7, [Wait]:[remoteRank=10, notifyId=90177, link=link prototyp=LinkProtoStub::SDMA, notifyType=NotifyTypeStub::READY, originated tag=WAIT]
rankIdx:11, threadIdx:7, [Write]:[remoteRank=10, link=link prototyp=LinkProtoStub::SDMA, localSlice=DataSlice[BufferType::INPUT, offset=0x5DC, size=0x12C], remoteSlice=DataSlice[BufferType::CCL, offset=0x834, size=0x12C]]
rankIdx:11, threadIdx:7, [Write]:[remoteRank=10, link=link prototyp=LinkProtoStub::SDMA, localSlice=DataSlice[BufferType::INPUT, offset=0xF3C, size=0x12C], remoteSlice=DataSlice[BufferType::CCL, offset=0x1194, size=0x12C]]
rankIdx:11, threadIdx:7, [Write]:[remoteRank=10, link=link prototyp=LinkProtoStub::SDMA, localSlice=DataSlice[BufferType::INPUT, offset=0x189C, size=0x12C], remoteSlice=DataSlice[BufferType::CCL, offset=0x1AF4, size=0x12C]]
rankIdx:11, threadIdx:7, [Write]:[remoteRank=10, link=link prototyp=LinkProtoStub::SDMA, localSlice=DataSlice[BufferType::INPUT, offset=0x21FC, size=0x12C], remoteSlice=DataSlice[BufferType::CCL, offset=0x2454, size=0x12C]]
rankIdx:11, threadIdx:7, [Post]:[remoteRank=10, notifyId=81986, link=link prototyp=LinkProtoStub::SDMA, notifyType=NotifyTypeStub::READY, originated tag=POST]
rankIdx:11, threadIdx:7, [Wait]:[remoteRank=10, notifyId=90178, link=link prototyp=LinkProtoStub::SDMA, notifyType=NotifyTypeStub::READY, originated tag=WAIT]
rankIdx:11, threadIdx:7, [LocalPostTo]:[topicId=90118]
=======================================================
rankId is : 12 
threadIdx : 0, taskNum : 2 
-------------------------------------------------------
rankIdx:12, threadIdx:0, [LocalPostTo]:[topicId=98311]
rankIdx:12, threadIdx:0, [LocalWaitFrom]:[topicId=98304]
threadIdx : 1, taskNum : 42 
-------------------------------------------------------
rankIdx:12, threadIdx:1, [LocalWaitFrom]:[topicId=98311]
rankIdx:12, threadIdx:1, [LocalPostTo]:[topicId=98312]
rankIdx:12, threadIdx:1, [LocalPostTo]:[topicId=98319]
rankIdx:12, threadIdx:1, [LocalPostTo]:[topicId=98326]
rankIdx:12, threadIdx:1, [LocalPostTo]:[topicId=98333]
rankIdx:12, threadIdx:1, [LocalPostTo]:[topicId=98340]
rankIdx:12, threadIdx:1, [LocalPostTo]:[topicId=98347]
rankIdx:12, threadIdx:1, [LocalWaitFrom]:[topicId=98305]
rankIdx:12, threadIdx:1, [LocalWaitFrom]:[topicId=98306]
rankIdx:12, threadIdx:1, [LocalWaitFrom]:[topicId=98307]
rankIdx:12, threadIdx:1, [LocalWaitFrom]:[topicId=98308]
rankIdx:12, threadIdx:1, [LocalWaitFrom]:[topicId=98309]
rankIdx:12, threadIdx:1, [LocalWaitFrom]:[topicId=98310]
rankIdx:12, threadIdx:1, [LocalCopy]:[srcSlice=DataSlice[BufferType::INPUT, offset=0x0, size=0x258], dstSlice=DataSlice[BufferType::CCL, offset=0x0, size=0x258]]
rankIdx:12, threadIdx:1, [LocalReduce]:[dataType=11, reduceOp=2, srcSlice=DataSlice[BufferType::CCL, offset=0x258, size=0x258], dstSlice=DataSlice[BufferType::CCL, offset=0x0, size=0x258]]
rankIdx:12, threadIdx:1, [LocalReduce]:[dataType=11, reduceOp=2, srcSlice=DataSlice[BufferType::CCL, offset=0x4B0, size=0x258], dstSlice=DataSlice[BufferType::CCL, offset=0x0, size=0x258]]
rankIdx:12, threadIdx:1, [LocalReduce]:[dataType=11, reduceOp=2, srcSlice=DataSlice[BufferType::CCL, offset=0x708, size=0x258], dstSlice=DataSlice[BufferType::CCL, offset=0x0, size=0x258]]
rankIdx:12, threadIdx:1, [LocalCopy]:[srcSlice=DataSlice[BufferType::INPUT, offset=0x960, size=0x258], dstSlice=DataSlice[BufferType::CCL, offset=0x960, size=0x258]]
rankIdx:12, threadIdx:1, [LocalReduce]:[dataType=11, reduceOp=2, srcSlice=DataSlice[BufferType::CCL, offset=0xBB8, size=0x258], dstSlice=DataSlice[BufferType::CCL, offset=0x960, size=0x258]]
rankIdx:12, threadIdx:1, [LocalReduce]:[dataType=11, reduceOp=2, srcSlice=DataSlice[BufferType::CCL, offset=0xE10, size=0x258], dstSlice=DataSlice[BufferType::CCL, offset=0x960, size=0x258]]
rankIdx:12, threadIdx:1, [LocalReduce]:[dataType=11, reduceOp=2, srcSlice=DataSlice[BufferType::CCL, offset=0x1068, size=0x258], dstSlice=DataSlice[BufferType::CCL, offset=0x960, size=0x258]]
rankIdx:12, threadIdx:1, [LocalCopy]:[srcSlice=DataSlice[BufferType::INPUT, offset=0x12C0, size=0x258], dstSlice=DataSlice[BufferType::CCL, offset=0x12C0, size=0x258]]
rankIdx:12, threadIdx:1, [LocalReduce]:[dataType=11, reduceOp=2, srcSlice=DataSlice[BufferType::CCL, offset=0x1518, size=0x258], dstSlice=DataSlice[BufferType::CCL, offset=0x12C0, size=0x258]]
rankIdx:12, threadIdx:1, [LocalReduce]:[dataType=11, reduceOp=2, srcSlice=DataSlice[BufferType::CCL, offset=0x1770, size=0x258], dstSlice=DataSlice[BufferType::CCL, offset=0x12C0, size=0x258]]
rankIdx:12, threadIdx:1, [LocalReduce]:[dataType=11, reduceOp=2, srcSlice=DataSlice[BufferType::CCL, offset=0x19C8, size=0x258], dstSlice=DataSlice[BufferType::CCL, offset=0x12C0, size=0x258]]
rankIdx:12, threadIdx:1, [LocalCopy]:[srcSlice=DataSlice[BufferType::INPUT, offset=0x1C20, size=0x258], dstSlice=DataSlice[BufferType::CCL, offset=0x1C20, size=0x258]]
rankIdx:12, threadIdx:1, [LocalReduce]:[dataType=11, reduceOp=2, srcSlice=DataSlice[BufferType::CCL, offset=0x1E78, size=0x258], dstSlice=DataSlice[BufferType::CCL, offset=0x1C20, size=0x258]]
rankIdx:12, threadIdx:1, [LocalReduce]:[dataType=11, reduceOp=2, srcSlice=DataSlice[BufferType::CCL, offset=0x20D0, size=0x258], dstSlice=DataSlice[BufferType::CCL, offset=0x1C20, size=0x258]]
rankIdx:12, threadIdx:1, [LocalReduce]:[dataType=11, reduceOp=2, srcSlice=DataSlice[BufferType::CCL, offset=0x2328, size=0x258], dstSlice=DataSlice[BufferType::CCL, offset=0x1C20, size=0x258]]
rankIdx:12, threadIdx:1, [Post]:[remoteRank=8, notifyId=65604, link=link prototyp=LinkProtoStub::SDMA, notifyType=NotifyTypeStub::READY, originated tag=POST]
rankIdx:12, threadIdx:1, [Wait]:[remoteRank=8, notifyId=98372, link=link prototyp=LinkProtoStub::SDMA, notifyType=NotifyTypeStub::READY, originated tag=WAIT]
rankIdx:12, threadIdx:1, [WriteReduce]:[remoteRank=8, link=link prototyp=LinkProtoStub::SDMA, dataType=11, reduceOp=2, localSlice=DataSlice[BufferType::CCL, offset=0x0, size=0x258], remoteSlice=DataSlice[BufferType::CCL, offset=0x0, size=0x258]]
rankIdx:12, threadIdx:1, [WriteReduce]:[remoteRank=8, link=link prototyp=LinkProtoStub::SDMA, dataType=11, reduceOp=2, localSlice=DataSlice[BufferType::CCL, offset=0x12C0, size=0x258], remoteSlice=DataSlice[BufferType::CCL, offset=0x12C0, size=0x258]]
rankIdx:12, threadIdx:1, [Post]:[remoteRank=8, notifyId=65605, link=link prototyp=LinkProtoStub::SDMA, notifyType=NotifyTypeStub::READY, originated tag=POST]
rankIdx:12, threadIdx:1, [Wait]:[remoteRank=8, notifyId=98373, link=link prototyp=LinkProtoStub::SDMA, notifyType=NotifyTypeStub::READY, originated tag=WAIT]
rankIdx:12, threadIdx:1, [Post]:[remoteRank=4, notifyId=32839, link=link prototyp=LinkProtoStub::SDMA, notifyType=NotifyTypeStub::READY, originated tag=POST]
rankIdx:12, threadIdx:1, [Wait]:[remoteRank=4, notifyId=98375, link=link prototyp=LinkProtoStub::SDMA, notifyType=NotifyTypeStub::READY, originated tag=WAIT]
rankIdx:12, threadIdx:1, [WriteReduce]:[remoteRank=4, link=link prototyp=LinkProtoStub::SDMA, dataType=11, reduceOp=2, localSlice=DataSlice[BufferType::CCL, offset=0x960, size=0x258], remoteSlice=DataSlice[BufferType::CCL, offset=0x960, size=0x258]]
rankIdx:12, threadIdx:1, [Post]:[remoteRank=4, notifyId=32840, link=link prototyp=LinkProtoStub::SDMA, notifyType=NotifyTypeStub::READY, originated tag=POST]
rankIdx:12, threadIdx:1, [Wait]:[remoteRank=4, notifyId=98376, link=link prototyp=LinkProtoStub::SDMA, notifyType=NotifyTypeStub::READY, originated tag=WAIT]
rankIdx:12, threadIdx:1, [LocalCopy]:[srcSlice=DataSlice[BufferType::CCL, offset=0x1C20, size=0x258], dstSlice=DataSlice[BufferType::OUTPUT, offset=0x0, size=0x258]]
rankIdx:12, threadIdx:1, [LocalPostTo]:[topicId=98304]
threadIdx : 2, taskNum : 10 
-------------------------------------------------------
rankIdx:12, threadIdx:2, [LocalWaitFrom]:[topicId=98312]
rankIdx:12, threadIdx:2, [Post]:[remoteRank=13, notifyId=106546, link=link prototyp=LinkProtoStub::SDMA, notifyType=NotifyTypeStub::READY, originated tag=POST]
rankIdx:12, threadIdx:2, [Wait]:[remoteRank=13, notifyId=98354, link=link prototyp=LinkProtoStub::SDMA, notifyType=NotifyTypeStub::READY, originated tag=WAIT]
rankIdx:12, threadIdx:2, [Write]:[remoteRank=13, link=link prototyp=LinkProtoStub::SDMA, localSlice=DataSlice[BufferType::INPUT, offset=0x258, size=0x12C], remoteSlice=DataSlice[BufferType::CCL, offset=0x0, size=0x12C]]
rankIdx:12, threadIdx:2, [Write]:[remoteRank=13, link=link prototyp=LinkProtoStub::SDMA, localSlice=DataSlice[BufferType::INPUT, offset=0xBB8, size=0x12C], remoteSlice=DataSlice[BufferType::CCL, offset=0x960, size=0x12C]]
rankIdx:12, threadIdx:2, [Write]:[remoteRank=13, link=link prototyp=LinkProtoStub::SDMA, localSlice=DataSlice[BufferType::INPUT, offset=0x1518, size=0x12C], remoteSlice=DataSlice[BufferType::CCL, offset=0x12C0, size=0x12C]]
rankIdx:12, threadIdx:2, [Write]:[remoteRank=13, link=link prototyp=LinkProtoStub::SDMA, localSlice=DataSlice[BufferType::INPUT, offset=0x1E78, size=0x12C], remoteSlice=DataSlice[BufferType::CCL, offset=0x1C20, size=0x12C]]
rankIdx:12, threadIdx:2, [Post]:[remoteRank=13, notifyId=106547, link=link prototyp=LinkProtoStub::SDMA, notifyType=NotifyTypeStub::READY, originated tag=POST]
rankIdx:12, threadIdx:2, [Wait]:[remoteRank=13, notifyId=98355, link=link prototyp=LinkProtoStub::SDMA, notifyType=NotifyTypeStub::READY, originated tag=WAIT]
rankIdx:12, threadIdx:2, [LocalPostTo]:[topicId=98305]
threadIdx : 3, taskNum : 10 
-------------------------------------------------------
rankIdx:12, threadIdx:3, [LocalWaitFrom]:[topicId=98319]
rankIdx:12, threadIdx:3, [Post]:[remoteRank=13, notifyId=106555, link=link prototyp=LinkProtoStub::SDMA, notifyType=NotifyTypeStub::READY, originated tag=POST]
rankIdx:12, threadIdx:3, [Wait]:[remoteRank=13, notifyId=98363, link=link prototyp=LinkProtoStub::SDMA, notifyType=NotifyTypeStub::READY, originated tag=WAIT]
rankIdx:12, threadIdx:3, [Write]:[remoteRank=13, link=link prototyp=LinkProtoStub::SDMA, localSlice=DataSlice[BufferType::INPUT, offset=0x384, size=0x12C], remoteSlice=DataSlice[BufferType::CCL, offset=0x12C, size=0x12C]]
rankIdx:12, threadIdx:3, [Write]:[remoteRank=13, link=link prototyp=LinkProtoStub::SDMA, localSlice=DataSlice[BufferType::INPUT, offset=0xCE4, size=0x12C], remoteSlice=DataSlice[BufferType::CCL, offset=0xA8C, size=0x12C]]
rankIdx:12, threadIdx:3, [Write]:[remoteRank=13, link=link prototyp=LinkProtoStub::SDMA, localSlice=DataSlice[BufferType::INPUT, offset=0x1644, size=0x12C], remoteSlice=DataSlice[BufferType::CCL, offset=0x13EC, size=0x12C]]
rankIdx:12, threadIdx:3, [Write]:[remoteRank=13, link=link prototyp=LinkProtoStub::SDMA, localSlice=DataSlice[BufferType::INPUT, offset=0x1FA4, size=0x12C], remoteSlice=DataSlice[BufferType::CCL, offset=0x1D4C, size=0x12C]]
rankIdx:12, threadIdx:3, [Post]:[remoteRank=13, notifyId=106556, link=link prototyp=LinkProtoStub::SDMA, notifyType=NotifyTypeStub::READY, originated tag=POST]
rankIdx:12, threadIdx:3, [Wait]:[remoteRank=13, notifyId=98364, link=link prototyp=LinkProtoStub::SDMA, notifyType=NotifyTypeStub::READY, originated tag=WAIT]
rankIdx:12, threadIdx:3, [LocalPostTo]:[topicId=98306]
threadIdx : 4, taskNum : 10 
-------------------------------------------------------
rankIdx:12, threadIdx:4, [LocalWaitFrom]:[topicId=98326]
rankIdx:12, threadIdx:4, [Post]:[remoteRank=14, notifyId=114738, link=link prototyp=LinkProtoStub::SDMA, notifyType=NotifyTypeStub::READY, originated tag=POST]
rankIdx:12, threadIdx:4, [Wait]:[remoteRank=14, notifyId=98357, link=link prototyp=LinkProtoStub::SDMA, notifyType=NotifyTypeStub::READY, originated tag=WAIT]
rankIdx:12, threadIdx:4, [Write]:[remoteRank=14, link=link prototyp=LinkProtoStub::SDMA, localSlice=DataSlice[BufferType::INPUT, offset=0x4B0, size=0x12C], remoteSlice=DataSlice[BufferType::CCL, offset=0x0, size=0x12C]]
rankIdx:12, threadIdx:4, [Write]:[remoteRank=14, link=link prototyp=LinkProtoStub::SDMA, localSlice=DataSlice[BufferType::INPUT, offset=0xE10, size=0x12C], remoteSlice=DataSlice[BufferType::CCL, offset=0x960, size=0x12C]]
rankIdx:12, threadIdx:4, [Write]:[remoteRank=14, link=link prototyp=LinkProtoStub::SDMA, localSlice=DataSlice[BufferType::INPUT, offset=0x1770, size=0x12C], remoteSlice=DataSlice[BufferType::CCL, offset=0x12C0, size=0x12C]]
rankIdx:12, threadIdx:4, [Write]:[remoteRank=14, link=link prototyp=LinkProtoStub::SDMA, localSlice=DataSlice[BufferType::INPUT, offset=0x20D0, size=0x12C], remoteSlice=DataSlice[BufferType::CCL, offset=0x1C20, size=0x12C]]
rankIdx:12, threadIdx:4, [Post]:[remoteRank=14, notifyId=114739, link=link prototyp=LinkProtoStub::SDMA, notifyType=NotifyTypeStub::READY, originated tag=POST]
rankIdx:12, threadIdx:4, [Wait]:[remoteRank=14, notifyId=98358, link=link prototyp=LinkProtoStub::SDMA, notifyType=NotifyTypeStub::READY, originated tag=WAIT]
rankIdx:12, threadIdx:4, [LocalPostTo]:[topicId=98307]
threadIdx : 5, taskNum : 10 
-------------------------------------------------------
rankIdx:12, threadIdx:5, [LocalWaitFrom]:[topicId=98333]
rankIdx:12, threadIdx:5, [Post]:[remoteRank=14, notifyId=114747, link=link prototyp=LinkProtoStub::SDMA, notifyType=NotifyTypeStub::READY, originated tag=POST]
rankIdx:12, threadIdx:5, [Wait]:[remoteRank=14, notifyId=98366, link=link prototyp=LinkProtoStub::SDMA, notifyType=NotifyTypeStub::READY, originated tag=WAIT]
rankIdx:12, threadIdx:5, [Write]:[remoteRank=14, link=link prototyp=LinkProtoStub::SDMA, localSlice=DataSlice[BufferType::INPUT, offset=0x5DC, size=0x12C], remoteSlice=DataSlice[BufferType::CCL, offset=0x12C, size=0x12C]]
rankIdx:12, threadIdx:5, [Write]:[remoteRank=14, link=link prototyp=LinkProtoStub::SDMA, localSlice=DataSlice[BufferType::INPUT, offset=0xF3C, size=0x12C], remoteSlice=DataSlice[BufferType::CCL, offset=0xA8C, size=0x12C]]
rankIdx:12, threadIdx:5, [Write]:[remoteRank=14, link=link prototyp=LinkProtoStub::SDMA, localSlice=DataSlice[BufferType::INPUT, offset=0x189C, size=0x12C], remoteSlice=DataSlice[BufferType::CCL, offset=0x13EC, size=0x12C]]
rankIdx:12, threadIdx:5, [Write]:[remoteRank=14, link=link prototyp=LinkProtoStub::SDMA, localSlice=DataSlice[BufferType::INPUT, offset=0x21FC, size=0x12C], remoteSlice=DataSlice[BufferType::CCL, offset=0x1D4C, size=0x12C]]
rankIdx:12, threadIdx:5, [Post]:[remoteRank=14, notifyId=114748, link=link prototyp=LinkProtoStub::SDMA, notifyType=NotifyTypeStub::READY, originated tag=POST]
rankIdx:12, threadIdx:5, [Wait]:[remoteRank=14, notifyId=98367, link=link prototyp=LinkProtoStub::SDMA, notifyType=NotifyTypeStub::READY, originated tag=WAIT]
rankIdx:12, threadIdx:5, [LocalPostTo]:[topicId=98308]
threadIdx : 6, taskNum : 10 
-------------------------------------------------------
rankIdx:12, threadIdx:6, [LocalWaitFrom]:[topicId=98340]
rankIdx:12, threadIdx:6, [Post]:[remoteRank=15, notifyId=122930, link=link prototyp=LinkProtoStub::SDMA, notifyType=NotifyTypeStub::READY, originated tag=POST]
rankIdx:12, threadIdx:6, [Wait]:[remoteRank=15, notifyId=98360, link=link prototyp=LinkProtoStub::SDMA, notifyType=NotifyTypeStub::READY, originated tag=WAIT]
rankIdx:12, threadIdx:6, [Write]:[remoteRank=15, link=link prototyp=LinkProtoStub::SDMA, localSlice=DataSlice[BufferType::INPUT, offset=0x708, size=0x12C], remoteSlice=DataSlice[BufferType::CCL, offset=0x0, size=0x12C]]
rankIdx:12, threadIdx:6, [Write]:[remoteRank=15, link=link prototyp=LinkProtoStub::SDMA, localSlice=DataSlice[BufferType::INPUT, offset=0x1068, size=0x12C], remoteSlice=DataSlice[BufferType::CCL, offset=0x960, size=0x12C]]
rankIdx:12, threadIdx:6, [Write]:[remoteRank=15, link=link prototyp=LinkProtoStub::SDMA, localSlice=DataSlice[BufferType::INPUT, offset=0x19C8, size=0x12C], remoteSlice=DataSlice[BufferType::CCL, offset=0x12C0, size=0x12C]]
rankIdx:12, threadIdx:6, [Write]:[remoteRank=15, link=link prototyp=LinkProtoStub::SDMA, localSlice=DataSlice[BufferType::INPUT, offset=0x2328, size=0x12C], remoteSlice=DataSlice[BufferType::CCL, offset=0x1C20, size=0x12C]]
rankIdx:12, threadIdx:6, [Post]:[remoteRank=15, notifyId=122931, link=link prototyp=LinkProtoStub::SDMA, notifyType=NotifyTypeStub::READY, originated tag=POST]
rankIdx:12, threadIdx:6, [Wait]:[remoteRank=15, notifyId=98361, link=link prototyp=LinkProtoStub::SDMA, notifyType=NotifyTypeStub::READY, originated tag=WAIT]
rankIdx:12, threadIdx:6, [LocalPostTo]:[topicId=98309]
threadIdx : 7, taskNum : 10 
-------------------------------------------------------
rankIdx:12, threadIdx:7, [LocalWaitFrom]:[topicId=98347]
rankIdx:12, threadIdx:7, [Post]:[remoteRank=15, notifyId=122939, link=link prototyp=LinkProtoStub::SDMA, notifyType=NotifyTypeStub::READY, originated tag=POST]
rankIdx:12, threadIdx:7, [Wait]:[remoteRank=15, notifyId=98369, link=link prototyp=LinkProtoStub::SDMA, notifyType=NotifyTypeStub::READY, originated tag=WAIT]
rankIdx:12, threadIdx:7, [Write]:[remoteRank=15, link=link prototyp=LinkProtoStub::SDMA, localSlice=DataSlice[BufferType::INPUT, offset=0x834, size=0x12C], remoteSlice=DataSlice[BufferType::CCL, offset=0x12C, size=0x12C]]
rankIdx:12, threadIdx:7, [Write]:[remoteRank=15, link=link prototyp=LinkProtoStub::SDMA, localSlice=DataSlice[BufferType::INPUT, offset=0x1194, size=0x12C], remoteSlice=DataSlice[BufferType::CCL, offset=0xA8C, size=0x12C]]
rankIdx:12, threadIdx:7, [Write]:[remoteRank=15, link=link prototyp=LinkProtoStub::SDMA, localSlice=DataSlice[BufferType::INPUT, offset=0x1AF4, size=0x12C], remoteSlice=DataSlice[BufferType::CCL, offset=0x13EC, size=0x12C]]
rankIdx:12, threadIdx:7, [Write]:[remoteRank=15, link=link prototyp=LinkProtoStub::SDMA, localSlice=DataSlice[BufferType::INPUT, offset=0x2454, size=0x12C], remoteSlice=DataSlice[BufferType::CCL, offset=0x1D4C, size=0x12C]]
rankIdx:12, threadIdx:7, [Post]:[remoteRank=15, notifyId=122940, link=link prototyp=LinkProtoStub::SDMA, notifyType=NotifyTypeStub::READY, originated tag=POST]
rankIdx:12, threadIdx:7, [Wait]:[remoteRank=15, notifyId=98370, link=link prototyp=LinkProtoStub::SDMA, notifyType=NotifyTypeStub::READY, originated tag=WAIT]
rankIdx:12, threadIdx:7, [LocalPostTo]:[topicId=98310]
=======================================================
rankId is : 13 
threadIdx : 0, taskNum : 2 
-------------------------------------------------------
rankIdx:13, threadIdx:0, [LocalPostTo]:[topicId=106503]
rankIdx:13, threadIdx:0, [LocalWaitFrom]:[topicId=106496]
threadIdx : 1, taskNum : 42 
-------------------------------------------------------
rankIdx:13, threadIdx:1, [LocalWaitFrom]:[topicId=106503]
rankIdx:13, threadIdx:1, [LocalPostTo]:[topicId=106504]
rankIdx:13, threadIdx:1, [LocalPostTo]:[topicId=106511]
rankIdx:13, threadIdx:1, [LocalPostTo]:[topicId=106518]
rankIdx:13, threadIdx:1, [LocalPostTo]:[topicId=106525]
rankIdx:13, threadIdx:1, [LocalPostTo]:[topicId=106532]
rankIdx:13, threadIdx:1, [LocalPostTo]:[topicId=106539]
rankIdx:13, threadIdx:1, [LocalWaitFrom]:[topicId=106497]
rankIdx:13, threadIdx:1, [LocalWaitFrom]:[topicId=106498]
rankIdx:13, threadIdx:1, [LocalWaitFrom]:[topicId=106499]
rankIdx:13, threadIdx:1, [LocalWaitFrom]:[topicId=106500]
rankIdx:13, threadIdx:1, [LocalWaitFrom]:[topicId=106501]
rankIdx:13, threadIdx:1, [LocalWaitFrom]:[topicId=106502]
rankIdx:13, threadIdx:1, [LocalCopy]:[srcSlice=DataSlice[BufferType::INPUT, offset=0x258, size=0x258], dstSlice=DataSlice[BufferType::CCL, offset=0x258, size=0x258]]
rankIdx:13, threadIdx:1, [LocalReduce]:[dataType=11, reduceOp=2, srcSlice=DataSlice[BufferType::CCL, offset=0x0, size=0x258], dstSlice=DataSlice[BufferType::CCL, offset=0x258, size=0x258]]
rankIdx:13, threadIdx:1, [LocalReduce]:[dataType=11, reduceOp=2, srcSlice=DataSlice[BufferType::CCL, offset=0x4B0, size=0x258], dstSlice=DataSlice[BufferType::CCL, offset=0x258, size=0x258]]
rankIdx:13, threadIdx:1, [LocalReduce]:[dataType=11, reduceOp=2, srcSlice=DataSlice[BufferType::CCL, offset=0x708, size=0x258], dstSlice=DataSlice[BufferType::CCL, offset=0x258, size=0x258]]
rankIdx:13, threadIdx:1, [LocalCopy]:[srcSlice=DataSlice[BufferType::INPUT, offset=0xBB8, size=0x258], dstSlice=DataSlice[BufferType::CCL, offset=0xBB8, size=0x258]]
rankIdx:13, threadIdx:1, [LocalReduce]:[dataType=11, reduceOp=2, srcSlice=DataSlice[BufferType::CCL, offset=0x960, size=0x258], dstSlice=DataSlice[BufferType::CCL, offset=0xBB8, size=0x258]]
rankIdx:13, threadIdx:1, [LocalReduce]:[dataType=11, reduceOp=2, srcSlice=DataSlice[BufferType::CCL, offset=0xE10, size=0x258], dstSlice=DataSlice[BufferType::CCL, offset=0xBB8, size=0x258]]
rankIdx:13, threadIdx:1, [LocalReduce]:[dataType=11, reduceOp=2, srcSlice=DataSlice[BufferType::CCL, offset=0x1068, size=0x258], dstSlice=DataSlice[BufferType::CCL, offset=0xBB8, size=0x258]]
rankIdx:13, threadIdx:1, [LocalCopy]:[srcSlice=DataSlice[BufferType::INPUT, offset=0x1518, size=0x258], dstSlice=DataSlice[BufferType::CCL, offset=0x1518, size=0x258]]
rankIdx:13, threadIdx:1, [LocalReduce]:[dataType=11, reduceOp=2, srcSlice=DataSlice[BufferType::CCL, offset=0x12C0, size=0x258], dstSlice=DataSlice[BufferType::CCL, offset=0x1518, size=0x258]]
rankIdx:13, threadIdx:1, [LocalReduce]:[dataType=11, reduceOp=2, srcSlice=DataSlice[BufferType::CCL, offset=0x1770, size=0x258], dstSlice=DataSlice[BufferType::CCL, offset=0x1518, size=0x258]]
rankIdx:13, threadIdx:1, [LocalReduce]:[dataType=11, reduceOp=2, srcSlice=DataSlice[BufferType::CCL, offset=0x19C8, size=0x258], dstSlice=DataSlice[BufferType::CCL, offset=0x1518, size=0x258]]
rankIdx:13, threadIdx:1, [LocalCopy]:[srcSlice=DataSlice[BufferType::INPUT, offset=0x1E78, size=0x258], dstSlice=DataSlice[BufferType::CCL, offset=0x1E78, size=0x258]]
rankIdx:13, threadIdx:1, [LocalReduce]:[dataType=11, reduceOp=2, srcSlice=DataSlice[BufferType::CCL, offset=0x1C20, size=0x258], dstSlice=DataSlice[BufferType::CCL, offset=0x1E78, size=0x258]]
rankIdx:13, threadIdx:1, [LocalReduce]:[dataType=11, reduceOp=2, srcSlice=DataSlice[BufferType::CCL, offset=0x20D0, size=0x258], dstSlice=DataSlice[BufferType::CCL, offset=0x1E78, size=0x258]]
rankIdx:13, threadIdx:1, [LocalReduce]:[dataType=11, reduceOp=2, srcSlice=DataSlice[BufferType::CCL, offset=0x2328, size=0x258], dstSlice=DataSlice[BufferType::CCL, offset=0x1E78, size=0x258]]
rankIdx:13, threadIdx:1, [Post]:[remoteRank=9, notifyId=73796, link=link prototyp=LinkProtoStub::SDMA, notifyType=NotifyTypeStub::READY, originated tag=POST]
rankIdx:13, threadIdx:1, [Wait]:[remoteRank=9, notifyId=106564, link=link prototyp=LinkProtoStub::SDMA, notifyType=NotifyTypeStub::READY, originated tag=WAIT]
rankIdx:13, threadIdx:1, [WriteReduce]:[remoteRank=9, link=link prototyp=LinkProtoStub::SDMA, dataType=11, reduceOp=2, localSlice=DataSlice[BufferType::CCL, offset=0x258, size=0x258], remoteSlice=DataSlice[BufferType::CCL, offset=0x258, size=0x258]]
rankIdx:13, threadIdx:1, [WriteReduce]:[remoteRank=9, link=link prototyp=LinkProtoStub::SDMA, dataType=11, reduceOp=2, localSlice=DataSlice[BufferType::CCL, offset=0x1518, size=0x258], remoteSlice=DataSlice[BufferType::CCL, offset=0x1518, size=0x258]]
rankIdx:13, threadIdx:1, [Post]:[remoteRank=9, notifyId=73797, link=link prototyp=LinkProtoStub::SDMA, notifyType=NotifyTypeStub::READY, originated tag=POST]
rankIdx:13, threadIdx:1, [Wait]:[remoteRank=9, notifyId=106565, link=link prototyp=LinkProtoStub::SDMA, notifyType=NotifyTypeStub::READY, originated tag=WAIT]
rankIdx:13, threadIdx:1, [Post]:[remoteRank=5, notifyId=41031, link=link prototyp=LinkProtoStub::SDMA, notifyType=NotifyTypeStub::READY, originated tag=POST]
rankIdx:13, threadIdx:1, [Wait]:[remoteRank=5, notifyId=106567, link=link prototyp=LinkProtoStub::SDMA, notifyType=NotifyTypeStub::READY, originated tag=WAIT]
rankIdx:13, threadIdx:1, [WriteReduce]:[remoteRank=5, link=link prototyp=LinkProtoStub::SDMA, dataType=11, reduceOp=2, localSlice=DataSlice[BufferType::CCL, offset=0xBB8, size=0x258], remoteSlice=DataSlice[BufferType::CCL, offset=0xBB8, size=0x258]]
rankIdx:13, threadIdx:1, [Post]:[remoteRank=5, notifyId=41032, link=link prototyp=LinkProtoStub::SDMA, notifyType=NotifyTypeStub::READY, originated tag=POST]
rankIdx:13, threadIdx:1, [Wait]:[remoteRank=5, notifyId=106568, link=link prototyp=LinkProtoStub::SDMA, notifyType=NotifyTypeStub::READY, originated tag=WAIT]
rankIdx:13, threadIdx:1, [LocalCopy]:[srcSlice=DataSlice[BufferType::CCL, offset=0x1E78, size=0x258], dstSlice=DataSlice[BufferType::OUTPUT, offset=0x0, size=0x258]]
rankIdx:13, threadIdx:1, [LocalPostTo]:[topicId=106496]
threadIdx : 2, taskNum : 10 
-------------------------------------------------------
rankIdx:13, threadIdx:2, [LocalWaitFrom]:[topicId=106504]
rankIdx:13, threadIdx:2, [Post]:[remoteRank=14, notifyId=114741, link=link prototyp=LinkProtoStub::SDMA, notifyType=NotifyTypeStub::READY, originated tag=POST]
rankIdx:13, threadIdx:2, [Wait]:[remoteRank=14, notifyId=106549, link=link prototyp=LinkProtoStub::SDMA, notifyType=NotifyTypeStub::READY, originated tag=WAIT]
rankIdx:13, threadIdx:2, [Write]:[remoteRank=14, link=link prototyp=LinkProtoStub::SDMA, localSlice=DataSlice[BufferType::INPUT, offset=0x4B0, size=0x12C], remoteSlice=DataSlice[BufferType::CCL, offset=0x258, size=0x12C]]
rankIdx:13, threadIdx:2, [Write]:[remoteRank=14, link=link prototyp=LinkProtoStub::SDMA, localSlice=DataSlice[BufferType::INPUT, offset=0xE10, size=0x12C], remoteSlice=DataSlice[BufferType::CCL, offset=0xBB8, size=0x12C]]
rankIdx:13, threadIdx:2, [Write]:[remoteRank=14, link=link prototyp=LinkProtoStub::SDMA, localSlice=DataSlice[BufferType::INPUT, offset=0x1770, size=0x12C], remoteSlice=DataSlice[BufferType::CCL, offset=0x1518, size=0x12C]]
rankIdx:13, threadIdx:2, [Write]:[remoteRank=14, link=link prototyp=LinkProtoStub::SDMA, localSlice=DataSlice[BufferType::INPUT, offset=0x20D0, size=0x12C], remoteSlice=DataSlice[BufferType::CCL, offset=0x1E78, size=0x12C]]
rankIdx:13, threadIdx:2, [Post]:[remoteRank=14, notifyId=114742, link=link prototyp=LinkProtoStub::SDMA, notifyType=NotifyTypeStub::READY, originated tag=POST]
rankIdx:13, threadIdx:2, [Wait]:[remoteRank=14, notifyId=106550, link=link prototyp=LinkProtoStub::SDMA, notifyType=NotifyTypeStub::READY, originated tag=WAIT]
rankIdx:13, threadIdx:2, [LocalPostTo]:[topicId=106497]
threadIdx : 3, taskNum : 10 
-------------------------------------------------------
rankIdx:13, threadIdx:3, [LocalWaitFrom]:[topicId=106511]
rankIdx:13, threadIdx:3, [Post]:[remoteRank=14, notifyId=114750, link=link prototyp=LinkProtoStub::SDMA, notifyType=NotifyTypeStub::READY, originated tag=POST]
rankIdx:13, threadIdx:3, [Wait]:[remoteRank=14, notifyId=106558, link=link prototyp=LinkProtoStub::SDMA, notifyType=NotifyTypeStub::READY, originated tag=WAIT]
rankIdx:13, threadIdx:3, [Write]:[remoteRank=14, link=link prototyp=LinkProtoStub::SDMA, localSlice=DataSlice[BufferType::INPUT, offset=0x5DC, size=0x12C], remoteSlice=DataSlice[BufferType::CCL, offset=0x384, size=0x12C]]
rankIdx:13, threadIdx:3, [Write]:[remoteRank=14, link=link prototyp=LinkProtoStub::SDMA, localSlice=DataSlice[BufferType::INPUT, offset=0xF3C, size=0x12C], remoteSlice=DataSlice[BufferType::CCL, offset=0xCE4, size=0x12C]]
rankIdx:13, threadIdx:3, [Write]:[remoteRank=14, link=link prototyp=LinkProtoStub::SDMA, localSlice=DataSlice[BufferType::INPUT, offset=0x189C, size=0x12C], remoteSlice=DataSlice[BufferType::CCL, offset=0x1644, size=0x12C]]
rankIdx:13, threadIdx:3, [Write]:[remoteRank=14, link=link prototyp=LinkProtoStub::SDMA, localSlice=DataSlice[BufferType::INPUT, offset=0x21FC, size=0x12C], remoteSlice=DataSlice[BufferType::CCL, offset=0x1FA4, size=0x12C]]
rankIdx:13, threadIdx:3, [Post]:[remoteRank=14, notifyId=114751, link=link prototyp=LinkProtoStub::SDMA, notifyType=NotifyTypeStub::READY, originated tag=POST]
rankIdx:13, threadIdx:3, [Wait]:[remoteRank=14, notifyId=106559, link=link prototyp=LinkProtoStub::SDMA, notifyType=NotifyTypeStub::READY, originated tag=WAIT]
rankIdx:13, threadIdx:3, [LocalPostTo]:[topicId=106498]
threadIdx : 4, taskNum : 10 
-------------------------------------------------------
rankIdx:13, threadIdx:4, [LocalWaitFrom]:[topicId=106518]
rankIdx:13, threadIdx:4, [Post]:[remoteRank=15, notifyId=122933, link=link prototyp=LinkProtoStub::SDMA, notifyType=NotifyTypeStub::READY, originated tag=POST]
rankIdx:13, threadIdx:4, [Wait]:[remoteRank=15, notifyId=106552, link=link prototyp=LinkProtoStub::SDMA, notifyType=NotifyTypeStub::READY, originated tag=WAIT]
rankIdx:13, threadIdx:4, [Write]:[remoteRank=15, link=link prototyp=LinkProtoStub::SDMA, localSlice=DataSlice[BufferType::INPUT, offset=0x708, size=0x12C], remoteSlice=DataSlice[BufferType::CCL, offset=0x258, size=0x12C]]
rankIdx:13, threadIdx:4, [Write]:[remoteRank=15, link=link prototyp=LinkProtoStub::SDMA, localSlice=DataSlice[BufferType::INPUT, offset=0x1068, size=0x12C], remoteSlice=DataSlice[BufferType::CCL, offset=0xBB8, size=0x12C]]
rankIdx:13, threadIdx:4, [Write]:[remoteRank=15, link=link prototyp=LinkProtoStub::SDMA, localSlice=DataSlice[BufferType::INPUT, offset=0x19C8, size=0x12C], remoteSlice=DataSlice[BufferType::CCL, offset=0x1518, size=0x12C]]
rankIdx:13, threadIdx:4, [Write]:[remoteRank=15, link=link prototyp=LinkProtoStub::SDMA, localSlice=DataSlice[BufferType::INPUT, offset=0x2328, size=0x12C], remoteSlice=DataSlice[BufferType::CCL, offset=0x1E78, size=0x12C]]
rankIdx:13, threadIdx:4, [Post]:[remoteRank=15, notifyId=122934, link=link prototyp=LinkProtoStub::SDMA, notifyType=NotifyTypeStub::READY, originated tag=POST]
rankIdx:13, threadIdx:4, [Wait]:[remoteRank=15, notifyId=106553, link=link prototyp=LinkProtoStub::SDMA, notifyType=NotifyTypeStub::READY, originated tag=WAIT]
rankIdx:13, threadIdx:4, [LocalPostTo]:[topicId=106499]
threadIdx : 5, taskNum : 10 
-------------------------------------------------------
rankIdx:13, threadIdx:5, [LocalWaitFrom]:[topicId=106525]
rankIdx:13, threadIdx:5, [Post]:[remoteRank=15, notifyId=122942, link=link prototyp=LinkProtoStub::SDMA, notifyType=NotifyTypeStub::READY, originated tag=POST]
rankIdx:13, threadIdx:5, [Wait]:[remoteRank=15, notifyId=106561, link=link prototyp=LinkProtoStub::SDMA, notifyType=NotifyTypeStub::READY, originated tag=WAIT]
rankIdx:13, threadIdx:5, [Write]:[remoteRank=15, link=link prototyp=LinkProtoStub::SDMA, localSlice=DataSlice[BufferType::INPUT, offset=0x834, size=0x12C], remoteSlice=DataSlice[BufferType::CCL, offset=0x384, size=0x12C]]
rankIdx:13, threadIdx:5, [Write]:[remoteRank=15, link=link prototyp=LinkProtoStub::SDMA, localSlice=DataSlice[BufferType::INPUT, offset=0x1194, size=0x12C], remoteSlice=DataSlice[BufferType::CCL, offset=0xCE4, size=0x12C]]
rankIdx:13, threadIdx:5, [Write]:[remoteRank=15, link=link prototyp=LinkProtoStub::SDMA, localSlice=DataSlice[BufferType::INPUT, offset=0x1AF4, size=0x12C], remoteSlice=DataSlice[BufferType::CCL, offset=0x1644, size=0x12C]]
rankIdx:13, threadIdx:5, [Write]:[remoteRank=15, link=link prototyp=LinkProtoStub::SDMA, localSlice=DataSlice[BufferType::INPUT, offset=0x2454, size=0x12C], remoteSlice=DataSlice[BufferType::CCL, offset=0x1FA4, size=0x12C]]
rankIdx:13, threadIdx:5, [Post]:[remoteRank=15, notifyId=122943, link=link prototyp=LinkProtoStub::SDMA, notifyType=NotifyTypeStub::READY, originated tag=POST]
rankIdx:13, threadIdx:5, [Wait]:[remoteRank=15, notifyId=106562, link=link prototyp=LinkProtoStub::SDMA, notifyType=NotifyTypeStub::READY, originated tag=WAIT]
rankIdx:13, threadIdx:5, [LocalPostTo]:[topicId=106500]
threadIdx : 6, taskNum : 10 
-------------------------------------------------------
rankIdx:13, threadIdx:6, [LocalWaitFrom]:[topicId=106532]
rankIdx:13, threadIdx:6, [Post]:[remoteRank=12, notifyId=98354, link=link prototyp=LinkProtoStub::SDMA, notifyType=NotifyTypeStub::READY, originated tag=POST]
rankIdx:13, threadIdx:6, [Wait]:[remoteRank=12, notifyId=106546, link=link prototyp=LinkProtoStub::SDMA, notifyType=NotifyTypeStub::READY, originated tag=WAIT]
rankIdx:13, threadIdx:6, [Write]:[remoteRank=12, link=link prototyp=LinkProtoStub::SDMA, localSlice=DataSlice[BufferType::INPUT, offset=0x0, size=0x12C], remoteSlice=DataSlice[BufferType::CCL, offset=0x258, size=0x12C]]
rankIdx:13, threadIdx:6, [Write]:[remoteRank=12, link=link prototyp=LinkProtoStub::SDMA, localSlice=DataSlice[BufferType::INPUT, offset=0x960, size=0x12C], remoteSlice=DataSlice[BufferType::CCL, offset=0xBB8, size=0x12C]]
rankIdx:13, threadIdx:6, [Write]:[remoteRank=12, link=link prototyp=LinkProtoStub::SDMA, localSlice=DataSlice[BufferType::INPUT, offset=0x12C0, size=0x12C], remoteSlice=DataSlice[BufferType::CCL, offset=0x1518, size=0x12C]]
rankIdx:13, threadIdx:6, [Write]:[remoteRank=12, link=link prototyp=LinkProtoStub::SDMA, localSlice=DataSlice[BufferType::INPUT, offset=0x1C20, size=0x12C], remoteSlice=DataSlice[BufferType::CCL, offset=0x1E78, size=0x12C]]
rankIdx:13, threadIdx:6, [Post]:[remoteRank=12, notifyId=98355, link=link prototyp=LinkProtoStub::SDMA, notifyType=NotifyTypeStub::READY, originated tag=POST]
rankIdx:13, threadIdx:6, [Wait]:[remoteRank=12, notifyId=106547, link=link prototyp=LinkProtoStub::SDMA, notifyType=NotifyTypeStub::READY, originated tag=WAIT]
rankIdx:13, threadIdx:6, [LocalPostTo]:[topicId=106501]
threadIdx : 7, taskNum : 10 
-------------------------------------------------------
rankIdx:13, threadIdx:7, [LocalWaitFrom]:[topicId=106539]
rankIdx:13, threadIdx:7, [Post]:[remoteRank=12, notifyId=98363, link=link prototyp=LinkProtoStub::SDMA, notifyType=NotifyTypeStub::READY, originated tag=POST]
rankIdx:13, threadIdx:7, [Wait]:[remoteRank=12, notifyId=106555, link=link prototyp=LinkProtoStub::SDMA, notifyType=NotifyTypeStub::READY, originated tag=WAIT]
rankIdx:13, threadIdx:7, [Write]:[remoteRank=12, link=link prototyp=LinkProtoStub::SDMA, localSlice=DataSlice[BufferType::INPUT, offset=0x12C, size=0x12C], remoteSlice=DataSlice[BufferType::CCL, offset=0x384, size=0x12C]]
rankIdx:13, threadIdx:7, [Write]:[remoteRank=12, link=link prototyp=LinkProtoStub::SDMA, localSlice=DataSlice[BufferType::INPUT, offset=0xA8C, size=0x12C], remoteSlice=DataSlice[BufferType::CCL, offset=0xCE4, size=0x12C]]
rankIdx:13, threadIdx:7, [Write]:[remoteRank=12, link=link prototyp=LinkProtoStub::SDMA, localSlice=DataSlice[BufferType::INPUT, offset=0x13EC, size=0x12C], remoteSlice=DataSlice[BufferType::CCL, offset=0x1644, size=0x12C]]
rankIdx:13, threadIdx:7, [Write]:[remoteRank=12, link=link prototyp=LinkProtoStub::SDMA, localSlice=DataSlice[BufferType::INPUT, offset=0x1D4C, size=0x12C], remoteSlice=DataSlice[BufferType::CCL, offset=0x1FA4, size=0x12C]]
rankIdx:13, threadIdx:7, [Post]:[remoteRank=12, notifyId=98364, link=link prototyp=LinkProtoStub::SDMA, notifyType=NotifyTypeStub::READY, originated tag=POST]
rankIdx:13, threadIdx:7, [Wait]:[remoteRank=12, notifyId=106556, link=link prototyp=LinkProtoStub::SDMA, notifyType=NotifyTypeStub::READY, originated tag=WAIT]
rankIdx:13, threadIdx:7, [LocalPostTo]:[topicId=106502]
=======================================================
rankId is : 14 
threadIdx : 0, taskNum : 2 
-------------------------------------------------------
rankIdx:14, threadIdx:0, [LocalPostTo]:[topicId=114695]
rankIdx:14, threadIdx:0, [LocalWaitFrom]:[topicId=114688]
threadIdx : 1, taskNum : 42 
-------------------------------------------------------
rankIdx:14, threadIdx:1, [LocalWaitFrom]:[topicId=114695]
rankIdx:14, threadIdx:1, [LocalPostTo]:[topicId=114696]
rankIdx:14, threadIdx:1, [LocalPostTo]:[topicId=114703]
rankIdx:14, threadIdx:1, [LocalPostTo]:[topicId=114710]
rankIdx:14, threadIdx:1, [LocalPostTo]:[topicId=114717]
rankIdx:14, threadIdx:1, [LocalPostTo]:[topicId=114724]
rankIdx:14, threadIdx:1, [LocalPostTo]:[topicId=114731]
rankIdx:14, threadIdx:1, [LocalWaitFrom]:[topicId=114689]
rankIdx:14, threadIdx:1, [LocalWaitFrom]:[topicId=114690]
rankIdx:14, threadIdx:1, [LocalWaitFrom]:[topicId=114691]
rankIdx:14, threadIdx:1, [LocalWaitFrom]:[topicId=114692]
rankIdx:14, threadIdx:1, [LocalWaitFrom]:[topicId=114693]
rankIdx:14, threadIdx:1, [LocalWaitFrom]:[topicId=114694]
rankIdx:14, threadIdx:1, [LocalCopy]:[srcSlice=DataSlice[BufferType::INPUT, offset=0x4B0, size=0x258], dstSlice=DataSlice[BufferType::CCL, offset=0x4B0, size=0x258]]
rankIdx:14, threadIdx:1, [LocalReduce]:[dataType=11, reduceOp=2, srcSlice=DataSlice[BufferType::CCL, offset=0x0, size=0x258], dstSlice=DataSlice[BufferType::CCL, offset=0x4B0, size=0x258]]
rankIdx:14, threadIdx:1, [LocalReduce]:[dataType=11, reduceOp=2, srcSlice=DataSlice[BufferType::CCL, offset=0x258, size=0x258], dstSlice=DataSlice[BufferType::CCL, offset=0x4B0, size=0x258]]
rankIdx:14, threadIdx:1, [LocalReduce]:[dataType=11, reduceOp=2, srcSlice=DataSlice[BufferType::CCL, offset=0x708, size=0x258], dstSlice=DataSlice[BufferType::CCL, offset=0x4B0, size=0x258]]
rankIdx:14, threadIdx:1, [LocalCopy]:[srcSlice=DataSlice[BufferType::INPUT, offset=0xE10, size=0x258], dstSlice=DataSlice[BufferType::CCL, offset=0xE10, size=0x258]]
rankIdx:14, threadIdx:1, [LocalReduce]:[dataType=11, reduceOp=2, srcSlice=DataSlice[BufferType::CCL, offset=0x960, size=0x258], dstSlice=DataSlice[BufferType::CCL, offset=0xE10, size=0x258]]
rankIdx:14, threadIdx:1, [LocalReduce]:[dataType=11, reduceOp=2, srcSlice=DataSlice[BufferType::CCL, offset=0xBB8, size=0x258], dstSlice=DataSlice[BufferType::CCL, offset=0xE10, size=0x258]]
rankIdx:14, threadIdx:1, [LocalReduce]:[dataType=11, reduceOp=2, srcSlice=DataSlice[BufferType::CCL, offset=0x1068, size=0x258], dstSlice=DataSlice[BufferType::CCL, offset=0xE10, size=0x258]]
rankIdx:14, threadIdx:1, [LocalCopy]:[srcSlice=DataSlice[BufferType::INPUT, offset=0x1770, size=0x258], dstSlice=DataSlice[BufferType::CCL, offset=0x1770, size=0x258]]
rankIdx:14, threadIdx:1, [LocalReduce]:[dataType=11, reduceOp=2, srcSlice=DataSlice[BufferType::CCL, offset=0x12C0, size=0x258], dstSlice=DataSlice[BufferType::CCL, offset=0x1770, size=0x258]]
rankIdx:14, threadIdx:1, [LocalReduce]:[dataType=11, reduceOp=2, srcSlice=DataSlice[BufferType::CCL, offset=0x1518, size=0x258], dstSlice=DataSlice[BufferType::CCL, offset=0x1770, size=0x258]]
rankIdx:14, threadIdx:1, [LocalReduce]:[dataType=11, reduceOp=2, srcSlice=DataSlice[BufferType::CCL, offset=0x19C8, size=0x258], dstSlice=DataSlice[BufferType::CCL, offset=0x1770, size=0x258]]
rankIdx:14, threadIdx:1, [LocalCopy]:[srcSlice=DataSlice[BufferType::INPUT, offset=0x20D0, size=0x258], dstSlice=DataSlice[BufferType::CCL, offset=0x20D0, size=0x258]]
rankIdx:14, threadIdx:1, [LocalReduce]:[dataType=11, reduceOp=2, srcSlice=DataSlice[BufferType::CCL, offset=0x1C20, size=0x258], dstSlice=DataSlice[BufferType::CCL, offset=0x20D0, size=0x258]]
rankIdx:14, threadIdx:1, [LocalReduce]:[dataType=11, reduceOp=2, srcSlice=DataSlice[BufferType::CCL, offset=0x1E78, size=0x258], dstSlice=DataSlice[BufferType::CCL, offset=0x20D0, size=0x258]]
rankIdx:14, threadIdx:1, [LocalReduce]:[dataType=11, reduceOp=2, srcSlice=DataSlice[BufferType::CCL, offset=0x2328, size=0x258], dstSlice=DataSlice[BufferType::CCL, offset=0x20D0, size=0x258]]
rankIdx:14, threadIdx:1, [Post]:[remoteRank=10, notifyId=81988, link=link prototyp=LinkProtoStub::SDMA, notifyType=NotifyTypeStub::READY, originated tag=POST]
rankIdx:14, threadIdx:1, [Wait]:[remoteRank=10, notifyId=114756, link=link prototyp=LinkProtoStub::SDMA, notifyType=NotifyTypeStub::READY, originated tag=WAIT]
rankIdx:14, threadIdx:1, [WriteReduce]:[remoteRank=10, link=link prototyp=LinkProtoStub::SDMA, dataType=11, reduceOp=2, localSlice=DataSlice[BufferType::CCL, offset=0x4B0, size=0x258], remoteSlice=DataSlice[BufferType::CCL, offset=0x4B0, size=0x258]]
rankIdx:14, threadIdx:1, [WriteReduce]:[remoteRank=10, link=link prototyp=LinkProtoStub::SDMA, dataType=11, reduceOp=2, localSlice=DataSlice[BufferType::CCL, offset=0x1770, size=0x258], remoteSlice=DataSlice[BufferType::CCL, offset=0x1770, size=0x258]]
rankIdx:14, threadIdx:1, [Post]:[remoteRank=10, notifyId=81989, link=link prototyp=LinkProtoStub::SDMA, notifyType=NotifyTypeStub::READY, originated tag=POST]
rankIdx:14, threadIdx:1, [Wait]:[remoteRank=10, notifyId=114757, link=link prototyp=LinkProtoStub::SDMA, notifyType=NotifyTypeStub::READY, originated tag=WAIT]
rankIdx:14, threadIdx:1, [Post]:[remoteRank=6, notifyId=49223, link=link prototyp=LinkProtoStub::SDMA, notifyType=NotifyTypeStub::READY, originated tag=POST]
rankIdx:14, threadIdx:1, [Wait]:[remoteRank=6, notifyId=114759, link=link prototyp=LinkProtoStub::SDMA, notifyType=NotifyTypeStub::READY, originated tag=WAIT]
rankIdx:14, threadIdx:1, [WriteReduce]:[remoteRank=6, link=link prototyp=LinkProtoStub::SDMA, dataType=11, reduceOp=2, localSlice=DataSlice[BufferType::CCL, offset=0xE10, size=0x258], remoteSlice=DataSlice[BufferType::CCL, offset=0xE10, size=0x258]]
rankIdx:14, threadIdx:1, [Post]:[remoteRank=6, notifyId=49224, link=link prototyp=LinkProtoStub::SDMA, notifyType=NotifyTypeStub::READY, originated tag=POST]
rankIdx:14, threadIdx:1, [Wait]:[remoteRank=6, notifyId=114760, link=link prototyp=LinkProtoStub::SDMA, notifyType=NotifyTypeStub::READY, originated tag=WAIT]
rankIdx:14, threadIdx:1, [LocalCopy]:[srcSlice=DataSlice[BufferType::CCL, offset=0x20D0, size=0x258], dstSlice=DataSlice[BufferType::OUTPUT, offset=0x0, size=0x258]]
rankIdx:14, threadIdx:1, [LocalPostTo]:[topicId=114688]
threadIdx : 2, taskNum : 10 
-------------------------------------------------------
rankIdx:14, threadIdx:2, [LocalWaitFrom]:[topicId=114696]
rankIdx:14, threadIdx:2, [Post]:[remoteRank=15, notifyId=122936, link=link prototyp=LinkProtoStub::SDMA, notifyType=NotifyTypeStub::READY, originated tag=POST]
rankIdx:14, threadIdx:2, [Wait]:[remoteRank=15, notifyId=114744, link=link prototyp=LinkProtoStub::SDMA, notifyType=NotifyTypeStub::READY, originated tag=WAIT]
rankIdx:14, threadIdx:2, [Write]:[remoteRank=15, link=link prototyp=LinkProtoStub::SDMA, localSlice=DataSlice[BufferType::INPUT, offset=0x708, size=0x12C], remoteSlice=DataSlice[BufferType::CCL, offset=0x4B0, size=0x12C]]
rankIdx:14, threadIdx:2, [Write]:[remoteRank=15, link=link prototyp=LinkProtoStub::SDMA, localSlice=DataSlice[BufferType::INPUT, offset=0x1068, size=0x12C], remoteSlice=DataSlice[BufferType::CCL, offset=0xE10, size=0x12C]]
rankIdx:14, threadIdx:2, [Write]:[remoteRank=15, link=link prototyp=LinkProtoStub::SDMA, localSlice=DataSlice[BufferType::INPUT, offset=0x19C8, size=0x12C], remoteSlice=DataSlice[BufferType::CCL, offset=0x1770, size=0x12C]]
rankIdx:14, threadIdx:2, [Write]:[remoteRank=15, link=link prototyp=LinkProtoStub::SDMA, localSlice=DataSlice[BufferType::INPUT, offset=0x2328, size=0x12C], remoteSlice=DataSlice[BufferType::CCL, offset=0x20D0, size=0x12C]]
rankIdx:14, threadIdx:2, [Post]:[remoteRank=15, notifyId=122937, link=link prototyp=LinkProtoStub::SDMA, notifyType=NotifyTypeStub::READY, originated tag=POST]
rankIdx:14, threadIdx:2, [Wait]:[remoteRank=15, notifyId=114745, link=link prototyp=LinkProtoStub::SDMA, notifyType=NotifyTypeStub::READY, originated tag=WAIT]
rankIdx:14, threadIdx:2, [LocalPostTo]:[topicId=114689]
threadIdx : 3, taskNum : 10 
-------------------------------------------------------
rankIdx:14, threadIdx:3, [LocalWaitFrom]:[topicId=114703]
rankIdx:14, threadIdx:3, [Post]:[remoteRank=15, notifyId=122945, link=link prototyp=LinkProtoStub::SDMA, notifyType=NotifyTypeStub::READY, originated tag=POST]
rankIdx:14, threadIdx:3, [Wait]:[remoteRank=15, notifyId=114753, link=link prototyp=LinkProtoStub::SDMA, notifyType=NotifyTypeStub::READY, originated tag=WAIT]
rankIdx:14, threadIdx:3, [Write]:[remoteRank=15, link=link prototyp=LinkProtoStub::SDMA, localSlice=DataSlice[BufferType::INPUT, offset=0x834, size=0x12C], remoteSlice=DataSlice[BufferType::CCL, offset=0x5DC, size=0x12C]]
rankIdx:14, threadIdx:3, [Write]:[remoteRank=15, link=link prototyp=LinkProtoStub::SDMA, localSlice=DataSlice[BufferType::INPUT, offset=0x1194, size=0x12C], remoteSlice=DataSlice[BufferType::CCL, offset=0xF3C, size=0x12C]]
rankIdx:14, threadIdx:3, [Write]:[remoteRank=15, link=link prototyp=LinkProtoStub::SDMA, localSlice=DataSlice[BufferType::INPUT, offset=0x1AF4, size=0x12C], remoteSlice=DataSlice[BufferType::CCL, offset=0x189C, size=0x12C]]
rankIdx:14, threadIdx:3, [Write]:[remoteRank=15, link=link prototyp=LinkProtoStub::SDMA, localSlice=DataSlice[BufferType::INPUT, offset=0x2454, size=0x12C], remoteSlice=DataSlice[BufferType::CCL, offset=0x21FC, size=0x12C]]
rankIdx:14, threadIdx:3, [Post]:[remoteRank=15, notifyId=122946, link=link prototyp=LinkProtoStub::SDMA, notifyType=NotifyTypeStub::READY, originated tag=POST]
rankIdx:14, threadIdx:3, [Wait]:[remoteRank=15, notifyId=114754, link=link prototyp=LinkProtoStub::SDMA, notifyType=NotifyTypeStub::READY, originated tag=WAIT]
rankIdx:14, threadIdx:3, [LocalPostTo]:[topicId=114690]
threadIdx : 4, taskNum : 10 
-------------------------------------------------------
rankIdx:14, threadIdx:4, [LocalWaitFrom]:[topicId=114710]
rankIdx:14, threadIdx:4, [Post]:[remoteRank=12, notifyId=98357, link=link prototyp=LinkProtoStub::SDMA, notifyType=NotifyTypeStub::READY, originated tag=POST]
rankIdx:14, threadIdx:4, [Wait]:[remoteRank=12, notifyId=114738, link=link prototyp=LinkProtoStub::SDMA, notifyType=NotifyTypeStub::READY, originated tag=WAIT]
rankIdx:14, threadIdx:4, [Write]:[remoteRank=12, link=link prototyp=LinkProtoStub::SDMA, localSlice=DataSlice[BufferType::INPUT, offset=0x0, size=0x12C], remoteSlice=DataSlice[BufferType::CCL, offset=0x4B0, size=0x12C]]
rankIdx:14, threadIdx:4, [Write]:[remoteRank=12, link=link prototyp=LinkProtoStub::SDMA, localSlice=DataSlice[BufferType::INPUT, offset=0x960, size=0x12C], remoteSlice=DataSlice[BufferType::CCL, offset=0xE10, size=0x12C]]
rankIdx:14, threadIdx:4, [Write]:[remoteRank=12, link=link prototyp=LinkProtoStub::SDMA, localSlice=DataSlice[BufferType::INPUT, offset=0x12C0, size=0x12C], remoteSlice=DataSlice[BufferType::CCL, offset=0x1770, size=0x12C]]
rankIdx:14, threadIdx:4, [Write]:[remoteRank=12, link=link prototyp=LinkProtoStub::SDMA, localSlice=DataSlice[BufferType::INPUT, offset=0x1C20, size=0x12C], remoteSlice=DataSlice[BufferType::CCL, offset=0x20D0, size=0x12C]]
rankIdx:14, threadIdx:4, [Post]:[remoteRank=12, notifyId=98358, link=link prototyp=LinkProtoStub::SDMA, notifyType=NotifyTypeStub::READY, originated tag=POST]
rankIdx:14, threadIdx:4, [Wait]:[remoteRank=12, notifyId=114739, link=link prototyp=LinkProtoStub::SDMA, notifyType=NotifyTypeStub::READY, originated tag=WAIT]
rankIdx:14, threadIdx:4, [LocalPostTo]:[topicId=114691]
threadIdx : 5, taskNum : 10 
-------------------------------------------------------
rankIdx:14, threadIdx:5, [LocalWaitFrom]:[topicId=114717]
rankIdx:14, threadIdx:5, [Post]:[remoteRank=12, notifyId=98366, link=link prototyp=LinkProtoStub::SDMA, notifyType=NotifyTypeStub::READY, originated tag=POST]
rankIdx:14, threadIdx:5, [Wait]:[remoteRank=12, notifyId=114747, link=link prototyp=LinkProtoStub::SDMA, notifyType=NotifyTypeStub::READY, originated tag=WAIT]
rankIdx:14, threadIdx:5, [Write]:[remoteRank=12, link=link prototyp=LinkProtoStub::SDMA, localSlice=DataSlice[BufferType::INPUT, offset=0x12C, size=0x12C], remoteSlice=DataSlice[BufferType::CCL, offset=0x5DC, size=0x12C]]
rankIdx:14, threadIdx:5, [Write]:[remoteRank=12, link=link prototyp=LinkProtoStub::SDMA, localSlice=DataSlice[BufferType::INPUT, offset=0xA8C, size=0x12C], remoteSlice=DataSlice[BufferType::CCL, offset=0xF3C, size=0x12C]]
rankIdx:14, threadIdx:5, [Write]:[remoteRank=12, link=link prototyp=LinkProtoStub::SDMA, localSlice=DataSlice[BufferType::INPUT, offset=0x13EC, size=0x12C], remoteSlice=DataSlice[BufferType::CCL, offset=0x189C, size=0x12C]]
rankIdx:14, threadIdx:5, [Write]:[remoteRank=12, link=link prototyp=LinkProtoStub::SDMA, localSlice=DataSlice[BufferType::INPUT, offset=0x1D4C, size=0x12C], remoteSlice=DataSlice[BufferType::CCL, offset=0x21FC, size=0x12C]]
rankIdx:14, threadIdx:5, [Post]:[remoteRank=12, notifyId=98367, link=link prototyp=LinkProtoStub::SDMA, notifyType=NotifyTypeStub::READY, originated tag=POST]
rankIdx:14, threadIdx:5, [Wait]:[remoteRank=12, notifyId=114748, link=link prototyp=LinkProtoStub::SDMA, notifyType=NotifyTypeStub::READY, originated tag=WAIT]
rankIdx:14, threadIdx:5, [LocalPostTo]:[topicId=114692]
threadIdx : 6, taskNum : 10 
-------------------------------------------------------
rankIdx:14, threadIdx:6, [LocalWaitFrom]:[topicId=114724]
rankIdx:14, threadIdx:6, [Post]:[remoteRank=13, notifyId=106549, link=link prototyp=LinkProtoStub::SDMA, notifyType=NotifyTypeStub::READY, originated tag=POST]
rankIdx:14, threadIdx:6, [Wait]:[remoteRank=13, notifyId=114741, link=link prototyp=LinkProtoStub::SDMA, notifyType=NotifyTypeStub::READY, originated tag=WAIT]
rankIdx:14, threadIdx:6, [Write]:[remoteRank=13, link=link prototyp=LinkProtoStub::SDMA, localSlice=DataSlice[BufferType::INPUT, offset=0x258, size=0x12C], remoteSlice=DataSlice[BufferType::CCL, offset=0x4B0, size=0x12C]]
rankIdx:14, threadIdx:6, [Write]:[remoteRank=13, link=link prototyp=LinkProtoStub::SDMA, localSlice=DataSlice[BufferType::INPUT, offset=0xBB8, size=0x12C], remoteSlice=DataSlice[BufferType::CCL, offset=0xE10, size=0x12C]]
rankIdx:14, threadIdx:6, [Write]:[remoteRank=13, link=link prototyp=LinkProtoStub::SDMA, localSlice=DataSlice[BufferType::INPUT, offset=0x1518, size=0x12C], remoteSlice=DataSlice[BufferType::CCL, offset=0x1770, size=0x12C]]
rankIdx:14, threadIdx:6, [Write]:[remoteRank=13, link=link prototyp=LinkProtoStub::SDMA, localSlice=DataSlice[BufferType::INPUT, offset=0x1E78, size=0x12C], remoteSlice=DataSlice[BufferType::CCL, offset=0x20D0, size=0x12C]]
rankIdx:14, threadIdx:6, [Post]:[remoteRank=13, notifyId=106550, link=link prototyp=LinkProtoStub::SDMA, notifyType=NotifyTypeStub::READY, originated tag=POST]
rankIdx:14, threadIdx:6, [Wait]:[remoteRank=13, notifyId=114742, link=link prototyp=LinkProtoStub::SDMA, notifyType=NotifyTypeStub::READY, originated tag=WAIT]
rankIdx:14, threadIdx:6, [LocalPostTo]:[topicId=114693]
threadIdx : 7, taskNum : 10 
-------------------------------------------------------
rankIdx:14, threadIdx:7, [LocalWaitFrom]:[topicId=114731]
rankIdx:14, threadIdx:7, [Post]:[remoteRank=13, notifyId=106558, link=link prototyp=LinkProtoStub::SDMA, notifyType=NotifyTypeStub::READY, originated tag=POST]
rankIdx:14, threadIdx:7, [Wait]:[remoteRank=13, notifyId=114750, link=link prototyp=LinkProtoStub::SDMA, notifyType=NotifyTypeStub::READY, originated tag=WAIT]
rankIdx:14, threadIdx:7, [Write]:[remoteRank=13, link=link prototyp=LinkProtoStub::SDMA, localSlice=DataSlice[BufferType::INPUT, offset=0x384, size=0x12C], remoteSlice=DataSlice[BufferType::CCL, offset=0x5DC, size=0x12C]]
rankIdx:14, threadIdx:7, [Write]:[remoteRank=13, link=link prototyp=LinkProtoStub::SDMA, localSlice=DataSlice[BufferType::INPUT, offset=0xCE4, size=0x12C], remoteSlice=DataSlice[BufferType::CCL, offset=0xF3C, size=0x12C]]
rankIdx:14, threadIdx:7, [Write]:[remoteRank=13, link=link prototyp=LinkProtoStub::SDMA, localSlice=DataSlice[BufferType::INPUT, offset=0x1644, size=0x12C], remoteSlice=DataSlice[BufferType::CCL, offset=0x189C, size=0x12C]]
rankIdx:14, threadIdx:7, [Write]:[remoteRank=13, link=link prototyp=LinkProtoStub::SDMA, localSlice=DataSlice[BufferType::INPUT, offset=0x1FA4, size=0x12C], remoteSlice=DataSlice[BufferType::CCL, offset=0x21FC, size=0x12C]]
rankIdx:14, threadIdx:7, [Post]:[remoteRank=13, notifyId=106559, link=link prototyp=LinkProtoStub::SDMA, notifyType=NotifyTypeStub::READY, originated tag=POST]
rankIdx:14, threadIdx:7, [Wait]:[remoteRank=13, notifyId=114751, link=link prototyp=LinkProtoStub::SDMA, notifyType=NotifyTypeStub::READY, originated tag=WAIT]
rankIdx:14, threadIdx:7, [LocalPostTo]:[topicId=114694]
=======================================================
rankId is : 15 
threadIdx : 0, taskNum : 2 
-------------------------------------------------------
rankIdx:15, threadIdx:0, [LocalPostTo]:[topicId=122887]
rankIdx:15, threadIdx:0, [LocalWaitFrom]:[topicId=122880]
threadIdx : 1, taskNum : 42 
-------------------------------------------------------
rankIdx:15, threadIdx:1, [LocalWaitFrom]:[topicId=122887]
rankIdx:15, threadIdx:1, [LocalPostTo]:[topicId=122888]
rankIdx:15, threadIdx:1, [LocalPostTo]:[topicId=122895]
rankIdx:15, threadIdx:1, [LocalPostTo]:[topicId=122902]
rankIdx:15, threadIdx:1, [LocalPostTo]:[topicId=122909]
rankIdx:15, threadIdx:1, [LocalPostTo]:[topicId=122916]
rankIdx:15, threadIdx:1, [LocalPostTo]:[topicId=122923]
rankIdx:15, threadIdx:1, [LocalWaitFrom]:[topicId=122881]
rankIdx:15, threadIdx:1, [LocalWaitFrom]:[topicId=122882]
rankIdx:15, threadIdx:1, [LocalWaitFrom]:[topicId=122883]
rankIdx:15, threadIdx:1, [LocalWaitFrom]:[topicId=122884]
rankIdx:15, threadIdx:1, [LocalWaitFrom]:[topicId=122885]
rankIdx:15, threadIdx:1, [LocalWaitFrom]:[topicId=122886]
rankIdx:15, threadIdx:1, [LocalCopy]:[srcSlice=DataSlice[BufferType::INPUT, offset=0x708, size=0x258], dstSlice=DataSlice[BufferType::CCL, offset=0x708, size=0x258]]
rankIdx:15, threadIdx:1, [LocalReduce]:[dataType=11, reduceOp=2, srcSlice=DataSlice[BufferType::CCL, offset=0x0, size=0x258], dstSlice=DataSlice[BufferType::CCL, offset=0x708, size=0x258]]
rankIdx:15, threadIdx:1, [LocalReduce]:[dataType=11, reduceOp=2, srcSlice=DataSlice[BufferType::CCL, offset=0x258, size=0x258], dstSlice=DataSlice[BufferType::CCL, offset=0x708, size=0x258]]
rankIdx:15, threadIdx:1, [LocalReduce]:[dataType=11, reduceOp=2, srcSlice=DataSlice[BufferType::CCL, offset=0x4B0, size=0x258], dstSlice=DataSlice[BufferType::CCL, offset=0x708, size=0x258]]
rankIdx:15, threadIdx:1, [LocalCopy]:[srcSlice=DataSlice[BufferType::INPUT, offset=0x1068, size=0x258], dstSlice=DataSlice[BufferType::CCL, offset=0x1068, size=0x258]]
rankIdx:15, threadIdx:1, [LocalReduce]:[dataType=11, reduceOp=2, srcSlice=DataSlice[BufferType::CCL, offset=0x960, size=0x258], dstSlice=DataSlice[BufferType::CCL, offset=0x1068, size=0x258]]
rankIdx:15, threadIdx:1, [LocalReduce]:[dataType=11, reduceOp=2, srcSlice=DataSlice[BufferType::CCL, offset=0xBB8, size=0x258], dstSlice=DataSlice[BufferType::CCL, offset=0x1068, size=0x258]]
rankIdx:15, threadIdx:1, [LocalReduce]:[dataType=11, reduceOp=2, srcSlice=DataSlice[BufferType::CCL, offset=0xE10, size=0x258], dstSlice=DataSlice[BufferType::CCL, offset=0x1068, size=0x258]]
rankIdx:15, threadIdx:1, [LocalCopy]:[srcSlice=DataSlice[BufferType::INPUT, offset=0x19C8, size=0x258], dstSlice=DataSlice[BufferType::CCL, offset=0x19C8, size=0x258]]
rankIdx:15, threadIdx:1, [LocalReduce]:[dataType=11, reduceOp=2, srcSlice=DataSlice[BufferType::CCL, offset=0x12C0, size=0x258], dstSlice=DataSlice[BufferType::CCL, offset=0x19C8, size=0x258]]
rankIdx:15, threadIdx:1, [LocalReduce]:[dataType=11, reduceOp=2, srcSlice=DataSlice[BufferType::CCL, offset=0x1518, size=0x258], dstSlice=DataSlice[BufferType::CCL, offset=0x19C8, size=0x258]]
rankIdx:15, threadIdx:1, [LocalReduce]:[dataType=11, reduceOp=2, srcSlice=DataSlice[BufferType::CCL, offset=0x1770, size=0x258], dstSlice=DataSlice[BufferType::CCL, offset=0x19C8, size=0x258]]
rankIdx:15, threadIdx:1, [LocalCopy]:[srcSlice=DataSlice[BufferType::INPUT, offset=0x2328, size=0x258], dstSlice=DataSlice[BufferType::CCL, offset=0x2328, size=0x258]]
rankIdx:15, threadIdx:1, [LocalReduce]:[dataType=11, reduceOp=2, srcSlice=DataSlice[BufferType::CCL, offset=0x1C20, size=0x258], dstSlice=DataSlice[BufferType::CCL, offset=0x2328, size=0x258]]
rankIdx:15, threadIdx:1, [LocalReduce]:[dataType=11, reduceOp=2, srcSlice=DataSlice[BufferType::CCL, offset=0x1E78, size=0x258], dstSlice=DataSlice[BufferType::CCL, offset=0x2328, size=0x258]]
rankIdx:15, threadIdx:1, [LocalReduce]:[dataType=11, reduceOp=2, srcSlice=DataSlice[BufferType::CCL, offset=0x20D0, size=0x258], dstSlice=DataSlice[BufferType::CCL, offset=0x2328, size=0x258]]
rankIdx:15, threadIdx:1, [Post]:[remoteRank=11, notifyId=90180, link=link prototyp=LinkProtoStub::SDMA, notifyType=NotifyTypeStub::READY, originated tag=POST]
rankIdx:15, threadIdx:1, [Wait]:[remoteRank=11, notifyId=122948, link=link prototyp=LinkProtoStub::SDMA, notifyType=NotifyTypeStub::READY, originated tag=WAIT]
rankIdx:15, threadIdx:1, [WriteReduce]:[remoteRank=11, link=link prototyp=LinkProtoStub::SDMA, dataType=11, reduceOp=2, localSlice=DataSlice[BufferType::CCL, offset=0x708, size=0x258], remoteSlice=DataSlice[BufferType::CCL, offset=0x708, size=0x258]]
rankIdx:15, threadIdx:1, [WriteReduce]:[remoteRank=11, link=link prototyp=LinkProtoStub::SDMA, dataType=11, reduceOp=2, localSlice=DataSlice[BufferType::CCL, offset=0x19C8, size=0x258], remoteSlice=DataSlice[BufferType::CCL, offset=0x19C8, size=0x258]]
rankIdx:15, threadIdx:1, [Post]:[remoteRank=11, notifyId=90181, link=link prototyp=LinkProtoStub::SDMA, notifyType=NotifyTypeStub::READY, originated tag=POST]
rankIdx:15, threadIdx:1, [Wait]:[remoteRank=11, notifyId=122949, link=link prototyp=LinkProtoStub::SDMA, notifyType=NotifyTypeStub::READY, originated tag=WAIT]
rankIdx:15, threadIdx:1, [Post]:[remoteRank=7, notifyId=57415, link=link prototyp=LinkProtoStub::SDMA, notifyType=NotifyTypeStub::READY, originated tag=POST]
rankIdx:15, threadIdx:1, [Wait]:[remoteRank=7, notifyId=122951, link=link prototyp=LinkProtoStub::SDMA, notifyType=NotifyTypeStub::READY, originated tag=WAIT]
rankIdx:15, threadIdx:1, [WriteReduce]:[remoteRank=7, link=link prototyp=LinkProtoStub::SDMA, dataType=11, reduceOp=2, localSlice=DataSlice[BufferType::CCL, offset=0x1068, size=0x258], remoteSlice=DataSlice[BufferType::CCL, offset=0x1068, size=0x258]]
rankIdx:15, threadIdx:1, [Post]:[remoteRank=7, notifyId=57416, link=link prototyp=LinkProtoStub::SDMA, notifyType=NotifyTypeStub::READY, originated tag=POST]
rankIdx:15, threadIdx:1, [Wait]:[remoteRank=7, notifyId=122952, link=link prototyp=LinkProtoStub::SDMA, notifyType=NotifyTypeStub::READY, originated tag=WAIT]
rankIdx:15, threadIdx:1, [LocalCopy]:[srcSlice=DataSlice[BufferType::CCL, offset=0x2328, size=0x258], dstSlice=DataSlice[BufferType::OUTPUT, offset=0x0, size=0x258]]
rankIdx:15, threadIdx:1, [LocalPostTo]:[topicId=122880]
threadIdx : 2, taskNum : 10 
-------------------------------------------------------
rankIdx:15, threadIdx:2, [LocalWaitFrom]:[topicId=122888]
rankIdx:15, threadIdx:2, [Post]:[remoteRank=12, notifyId=98360, link=link prototyp=LinkProtoStub::SDMA, notifyType=NotifyTypeStub::READY, originated tag=POST]
rankIdx:15, threadIdx:2, [Wait]:[remoteRank=12, notifyId=122930, link=link prototyp=LinkProtoStub::SDMA, notifyType=NotifyTypeStub::READY, originated tag=WAIT]
rankIdx:15, threadIdx:2, [Write]:[remoteRank=12, link=link prototyp=LinkProtoStub::SDMA, localSlice=DataSlice[BufferType::INPUT, offset=0x0, size=0x12C], remoteSlice=DataSlice[BufferType::CCL, offset=0x708, size=0x12C]]
rankIdx:15, threadIdx:2, [Write]:[remoteRank=12, link=link prototyp=LinkProtoStub::SDMA, localSlice=DataSlice[BufferType::INPUT, offset=0x960, size=0x12C], remoteSlice=DataSlice[BufferType::CCL, offset=0x1068, size=0x12C]]
rankIdx:15, threadIdx:2, [Write]:[remoteRank=12, link=link prototyp=LinkProtoStub::SDMA, localSlice=DataSlice[BufferType::INPUT, offset=0x12C0, size=0x12C], remoteSlice=DataSlice[BufferType::CCL, offset=0x19C8, size=0x12C]]
rankIdx:15, threadIdx:2, [Write]:[remoteRank=12, link=link prototyp=LinkProtoStub::SDMA, localSlice=DataSlice[BufferType::INPUT, offset=0x1C20, size=0x12C], remoteSlice=DataSlice[BufferType::CCL, offset=0x2328, size=0x12C]]
rankIdx:15, threadIdx:2, [Post]:[remoteRank=12, notifyId=98361, link=link prototyp=LinkProtoStub::SDMA, notifyType=NotifyTypeStub::READY, originated tag=POST]
rankIdx:15, threadIdx:2, [Wait]:[remoteRank=12, notifyId=122931, link=link prototyp=LinkProtoStub::SDMA, notifyType=NotifyTypeStub::READY, originated tag=WAIT]
rankIdx:15, threadIdx:2, [LocalPostTo]:[topicId=122881]
threadIdx : 3, taskNum : 10 
-------------------------------------------------------
rankIdx:15, threadIdx:3, [LocalWaitFrom]:[topicId=122895]
rankIdx:15, threadIdx:3, [Post]:[remoteRank=12, notifyId=98369, link=link prototyp=LinkProtoStub::SDMA, notifyType=NotifyTypeStub::READY, originated tag=POST]
rankIdx:15, threadIdx:3, [Wait]:[remoteRank=12, notifyId=122939, link=link prototyp=LinkProtoStub::SDMA, notifyType=NotifyTypeStub::READY, originated tag=WAIT]
rankIdx:15, threadIdx:3, [Write]:[remoteRank=12, link=link prototyp=LinkProtoStub::SDMA, localSlice=DataSlice[BufferType::INPUT, offset=0x12C, size=0x12C], remoteSlice=DataSlice[BufferType::CCL, offset=0x834, size=0x12C]]
rankIdx:15, threadIdx:3, [Write]:[remoteRank=12, link=link prototyp=LinkProtoStub::SDMA, localSlice=DataSlice[BufferType::INPUT, offset=0xA8C, size=0x12C], remoteSlice=DataSlice[BufferType::CCL, offset=0x1194, size=0x12C]]
rankIdx:15, threadIdx:3, [Write]:[remoteRank=12, link=link prototyp=LinkProtoStub::SDMA, localSlice=DataSlice[BufferType::INPUT, offset=0x13EC, size=0x12C], remoteSlice=DataSlice[BufferType::CCL, offset=0x1AF4, size=0x12C]]
rankIdx:15, threadIdx:3, [Write]:[remoteRank=12, link=link prototyp=LinkProtoStub::SDMA, localSlice=DataSlice[BufferType::INPUT, offset=0x1D4C, size=0x12C], remoteSlice=DataSlice[BufferType::CCL, offset=0x2454, size=0x12C]]
rankIdx:15, threadIdx:3, [Post]:[remoteRank=12, notifyId=98370, link=link prototyp=LinkProtoStub::SDMA, notifyType=NotifyTypeStub::READY, originated tag=POST]
rankIdx:15, threadIdx:3, [Wait]:[remoteRank=12, notifyId=122940, link=link prototyp=LinkProtoStub::SDMA, notifyType=NotifyTypeStub::READY, originated tag=WAIT]
rankIdx:15, threadIdx:3, [LocalPostTo]:[topicId=122882]
threadIdx : 4, taskNum : 10 
-------------------------------------------------------
rankIdx:15, threadIdx:4, [LocalWaitFrom]:[topicId=122902]
rankIdx:15, threadIdx:4, [Post]:[remoteRank=13, notifyId=106552, link=link prototyp=LinkProtoStub::SDMA, notifyType=NotifyTypeStub::READY, originated tag=POST]
rankIdx:15, threadIdx:4, [Wait]:[remoteRank=13, notifyId=122933, link=link prototyp=LinkProtoStub::SDMA, notifyType=NotifyTypeStub::READY, originated tag=WAIT]
rankIdx:15, threadIdx:4, [Write]:[remoteRank=13, link=link prototyp=LinkProtoStub::SDMA, localSlice=DataSlice[BufferType::INPUT, offset=0x258, size=0x12C], remoteSlice=DataSlice[BufferType::CCL, offset=0x708, size=0x12C]]
rankIdx:15, threadIdx:4, [Write]:[remoteRank=13, link=link prototyp=LinkProtoStub::SDMA, localSlice=DataSlice[BufferType::INPUT, offset=0xBB8, size=0x12C], remoteSlice=DataSlice[BufferType::CCL, offset=0x1068, size=0x12C]]
rankIdx:15, threadIdx:4, [Write]:[remoteRank=13, link=link prototyp=LinkProtoStub::SDMA, localSlice=DataSlice[BufferType::INPUT, offset=0x1518, size=0x12C], remoteSlice=DataSlice[BufferType::CCL, offset=0x19C8, size=0x12C]]
rankIdx:15, threadIdx:4, [Write]:[remoteRank=13, link=link prototyp=LinkProtoStub::SDMA, localSlice=DataSlice[BufferType::INPUT, offset=0x1E78, size=0x12C], remoteSlice=DataSlice[BufferType::CCL, offset=0x2328, size=0x12C]]
rankIdx:15, threadIdx:4, [Post]:[remoteRank=13, notifyId=106553, link=link prototyp=LinkProtoStub::SDMA, notifyType=NotifyTypeStub::READY, originated tag=POST]
rankIdx:15, threadIdx:4, [Wait]:[remoteRank=13, notifyId=122934, link=link prototyp=LinkProtoStub::SDMA, notifyType=NotifyTypeStub::READY, originated tag=WAIT]
rankIdx:15, threadIdx:4, [LocalPostTo]:[topicId=122883]
threadIdx : 5, taskNum : 10 
-------------------------------------------------------
rankIdx:15, threadIdx:5, [LocalWaitFrom]:[topicId=122909]
rankIdx:15, threadIdx:5, [Post]:[remoteRank=13, notifyId=106561, link=link prototyp=LinkProtoStub::SDMA, notifyType=NotifyTypeStub::READY, originated tag=POST]
rankIdx:15, threadIdx:5, [Wait]:[remoteRank=13, notifyId=122942, link=link prototyp=LinkProtoStub::SDMA, notifyType=NotifyTypeStub::READY, originated tag=WAIT]
rankIdx:15, threadIdx:5, [Write]:[remoteRank=13, link=link prototyp=LinkProtoStub::SDMA, localSlice=DataSlice[BufferType::INPUT, offset=0x384, size=0x12C], remoteSlice=DataSlice[BufferType::CCL, offset=0x834, size=0x12C]]
rankIdx:15, threadIdx:5, [Write]:[remoteRank=13, link=link prototyp=LinkProtoStub::SDMA, localSlice=DataSlice[BufferType::INPUT, offset=0xCE4, size=0x12C], remoteSlice=DataSlice[BufferType::CCL, offset=0x1194, size=0x12C]]
rankIdx:15, threadIdx:5, [Write]:[remoteRank=13, link=link prototyp=LinkProtoStub::SDMA, localSlice=DataSlice[BufferType::INPUT, offset=0x1644, size=0x12C], remoteSlice=DataSlice[BufferType::CCL, offset=0x1AF4, size=0x12C]]
rankIdx:15, threadIdx:5, [Write]:[remoteRank=13, link=link prototyp=LinkProtoStub::SDMA, localSlice=DataSlice[BufferType::INPUT, offset=0x1FA4, size=0x12C], remoteSlice=DataSlice[BufferType::CCL, offset=0x2454, size=0x12C]]
rankIdx:15, threadIdx:5, [Post]:[remoteRank=13, notifyId=106562, link=link prototyp=LinkProtoStub::SDMA, notifyType=NotifyTypeStub::READY, originated tag=POST]
rankIdx:15, threadIdx:5, [Wait]:[remoteRank=13, notifyId=122943, link=link prototyp=LinkProtoStub::SDMA, notifyType=NotifyTypeStub::READY, originated tag=WAIT]
rankIdx:15, threadIdx:5, [LocalPostTo]:[topicId=122884]
threadIdx : 6, taskNum : 10 
-------------------------------------------------------
rankIdx:15, threadIdx:6, [LocalWaitFrom]:[topicId=122916]
rankIdx:15, threadIdx:6, [Post]:[remoteRank=14, notifyId=114744, link=link prototyp=LinkProtoStub::SDMA, notifyType=NotifyTypeStub::READY, originated tag=POST]
rankIdx:15, threadIdx:6, [Wait]:[remoteRank=14, notifyId=122936, link=link prototyp=LinkProtoStub::SDMA, notifyType=NotifyTypeStub::READY, originated tag=WAIT]
rankIdx:15, threadIdx:6, [Write]:[remoteRank=14, link=link prototyp=LinkProtoStub::SDMA, localSlice=DataSlice[BufferType::INPUT, offset=0x4B0, size=0x12C], remoteSlice=DataSlice[BufferType::CCL, offset=0x708, size=0x12C]]
rankIdx:15, threadIdx:6, [Write]:[remoteRank=14, link=link prototyp=LinkProtoStub::SDMA, localSlice=DataSlice[BufferType::INPUT, offset=0xE10, size=0x12C], remoteSlice=DataSlice[BufferType::CCL, offset=0x1068, size=0x12C]]
rankIdx:15, threadIdx:6, [Write]:[remoteRank=14, link=link prototyp=LinkProtoStub::SDMA, localSlice=DataSlice[BufferType::INPUT, offset=0x1770, size=0x12C], remoteSlice=DataSlice[BufferType::CCL, offset=0x19C8, size=0x12C]]
rankIdx:15, threadIdx:6, [Write]:[remoteRank=14, link=link prototyp=LinkProtoStub::SDMA, localSlice=DataSlice[BufferType::INPUT, offset=0x20D0, size=0x12C], remoteSlice=DataSlice[BufferType::CCL, offset=0x2328, size=0x12C]]
rankIdx:15, threadIdx:6, [Post]:[remoteRank=14, notifyId=114745, link=link prototyp=LinkProtoStub::SDMA, notifyType=NotifyTypeStub::READY, originated tag=POST]
rankIdx:15, threadIdx:6, [Wait]:[remoteRank=14, notifyId=122937, link=link prototyp=LinkProtoStub::SDMA, notifyType=NotifyTypeStub::READY, originated tag=WAIT]
rankIdx:15, threadIdx:6, [LocalPostTo]:[topicId=122885]
threadIdx : 7, taskNum : 10 
-------------------------------------------------------
rankIdx:15, threadIdx:7, [LocalWaitFrom]:[topicId=122923]
rankIdx:15, threadIdx:7, [Post]:[remoteRank=14, notifyId=114753, link=link prototyp=LinkProtoStub::SDMA, notifyType=NotifyTypeStub::READY, originated tag=POST]
rankIdx:15, threadIdx:7, [Wait]:[remoteRank=14, notifyId=122945, link=link prototyp=LinkProtoStub::SDMA, notifyType=NotifyTypeStub::READY, originated tag=WAIT]
rankIdx:15, threadIdx:7, [Write]:[remoteRank=14, link=link prototyp=LinkProtoStub::SDMA, localSlice=DataSlice[BufferType::INPUT, offset=0x5DC, size=0x12C], remoteSlice=DataSlice[BufferType::CCL, offset=0x834, size=0x12C]]
rankIdx:15, threadIdx:7, [Write]:[remoteRank=14, link=link prototyp=LinkProtoStub::SDMA, localSlice=DataSlice[BufferType::INPUT, offset=0xF3C, size=0x12C], remoteSlice=DataSlice[BufferType::CCL, offset=0x1194, size=0x12C]]
rankIdx:15, threadIdx:7, [Write]:[remoteRank=14, link=link prototyp=LinkProtoStub::SDMA, localSlice=DataSlice[BufferType::INPUT, offset=0x189C, size=0x12C], remoteSlice=DataSlice[BufferType::CCL, offset=0x1AF4, size=0x12C]]
rankIdx:15, threadIdx:7, [Write]:[remoteRank=14, link=link prototyp=LinkProtoStub::SDMA, localSlice=DataSlice[BufferType::INPUT, offset=0x21FC, size=0x12C], remoteSlice=DataSlice[BufferType::CCL, offset=0x2454, size=0x12C]]
rankIdx:15, threadIdx:7, [Post]:[remoteRank=14, notifyId=114754, link=link prototyp=LinkProtoStub::SDMA, notifyType=NotifyTypeStub::READY, originated tag=POST]
rankIdx:15, threadIdx:7, [Wait]:[remoteRank=14, notifyId=122946, link=link prototyp=LinkProtoStub::SDMA, notifyType=NotifyTypeStub::READY, originated tag=WAIT]
rankIdx:15, threadIdx:7, [LocalPostTo]:[topicId=122886]
[       OK ] ST_REDUCE_SCATTER_3LEVEL_TEST.st_reduce_scatter_3level_4x2x2_bfp16_max_dtype (565 ms)
[----------] 1 test from ST_REDUCE_SCATTER_3LEVEL_TEST (566 ms total)

[----------] Global test environment tear-down
[==========] 1 test from 1 test suite ran. (566 ms total)
[  PASSED  ] 1 test.
