[2026-07-21 17:07:55] Info: Created /home/xuan/WorkSpace/hccl/build
-- STATIC_MODE=OFF
-- ASCEND_CANN_PACKAGE_PATH=/home/xuan/Ascend/ascend-toolkit/latest
-- CANN_3RD_LIB_PATH=/home/xuan/WorkSpace/hccl/third_party
-- PRODUCT_SIDE=host
-- BUILD_OPEN_PROJECT=ON
-- ENABLE_BUILD_DEVICE=ON
-- ENABLE_BUILD_AARCH=OFF
-- The C compiler identification is GNU 11.4.0
-- The CXX compiler identification is GNU 11.4.0
-- Detecting C compiler ABI info
-- Detecting C compiler ABI info - done
-- Check for working C compiler: /usr/bin/cc - skipped
-- Detecting C compile features
-- Detecting C compile features - done
-- Detecting CXX compiler ABI info
-- Detecting CXX compiler ABI info - done
-- Check for working CXX compiler: /usr/bin/c++ - skipped
-- Detecting CXX compile features
-- Detecting CXX compile features - done
-- Initialization summary: Ccache not found, TARGET_ARCH: x86_64
-- config.cmake KERNEL_MODE= BUILD_OPEN_PROJECT=ON
-- [ThirdParty][makeself] found local tar.gz package: /home/xuan/WorkSpace/hccl/third_party/makeself-release-2.5.0-patch1.tar.gz, extracting...
-- [ThirdParty][makeself] local tar.gz extracted successfully to /home/xuan/WorkSpace/hccl/third_party/makeself
-- Found acl_rt: /home/xuan/Ascend/ascend-toolkit/latest/include
-- 
 Properties for TARGET acl_rt_headers:
   acl_rt_headers.INTERFACE_INCLUDE_DIRECTORIES = "/home/xuan/Ascend/ascend-toolkit/latest/include;/home/xuan/Ascend/ascend-toolkit/latest/include/acl"

-- 
 Properties for TARGET acl_rt:
   acl_rt.INTERFACE_LINK_LIBRARIES = "acl_rt_headers"
   acl_rt.IMPORTED_LOCATION = "/home/xuan/Ascend/ascend-toolkit/latest/lib64/libacl_rt.so"

-- Found msprof: /home/xuan/Ascend/ascend-toolkit/latest/pkg_inc
-- Found securec: /home/xuan/Ascend/ascend-toolkit/latest/include
-- Variables in securec module:
-- C_SEC_INCLUDE="/home/xuan/Ascend/ascend-toolkit/latest/include"
-- C_SEC_LIBRARY_DIR="/home/xuan/Ascend/ascend-toolkit/latest/lib64"
-- C_SEC_STATIC_LIBRARY="/home/xuan/Ascend/ascend-toolkit/latest/lib64/libc_sec.a"
-- C_SEC_SHARED_LIBRARY="/home/xuan/Ascend/ascend-toolkit/latest/lib64/libc_sec.so"
-- 
 Properties for TARGET c_sec_headers:
   c_sec_headers.INTERFACE_INCLUDE_DIRECTORIES = "/home/xuan/Ascend/ascend-toolkit/latest/include"

-- 
 Properties for TARGET c_sec_static:
   c_sec_static.INTERFACE_INCLUDE_DIRECTORIES = "/home/xuan/Ascend/ascend-toolkit/latest/include"
   c_sec_static.IMPORTED_LOCATION = "/home/xuan/Ascend/ascend-toolkit/latest/lib64/libc_sec.a"

-- 
 Properties for TARGET c_sec:
   c_sec.INTERFACE_INCLUDE_DIRECTORIES = "/home/xuan/Ascend/ascend-toolkit/latest/include"
   c_sec.IMPORTED_LOCATION = "/home/xuan/Ascend/ascend-toolkit/latest/lib64/libc_sec.so"

-- Found unified_dlog: /home/xuan/Ascend/ascend-toolkit/latest/pkg_inc/base
-- Variables in unified_dlog module:
-- unified_dlog_INCLUDE_DIR="/home/xuan/Ascend/ascend-toolkit/latest/pkg_inc/base"
-- unified_dlog_SHARED_LIBRARY="/home/xuan/Ascend/ascend-toolkit/latest/lib64/libunified_dlog.so"
-- 
 Properties for TARGET unified_dlog:
   unified_dlog.INTERFACE_LINK_LIBRARIES = "slog_headers"
   unified_dlog.IMPORTED_LOCATION = "/home/xuan/Ascend/ascend-toolkit/latest/lib64/libunified_dlog.so"

-- 
 Properties for TARGET slog_headers:
   slog_headers.INTERFACE_INCLUDE_DIRECTORIES = "/home/xuan/Ascend/ascend-toolkit/latest/pkg_inc/base"

-- 
 Properties for TARGET unified_dlog_headers:
   unified_dlog_headers.INTERFACE_INCLUDE_DIRECTORIES = "/home/xuan/Ascend/ascend-toolkit/latest/pkg_inc/base"

-- Found mmpa: /home/xuan/Ascend/ascend-toolkit/latest/include
-- Variables in mmpa module:
-- mmpa_INCLUDE_DIR="/home/xuan/Ascend/ascend-toolkit/latest/include"
-- mmpa_SHARED_LIBRARY="/home/xuan/Ascend/ascend-toolkit/latest/lib64/libmmpa.so"
-- mmpa_STATIC_LIBRARY="/home/xuan/Ascend/ascend-toolkit/latest/lib64/libmmpa.a"
-- 
 Properties for TARGET mmpa:
   mmpa.INTERFACE_LINK_LIBRARIES = "mmpa_headers"
   mmpa.IMPORTED_LOCATION = "/home/xuan/Ascend/ascend-toolkit/latest/lib64/libmmpa.so"

-- 
 Properties for TARGET static_mmpa:
   static_mmpa.INTERFACE_LINK_LIBRARIES = "mmpa_headers"
   static_mmpa.IMPORTED_LOCATION = "/home/xuan/Ascend/ascend-toolkit/latest/lib64/libmmpa.a"

-- 
 Properties for TARGET mmpa_headers:
   mmpa_headers.INTERFACE_INCLUDE_DIRECTORIES = "/home/xuan/Ascend/ascend-toolkit/latest/include;/home/xuan/Ascend/ascend-toolkit/latest/include/mmpa;/home/xuan/Ascend/ascend-toolkit/latest/include/mmpa/sub_inc"

-- Found runtime: /home/xuan/Ascend/ascend-toolkit/latest
-- Variables in runtime module:
-- runtime_INCLUDE_DIR="/home/xuan/Ascend/ascend-toolkit/latest"
-- _CANN_AICPU_INCLUDE_DIR="/home/xuan/Ascend/ascend-toolkit/latest/pkg_inc/aicpu"
-- runtime_SHARED_LIBRARY="/home/xuan/Ascend/ascend-toolkit/latest/lib64/libruntime.so"
-- 
 Properties for TARGET runtime:
   runtime.INTERFACE_LINK_LIBRARIES = "runtime_headers"
   runtime.IMPORTED_LOCATION = "/home/xuan/Ascend/ascend-toolkit/latest/lib64/libruntime.so"

-- 
 Properties for TARGET runtime_headers:
   runtime_headers.INTERFACE_INCLUDE_DIRECTORIES = "/home/xuan/Ascend/ascend-toolkit/latest;/home/xuan/Ascend/ascend-toolkit/latest/pkg_inc;/home/xuan/Ascend/ascend-toolkit/latest/pkg_inc/aicpu/common;/home/xuan/Ascend/ascend-toolkit/latest/pkg_inc/dump;/home/xuan/Ascend/ascend-toolkit/latest/pkg_inc/runtime;/home/xuan/Ascend/ascend-toolkit/latest/pkg_inc/runtime/runtime;/home/xuan/Ascend/ascend-toolkit/latest/pkg_inc/runtime/runtime/rts;/home/xuan/Ascend/ascend-toolkit/latest/pkg_inc/profiling;/home/xuan/Ascend/ascend-toolkit/latest/pkg_inc/aicpu;/home/xuan/Ascend/ascend-toolkit/latest/pkg_inc/aicpu/aicpu_schedule;/home/xuan/Ascend/ascend-toolkit/latest/include;/home/xuan/Ascend/ascend-toolkit/latest/include/acl;/home/xuan/Ascend/ascend-toolkit/latest/include/acl/error_codes"

-- Detected architecture: x86_64
-- Variables _CANN_ERROR_MANAGER_SHARED_LIBRARY in error_manager module: /home/xuan/Ascend/ascend-toolkit/latest/lib64/liberror_manager.so
-- Variables _CANN_STUB_ERROR_MANAGER_SHARED_LIBRARY in error_manager module: /home/xuan/Ascend/ascend-toolkit/latest/devlib/linux/x86_64/liberror_manager.so
-- Found error_manager: /home/xuan/Ascend/ascend-toolkit/latest/include
-- 
 Properties for TARGET error_manager:
   error_manager.IMPORTED_LOCATION = "/home/xuan/Ascend/ascend-toolkit/latest/lib64/liberror_manager.so"

-- 
 Properties for TARGET stub_error_manager:
   stub_error_manager.IMPORTED_LOCATION = "/home/xuan/Ascend/ascend-toolkit/latest/devlib/linux/x86_64/liberror_manager.so"

-- Found graph: /home/xuan/Ascend/ascend-toolkit/latest/include
-- Found asc_devkit: /home/xuan/Ascend/ascend-toolkit/latest/pkg_inc/asc/hccl/internal
-- Found tsdclient: /home/xuan/Ascend/ascend-toolkit/latest/lib64/libtsdclient.so
-- Found hcomm: /home/xuan/Ascend/ascend-toolkit/latest/include
-- 
 Properties for TARGET hcomm:
   hcomm.INTERFACE_LINK_LIBRARIES = "hcomm_headers"
   hcomm.IMPORTED_LINK_DEPENDENT_LIBRARIES = "c_sec;slog;mmpa;runtime;tsdclient;error_manager"
   hcomm.IMPORTED_LOCATION = "/home/xuan/Ascend/ascend-toolkit/latest/lib64/libhcomm.so"

-- 
 Properties for TARGET hcomm_headers:
   hcomm_headers.INTERFACE_INCLUDE_DIRECTORIES = "/home/xuan/Ascend/ascend-toolkit/latest/include;/home/xuan/Ascend/ascend-toolkit/latest/include/hccl;/home/xuan/Ascend/ascend-toolkit/latest/pkg_inc;/home/xuan/Ascend/ascend-toolkit/latest/pkg_inc/hccl;/home/xuan/Ascend/ascend-toolkit/latest/include/hcomm;/home/xuan/Ascend/ascend-toolkit/latest/include/hcomm/ccu;/home/xuan/Ascend/ascend-toolkit/latest/pkg_inc/hcomm;/home/xuan/Ascend/ascend-toolkit/latest/pkg_inc/hcomm/ccu"

-- System processor: x86_64
-- Detected architecture: x86_64
-- current compute_unit is: 
-- RUN_DEPENDENCIES_LIST: 
-- DEB depends: 
-- RPM requires: 
-- open TOP_DIR = 
-- Checking HCCL scoped CANN version header: /home/xuan/Ascend/cann-9.2.0/include/version/cann_version.h
-- HCCL scoped CANN_VERSION_NUM = 90100000
-- HCCL_CANN_COMPAT_850 = OFF
-- HCCL_CMAKE_DIR = /home/xuan/WorkSpace/hccl/src/..//cmake/
-- [add_es_library] Module loaded from: /home/xuan/Ascend/cann-9.2.0/include/ge/cmake
-- Found GenerateEsPackage module (version 1.0.0)
--   - Module directory: /home/xuan/Ascend/cann-9.2.0/include/ge/cmake
--   - Provides functions: add_es_library_and_whl;add_es_library
-- Found GenerateEsPackage: TRUE (found version "1.0.0")
-- Generated helper script: /home/xuan/WorkSpace/hccl/build/cmake/run_gen_esb_with_lock.sh
-- Found Python3: /usr/bin/python3.10 (found version "3.10.12") found components: Interpreter
-- Found Python3: /usr/bin/python3.10
-- _add_es_library_impl: OUTPUT_PATH is /home/xuan/WorkSpace/hccl/build/es_output
-- _add_es_library_impl: EXCLUDE_OPS is not provided
-- add_es_package: Using default output directory: /home/xuan/WorkSpace/hccl/build/src
-- add_es_package: OPP_PROTO_TARGET output directory: /home/xuan/WorkSpace/hccl/build/src
-- add_es_package: Derived ASCEND_OPP_PATH: /home/xuan/WorkSpace/hccl/build/src
--   - Created standard OPP path: /home/xuan/WorkSpace/hccl/build/src/es_hccl_build/opp_standard_path_opgraph_hccl
-- _add_es_library_impl: gen_esb target not found, searching in environment...
--     Found gen_esb in PATH (environment variables configured)
--     - gen_esb path: /home/xuan/Ascend/ascend-toolkit/latest/bin/gen_esb
--     - library path: /home/xuan/Ascend/ascend-toolkit/latest/lib64
-- Using proto library path (derived from OPP_PROTO_TARGET): /home/xuan/WorkSpace/hccl/build/src/es_hccl_build/opp_standard_path_opgraph_hccl
-- add_es_package: Module name for gen_esb: hccl
-- [add_es_library] No history registry found at /home/xuan/Ascend/cann-9.2.0/opp/history_registry/hccl, skipping
-- Trying to locate eager_style_graph_builder_base library from run package...
--   Found library in run package: /home/xuan/Ascend/ascend-toolkit/latest/lib64/libeager_style_graph_builder_base.so
-- Configuring ES package: es_hccl
--   - Exported target: es_hccl (public interface)
--   - Internal .obj target: es_hccl_obj (compile once)
--   - Internal .so target: es_hccl_so
--   - Internal .a target: es_hccl_a
--   - Module name (for gen_esb): hccl
--   - OPP proto target: opgraph_hccl (type: SHARED_LIBRARY)
--   - OPP proto path: /home/xuan/WorkSpace/hccl/build/src/es_hccl_build/opp_standard_path_opgraph_hccl
--   - Output path: /home/xuan/WorkSpace/hccl/build/es_output (artifacts will be copied)
--   - Library files: libes_hccl.so, libes_hccl.a
--   - Python package: es_hccl
-- ES package 'es_hccl' using single-file compilation mode
--   - Wrapper file: /home/xuan/WorkSpace/hccl/build/src/es_hccl_build/generated_code/es_hccl_all_in_one.cpp
--   - Module name: hccl
-- add_es_library: Using default compile options: -fPIC;-Wall;-fstack-protector-all;-std=c++17;-D_GLIBCXX_USE_CXX11_ABI=0;-O2;-Wno-free-nonheap-object
-- add_es_library: Set _GLIBCXX_USE_CXX11_ABI=0 for ABI compatibility
-- add_es_library: Deduced header base path from cmake file: /home/xuan/Ascend/cann-9.2.0
-- add_es_library: metadef_headers target not found, skipping
-- add_es_library: Found c_sec target
-- add_es_library: Linking with CANN libraries: c_sec
-- add_es_package: 'build_es_hccl' is the first ES package (will be built first)
-- ES package 'es_hccl' configured successfully (single-file mode):
--   - Exported target (for linking): es_hccl
--   - Build target: build_es_hccl
--   - Wrapper file: /home/xuan/WorkSpace/hccl/build/src/es_hccl_build/generated_code/es_hccl_all_in_one.cpp
--   - Internal targets:
--     * Code generation: generate_es_hccl_code
--     * Object library: es_hccl_obj (compiled once)
--     * Shared library: es_hccl_so
--     * Static library: es_hccl_a
--     * Wheel generation: generate_es_hccl_whl
--     * Install: install_es_hccl
--   - Library files: libes_hccl.so, libes_hccl.a
--   - Python package: es_hccl
--   - ES base library: /home/xuan/Ascend/ascend-toolkit/latest/lib64/libeager_style_graph_builder_base.so (from library)
-- 
-- Build mode: Single-file compilation (no reconfiguration needed)
-- 
-- Quick start:
--   1. Link:    target_link_libraries(your_target PRIVATE es_hccl)
--   2. Build:   make your_target  (recommended, triggers automatically)
-- 
-- STATIC_MODE = OFF
-- src_list contains /home/xuan/WorkSpace/hccl/src/common/adapter_acl.cc;/home/xuan/WorkSpace/hccl/src/common/alg_env_config.cc;/home/xuan/WorkSpace/hccl/src/common/param_check.cc;/home/xuan/WorkSpace/hccl/src/common/inconsistent_check.cc;/home/xuan/WorkSpace/hccl/src/common/utils.cc;/home/xuan/WorkSpace/hccl/src/common/alg_type.cc;/home/xuan/WorkSpace/hccl/src/common/adapter_error_manager_pub.cc;/home/xuan/WorkSpace/hccl/src/common/config_log.cc;/home/xuan/WorkSpace/hccl/src/common/log.cc;/home/xuan/WorkSpace/hccl/src/common/sal.cc;/home/xuan/WorkSpace/hccl/src/common/hccl_mc2.cc;/home/xuan/WorkSpace/hccl/src/common/compat.cc
-- Configuring done (1.2s)
-- Generating done (0.2s)
CMake Warning (unused-cli):
  Manually-specified variables were not used by the project:

    CUSTOM_CANN_PACKAGE_PATH
    PRODUCT


-- Build files have been written to: /home/xuan/WorkSpace/hccl/build
[  0%] Generating libscatter_aicpu_kernel.json
[  0%] Building CXX object src/common/hcomm_dlsym/CMakeFiles/hccl_compat.dir/hccl_rank_graph_dl.cc.o
[  1%] Generating version.hccl.info
[  1%] Creating directories for 'hccl_device'
[  1%] No download step for 'hccl_device'

==============check valid for aicpu ops info start==============
==============check valid for aicpu ops info end================

>>>> Found 3 AICPU ops, write into: /home/xuan/WorkSpace/hccl/build/src/libscatter_aicpu_kernel.json
>>>> Found 0 custom AICPU ops, write into: /home/xuan/WorkSpace/hccl/build/src/libscatter_aicpu_kernel_custom.json
parse try except normal
[  1%] Built target aicpu_kernel_json
[  1%] No update step for 'hccl_device'
[  1%] Built target version_hccl_info
[  1%] Building CXX object src/CMakeFiles/opgraph_hccl.dir/common/log.cc.o
[  2%] No patch step for 'hccl_device'
[  2%] Generating hccl_aiv_scatter_op_910_95.o
[  3%] Performing configure step for 'hccl_device'
[  3%] Building CXX object src/common/hcomm_dlsym/CMakeFiles/hccl_compat.dir/hccl_res_dl.cc.o
-- The C compiler identification is GNU 7.3.0
-- The CXX compiler identification is GNU 7.3.0
-- Detecting C compiler ABI info
[  3%] Building CXX object src/common/hcomm_dlsym/CMakeFiles/hccl_compat.dir/hcomm_primitives_dl.cc.o
-- Detecting C compiler ABI info - done
-- Check for working C compiler: /home/xuan/Ascend/ascend-toolkit/latest/toolkit/toolchain/hcc/bin/aarch64-target-linux-gnu-gcc - skipped
-- Detecting C compile features
-- Detecting C compile features - done
-- Detecting CXX compiler ABI info
[  3%] Building CXX object src/CMakeFiles/opgraph_hccl.dir/ops/reduce_scatter/op_graph/reduce_scatter_proto.cc.o
In file included from /home/xuan/WorkSpace/hccl/src/ops/reduce_scatter/op_graph/reduce_scatter_proto.cc:16:
/home/xuan/WorkSpace/hccl/src/common/op_graph/ops_proto_hccl.h:20:2: warning: #warning "ops_proto_hccl.h is scheduled to be deprecated in December 2026, and will be replaced by the ops_proto_math.h, ops_proto_cv.h, ops_proto_nn.h, ops_proto_transformer.h, ops_proto_legacy.h. We apologize for any inconvenience caused and appreciate your timely migration to the new interface." [-Wcpp]
   20 | #warning "ops_proto_hccl.h is scheduled to be deprecated in December 2026, and will be replaced by the \
      |  ^~~~~~~
-- Detecting CXX compiler ABI info - done
-- Check for working CXX compiler: /home/xuan/Ascend/ascend-toolkit/latest/toolkit/toolchain/hcc/bin/aarch64-target-linux-gnu-g++ - skipped
-- Detecting CXX compile features
-- Detecting CXX compile features - done
-- Initialization summary: Ccache not found, TARGET_ARCH: aarch64
-- BUILD_OPEN_PROJECT=ON
-- ASCEND_INSTALL_PATH=/home/xuan/Ascend/ascend-toolkit/latest
-- CANN_3RD_LIB_PATH=/home/xuan/WorkSpace/hccl/third_party
-- config.cmake KERNEL_MODE= BUILD_OPEN_PROJECT=ON
-- Found msprof: /home/xuan/Ascend/ascend-toolkit/latest/pkg_inc
-- Found unified_dlog: /home/xuan/Ascend/ascend-toolkit/latest/pkg_inc/base
-- Variables in unified_dlog module:
-- unified_dlog_INCLUDE_DIR="/home/xuan/Ascend/ascend-toolkit/latest/pkg_inc/base"
-- unified_dlog_SHARED_LIBRARY="/home/xuan/Ascend/ascend-toolkit/latest/lib64/device/lib64/libunified_dlog.so"
-- 
 Properties for TARGET unified_dlog:
   unified_dlog.INTERFACE_LINK_LIBRARIES = "slog_headers"
   unified_dlog.IMPORTED_LOCATION = "/home/xuan/Ascend/ascend-toolkit/latest/lib64/device/lib64/libunified_dlog.so"

-- 
 Properties for TARGET slog_headers:
   slog_headers.INTERFACE_INCLUDE_DIRECTORIES = "/home/xuan/Ascend/ascend-toolkit/latest/pkg_inc/base"

-- 
 Properties for TARGET unified_dlog_headers:
   unified_dlog_headers.INTERFACE_INCLUDE_DIRECTORIES = "/home/xuan/Ascend/ascend-toolkit/latest/pkg_inc/base"

-- Found mmpa: /home/xuan/Ascend/ascend-toolkit/latest/include
-- Variables in mmpa module:
-- mmpa_INCLUDE_DIR="/home/xuan/Ascend/ascend-toolkit/latest/include"
-- mmpa_SHARED_LIBRARY="/home/xuan/Ascend/ascend-toolkit/latest/lib64/device/lib64/libmmpa.so"
-- mmpa_STATIC_LIBRARY="/home/xuan/Ascend/ascend-toolkit/latest/lib64/libmmpa.a"
-- 
 Properties for TARGET mmpa:
   mmpa.INTERFACE_LINK_LIBRARIES = "mmpa_headers"
   mmpa.IMPORTED_LOCATION = "/home/xuan/Ascend/ascend-toolkit/latest/lib64/device/lib64/libmmpa.so"

-- 
 Properties for TARGET static_mmpa:
   static_mmpa.INTERFACE_LINK_LIBRARIES = "mmpa_headers"
   static_mmpa.IMPORTED_LOCATION = "/home/xuan/Ascend/ascend-toolkit/latest/lib64/libmmpa.a"

-- 
 Properties for TARGET mmpa_headers:
   mmpa_headers.INTERFACE_INCLUDE_DIRECTORIES = "/home/xuan/Ascend/ascend-toolkit/latest/include;/home/xuan/Ascend/ascend-toolkit/latest/include/mmpa;/home/xuan/Ascend/ascend-toolkit/latest/include/mmpa/sub_inc"

-- Found runtime: /home/xuan/Ascend/ascend-toolkit/latest
-- Variables in runtime module:
-- runtime_INCLUDE_DIR="/home/xuan/Ascend/ascend-toolkit/latest"
-- _CANN_AICPU_INCLUDE_DIR="/home/xuan/Ascend/ascend-toolkit/latest/pkg_inc/aicpu"
-- runtime_SHARED_LIBRARY="/home/xuan/Ascend/ascend-toolkit/latest/lib64/libruntime.so"
-- 
 Properties for TARGET runtime:
   runtime.INTERFACE_LINK_LIBRARIES = "runtime_headers"
   runtime.IMPORTED_LOCATION = "/home/xuan/Ascend/ascend-toolkit/latest/lib64/libruntime.so"

-- 
 Properties for TARGET runtime_headers:
   runtime_headers.INTERFACE_INCLUDE_DIRECTORIES = "/home/xuan/Ascend/ascend-toolkit/latest;/home/xuan/Ascend/ascend-toolkit/latest/pkg_inc;/home/xuan/Ascend/ascend-toolkit/latest/pkg_inc/aicpu/common;/home/xuan/Ascend/ascend-toolkit/latest/pkg_inc/dump;/home/xuan/Ascend/ascend-toolkit/latest/pkg_inc/runtime;/home/xuan/Ascend/ascend-toolkit/latest/pkg_inc/runtime/runtime;/home/xuan/Ascend/ascend-toolkit/latest/pkg_inc/runtime/runtime/rts;/home/xuan/Ascend/ascend-toolkit/latest/pkg_inc/profiling;/home/xuan/Ascend/ascend-toolkit/latest/pkg_inc/aicpu;/home/xuan/Ascend/ascend-toolkit/latest/pkg_inc/aicpu/aicpu_schedule;/home/xuan/Ascend/ascend-toolkit/latest/include;/home/xuan/Ascend/ascend-toolkit/latest/include/acl;/home/xuan/Ascend/ascend-toolkit/latest/include/acl/error_codes"

-- Found hcomm: /home/xuan/Ascend/ascend-toolkit/latest/include
-- 
 Properties for TARGET hcomm:
   hcomm.INTERFACE_LINK_LIBRARIES = "hcomm_headers"
   hcomm.IMPORTED_LINK_DEPENDENT_LIBRARIES = "c_sec;slog;mmpa;runtime;tsdclient;error_manager"
   hcomm.IMPORTED_LOCATION = "/home/xuan/Ascend/ascend-toolkit/latest/lib64/libhcomm.so"

-- 
 Properties for TARGET hcomm_headers:
   hcomm_headers.INTERFACE_INCLUDE_DIRECTORIES = "/home/xuan/Ascend/ascend-toolkit/latest/include;/home/xuan/Ascend/ascend-toolkit/latest/include/hccl;/home/xuan/Ascend/ascend-toolkit/latest/pkg_inc;/home/xuan/Ascend/ascend-toolkit/latest/pkg_inc/hccl;/home/xuan/Ascend/ascend-toolkit/latest/include/hcomm;/home/xuan/Ascend/ascend-toolkit/latest/include/hcomm/ccu;/home/xuan/Ascend/ascend-toolkit/latest/pkg_inc/hcomm;/home/xuan/Ascend/ascend-toolkit/latest/pkg_inc/hcomm/ccu"

-- Found asc_devkit: /home/xuan/Ascend/ascend-toolkit/latest/pkg_inc/asc/hccl/internal
-- open TOP_DIR = 
-- Checking HCCL scoped CANN version header: /home/xuan/Ascend/cann-9.2.0/include/version/cann_version.h
-- HCCL scoped CANN_VERSION_NUM = 90100000
-- HCCL_CANN_COMPAT_850 = OFF
-- STATIC_MODE = 
-- src_list contains /home/xuan/WorkSpace/hccl/src/common/adapter_acl.cc;/home/xuan/WorkSpace/hccl/src/common/alg_env_config.cc;/home/xuan/WorkSpace/hccl/src/common/param_check.cc;/home/xuan/WorkSpace/hccl/src/common/inconsistent_check.cc;/home/xuan/WorkSpace/hccl/src/common/utils.cc;/home/xuan/WorkSpace/hccl/src/common/alg_type.cc;/home/xuan/WorkSpace/hccl/src/common/adapter_error_manager_pub.cc;/home/xuan/WorkSpace/hccl/src/common/config_log.cc;/home/xuan/WorkSpace/hccl/src/common/log.cc;/home/xuan/WorkSpace/hccl/src/common/sal.cc;/home/xuan/WorkSpace/hccl/src/common/hccl_mc2.cc;/home/xuan/WorkSpace/hccl/src/common/compat.cc
[  4%] Building CXX object src/common/hcomm_dlsym/CMakeFiles/hccl_compat.dir/hcomm_dlsym.cc.o
-- Detected +++VERSION_INFO: 9.1.0
-- Configuring done (2.4s)
-- Generating done (0.6s)
CMake Warning (unused-cli):
  Manually-specified variables were not used by the project:

    CMAKE_C_AR


-- Build files have been written to: /home/xuan/WorkSpace/hccl/build/device_build
[  4%] Performing build step for 'hccl_device'
[  1%] Building CXX object src/common/hcomm_dlsym/CMakeFiles/hccl_kernel_compat.dir/hcomm_device_dlsym.cc.o
[  4%] Building CXX object src/common/hcomm_dlsym/CMakeFiles/hccl_compat.dir/hccl_inner_dl.cc.o
In file included from /home/xuan/Ascend/ascend-toolkit/latest/include/graph/operator.h:20,
                 from /home/xuan/Ascend/ascend-toolkit/latest/include/graph/operator_reg.h:19,
                 from /home/xuan/WorkSpace/hccl/src/common/op_graph/ops_proto_hccl.h:24,
                 from /home/xuan/WorkSpace/hccl/src/ops/reduce_scatter/op_graph/reduce_scatter_proto.cc:16:
/home/xuan/Ascend/ascend-toolkit/latest/include/graph/ge_error_codes.h:15:122: note: ‘#pragma message: Warning: ge_error_codes.h is deprecated and will be removed after 2027-06. Include "graph/error_codes.h" instead.’
   15 |     "Warning: ge_error_codes.h is deprecated and will be removed after 2027-06. Include \"graph/error_codes.h\" instead.")
      |                                                                                                                          ^
[  4%] Building CXX object src/common/hcomm_dlsym/CMakeFiles/hccl_compat.dir/hcomm_host_profiling_dl.cc.o
[  1%] Building CXX object src/common/hcomm_dlsym/CMakeFiles/hccl_kernel_compat.dir/hcomm_primitives_dl.cc.o
In file included from /home/xuan/Ascend/ascend-toolkit/latest/include/external/ge_common/api_error_codes.h:16,
                 from /home/xuan/Ascend/ascend-toolkit/latest/include/exe_graph/runtime/continuous_vector.h:20,
                 from /home/xuan/Ascend/ascend-toolkit/latest/include/exe_graph/runtime/runtime_attrs.h:16,
                 from /home/xuan/Ascend/ascend-toolkit/latest/include/exe_graph/runtime/infer_shape_context.h:16,
                 from /home/xuan/Ascend/ascend-toolkit/latest/include/register/op_impl_registry.h:19,
                 from /home/xuan/WorkSpace/hccl/src/ops/reduce_scatter/op_graph/reduce_scatter_proto.cc:17:
/home/xuan/Ascend/ascend-toolkit/latest/include/external/ge_common/ge_error_codes.h:15:122: note: ‘#pragma message: Warning: ge_error_codes.h is deprecated and will be removed after 2027-06. Include "graph/error_codes.h" instead.’
   15 |     "Warning: ge_error_codes.h is deprecated and will be removed after 2027-06. Include \"graph/error_codes.h\" instead.")
      |                                                                                                                          ^
In file included from /home/xuan/Ascend/ascend-toolkit/latest/include/external/ge_common/api_error_codes.h:17,
                 from /home/xuan/Ascend/ascend-toolkit/latest/include/exe_graph/runtime/continuous_vector.h:20,
                 from /home/xuan/Ascend/ascend-toolkit/latest/include/exe_graph/runtime/runtime_attrs.h:16,
                 from /home/xuan/Ascend/ascend-toolkit/latest/include/exe_graph/runtime/infer_shape_context.h:16,
                 from /home/xuan/Ascend/ascend-toolkit/latest/include/register/op_impl_registry.h:19,
                 from /home/xuan/WorkSpace/hccl/src/ops/reduce_scatter/op_graph/reduce_scatter_proto.cc:17:
/home/xuan/Ascend/ascend-toolkit/latest/include/external/ge_common/ge_api_types.h:15:122: note: ‘#pragma message: Warning: ge_api_types.h is deprecated and will be removed after 2027-06. Include "ge_common_api_types.h" instead.’
   15 |     "Warning: ge_api_types.h is deprecated and will be removed after 2027-06. Include \"ge_common_api_types.h\" instead.")
      |                                                                                                                          ^
In file included from /home/xuan/WorkSpace/hccl/src/common/op_graph/op_util.h:20,
                 from /home/xuan/WorkSpace/hccl/src/ops/reduce_scatter/op_graph/reduce_scatter_proto.cc:20:
/home/xuan/Ascend/cann-9.2.0/include/exe_graph/runtime/tensor.h:14:111: note: ‘#pragma message: Warning: tensor.h is deprecated and will be removed after 2027-06. Include "runtime_tensor.h" instead.’
   14 |     "Warning: tensor.h is deprecated and will be removed after 2027-06. Include \"runtime_tensor.h\" instead.")
      |                                                                                                               ^
[  2%] Building CXX object src/common/hcomm_dlsym/CMakeFiles/hccl_kernel_compat.dir/hcomm_diag_dl.cc.o
[  4%] Building CXX object src/common/hcomm_dlsym/CMakeFiles/hccl_compat.dir/hccl_host_comm_dl.cc.o
[  5%] Building CXX object src/common/hcomm_dlsym/CMakeFiles/hccl_compat.dir/hccl_res_expt_dl.cc.o
[  5%] Building CXX object src/common/hcomm_dlsym/CMakeFiles/hccl_compat.dir/ccu_res_dl.cc.o
[  2%] Building CXX object src/common/hcomm_dlsym/CMakeFiles/hccl_kernel_compat.dir/hcomm_device_profiling_dl.cc.o
[  5%] Building CXX object src/common/hcomm_dlsym/CMakeFiles/hccl_compat.dir/hccl_ccu_res_dl.cc.o
[  3%] Building CXX object src/common/hcomm_dlsym/CMakeFiles/hccl_kernel_compat.dir/hccl_device_comm_dl.cc.o
[  5%] Building CXX object src/common/hcomm_dlsym/CMakeFiles/hccl_compat.dir/ccu_launch_dl.cc.o
[  3%] Linking CXX shared library libhccl_kernel_compat.so
[  3%] Built target hccl_kernel_compat
[  3%] Generating hccl_aiv_scatter_op_910_95.o
[  6%] Building CXX object src/common/hcomm_dlsym/CMakeFiles/hccl_compat.dir/ccu_primitives_impl_dl.cc.o
[  6%] Building CXX object src/CMakeFiles/opgraph_hccl.dir/ops/all_gather/op_graph/all_gather_proto.cc.o
In file included from /home/xuan/WorkSpace/hccl/src/ops/all_gather/op_graph/all_gather_proto.cc:16:
/home/xuan/WorkSpace/hccl/src/common/op_graph/ops_proto_hccl.h:20:2: warning: #warning "ops_proto_hccl.h is scheduled to be deprecated in December 2026, and will be replaced by the ops_proto_math.h, ops_proto_cv.h, ops_proto_nn.h, ops_proto_transformer.h, ops_proto_legacy.h. We apologize for any inconvenience caused and appreciate your timely migration to the new interface." [-Wcpp]
   20 | #warning "ops_proto_hccl.h is scheduled to be deprecated in December 2026, and will be replaced by the \
      |  ^~~~~~~
[  6%] Linking CXX shared library libhccl_compat.so
[  6%] Built target hccl_compat
[  6%] Generating hccl_aiv_reduce_scatter_op_910_95.o
In file included from /home/xuan/Ascend/ascend-toolkit/latest/include/graph/operator.h:20,
                 from /home/xuan/Ascend/ascend-toolkit/latest/include/graph/operator_reg.h:19,
                 from /home/xuan/WorkSpace/hccl/src/common/op_graph/ops_proto_hccl.h:24,
                 from /home/xuan/WorkSpace/hccl/src/ops/all_gather/op_graph/all_gather_proto.cc:16:
/home/xuan/Ascend/ascend-toolkit/latest/include/graph/ge_error_codes.h:15:122: note: ‘#pragma message: Warning: ge_error_codes.h is deprecated and will be removed after 2027-06. Include "graph/error_codes.h" instead.’
   15 |     "Warning: ge_error_codes.h is deprecated and will be removed after 2027-06. Include \"graph/error_codes.h\" instead.")
      |                                                                                                                          ^
In file included from /home/xuan/Ascend/ascend-toolkit/latest/include/external/ge_common/api_error_codes.h:16,
                 from /home/xuan/Ascend/ascend-toolkit/latest/include/exe_graph/runtime/continuous_vector.h:20,
                 from /home/xuan/Ascend/ascend-toolkit/latest/include/exe_graph/runtime/runtime_attrs.h:16,
                 from /home/xuan/Ascend/ascend-toolkit/latest/include/exe_graph/runtime/infer_shape_context.h:16,
                 from /home/xuan/Ascend/ascend-toolkit/latest/include/register/op_impl_registry.h:19,
                 from /home/xuan/WorkSpace/hccl/src/ops/all_gather/op_graph/all_gather_proto.cc:17:
/home/xuan/Ascend/ascend-toolkit/latest/include/external/ge_common/ge_error_codes.h:15:122: note: ‘#pragma message: Warning: ge_error_codes.h is deprecated and will be removed after 2027-06. Include "graph/error_codes.h" instead.’
   15 |     "Warning: ge_error_codes.h is deprecated and will be removed after 2027-06. Include \"graph/error_codes.h\" instead.")
      |                                                                                                                          ^
In file included from /home/xuan/Ascend/ascend-toolkit/latest/include/external/ge_common/api_error_codes.h:17,
                 from /home/xuan/Ascend/ascend-toolkit/latest/include/exe_graph/runtime/continuous_vector.h:20,
                 from /home/xuan/Ascend/ascend-toolkit/latest/include/exe_graph/runtime/runtime_attrs.h:16,
                 from /home/xuan/Ascend/ascend-toolkit/latest/include/exe_graph/runtime/infer_shape_context.h:16,
                 from /home/xuan/Ascend/ascend-toolkit/latest/include/register/op_impl_registry.h:19,
                 from /home/xuan/WorkSpace/hccl/src/ops/all_gather/op_graph/all_gather_proto.cc:17:
/home/xuan/Ascend/ascend-toolkit/latest/include/external/ge_common/ge_api_types.h:15:122: note: ‘#pragma message: Warning: ge_api_types.h is deprecated and will be removed after 2027-06. Include "ge_common_api_types.h" instead.’
   15 |     "Warning: ge_api_types.h is deprecated and will be removed after 2027-06. Include \"ge_common_api_types.h\" instead.")
      |                                                                                                                          ^
In file included from /home/xuan/WorkSpace/hccl/src/common/op_graph/op_util.h:20,
                 from /home/xuan/WorkSpace/hccl/src/ops/all_gather/op_graph/all_gather_proto.cc:20:
/home/xuan/Ascend/cann-9.2.0/include/exe_graph/runtime/tensor.h:14:111: note: ‘#pragma message: Warning: tensor.h is deprecated and will be removed after 2027-06. Include "runtime_tensor.h" instead.’
   14 |     "Warning: tensor.h is deprecated and will be removed after 2027-06. Include \"runtime_tensor.h\" instead.")
      |                                                                                                               ^
[  7%] Building CXX object src/CMakeFiles/opgraph_hccl.dir/ops/all_to_all_v/op_graph/all_to_all_v_proto.cc.o
In file included from /home/xuan/WorkSpace/hccl/src/ops/all_to_all_v/op_graph/all_to_all_v_proto.cc:16:
/home/xuan/WorkSpace/hccl/src/common/op_graph/ops_proto_hccl.h:20:2: warning: #warning "ops_proto_hccl.h is scheduled to be deprecated in December 2026, and will be replaced by the ops_proto_math.h, ops_proto_cv.h, ops_proto_nn.h, ops_proto_transformer.h, ops_proto_legacy.h. We apologize for any inconvenience caused and appreciate your timely migration to the new interface." [-Wcpp]
   20 | #warning "ops_proto_hccl.h is scheduled to be deprecated in December 2026, and will be replaced by the \
      |  ^~~~~~~
In file included from /home/xuan/Ascend/ascend-toolkit/latest/include/graph/operator.h:20,
                 from /home/xuan/Ascend/ascend-toolkit/latest/include/graph/operator_reg.h:19,
                 from /home/xuan/WorkSpace/hccl/src/common/op_graph/ops_proto_hccl.h:24,
                 from /home/xuan/WorkSpace/hccl/src/ops/all_to_all_v/op_graph/all_to_all_v_proto.cc:16:
/home/xuan/Ascend/ascend-toolkit/latest/include/graph/ge_error_codes.h:15:122: note: ‘#pragma message: Warning: ge_error_codes.h is deprecated and will be removed after 2027-06. Include "graph/error_codes.h" instead.’
   15 |     "Warning: ge_error_codes.h is deprecated and will be removed after 2027-06. Include \"graph/error_codes.h\" instead.")
      |                                                                                                                          ^
In file included from /home/xuan/Ascend/ascend-toolkit/latest/include/external/ge_common/api_error_codes.h:16,
                 from /home/xuan/Ascend/ascend-toolkit/latest/include/exe_graph/runtime/continuous_vector.h:20,
                 from /home/xuan/Ascend/ascend-toolkit/latest/include/exe_graph/runtime/runtime_attrs.h:16,
                 from /home/xuan/Ascend/ascend-toolkit/latest/include/exe_graph/runtime/infer_shape_context.h:16,
                 from /home/xuan/Ascend/ascend-toolkit/latest/include/register/op_impl_registry.h:19,
                 from /home/xuan/WorkSpace/hccl/src/ops/all_to_all_v/op_graph/all_to_all_v_proto.cc:17:
/home/xuan/Ascend/ascend-toolkit/latest/include/external/ge_common/ge_error_codes.h:15:122: note: ‘#pragma message: Warning: ge_error_codes.h is deprecated and will be removed after 2027-06. Include "graph/error_codes.h" instead.’
   15 |     "Warning: ge_error_codes.h is deprecated and will be removed after 2027-06. Include \"graph/error_codes.h\" instead.")
      |                                                                                                                          ^
In file included from /home/xuan/Ascend/ascend-toolkit/latest/include/external/ge_common/api_error_codes.h:17,
                 from /home/xuan/Ascend/ascend-toolkit/latest/include/exe_graph/runtime/continuous_vector.h:20,
                 from /home/xuan/Ascend/ascend-toolkit/latest/include/exe_graph/runtime/runtime_attrs.h:16,
                 from /home/xuan/Ascend/ascend-toolkit/latest/include/exe_graph/runtime/infer_shape_context.h:16,
                 from /home/xuan/Ascend/ascend-toolkit/latest/include/register/op_impl_registry.h:19,
                 from /home/xuan/WorkSpace/hccl/src/ops/all_to_all_v/op_graph/all_to_all_v_proto.cc:17:
/home/xuan/Ascend/ascend-toolkit/latest/include/external/ge_common/ge_api_types.h:15:122: note: ‘#pragma message: Warning: ge_api_types.h is deprecated and will be removed after 2027-06. Include "ge_common_api_types.h" instead.’
   15 |     "Warning: ge_api_types.h is deprecated and will be removed after 2027-06. Include \"ge_common_api_types.h\" instead.")
      |                                                                                                                          ^
In file included from /home/xuan/WorkSpace/hccl/src/common/op_graph/op_util.h:20,
                 from /home/xuan/WorkSpace/hccl/src/ops/all_to_all_v/op_graph/all_to_all_v_proto.cc:20:
/home/xuan/Ascend/cann-9.2.0/include/exe_graph/runtime/tensor.h:14:111: note: ‘#pragma message: Warning: tensor.h is deprecated and will be removed after 2027-06. Include "runtime_tensor.h" instead.’
   14 |     "Warning: tensor.h is deprecated and will be removed after 2027-06. Include \"runtime_tensor.h\" instead.")
      |                                                                                                               ^
[  7%] Building CXX object src/CMakeFiles/opgraph_hccl.dir/ops/broadcast/op_graph/broadcast_proto.cc.o
In file included from /home/xuan/WorkSpace/hccl/src/ops/broadcast/op_graph/broadcast_proto.cc:16:
/home/xuan/WorkSpace/hccl/src/common/op_graph/ops_proto_hccl.h:20:2: warning: #warning "ops_proto_hccl.h is scheduled to be deprecated in December 2026, and will be replaced by the ops_proto_math.h, ops_proto_cv.h, ops_proto_nn.h, ops_proto_transformer.h, ops_proto_legacy.h. We apologize for any inconvenience caused and appreciate your timely migration to the new interface." [-Wcpp]
   20 | #warning "ops_proto_hccl.h is scheduled to be deprecated in December 2026, and will be replaced by the \
      |  ^~~~~~~
In file included from /home/xuan/Ascend/ascend-toolkit/latest/include/graph/operator.h:20,
                 from /home/xuan/Ascend/ascend-toolkit/latest/include/graph/operator_reg.h:19,
                 from /home/xuan/WorkSpace/hccl/src/common/op_graph/ops_proto_hccl.h:24,
                 from /home/xuan/WorkSpace/hccl/src/ops/broadcast/op_graph/broadcast_proto.cc:16:
/home/xuan/Ascend/ascend-toolkit/latest/include/graph/ge_error_codes.h:15:122: note: ‘#pragma message: Warning: ge_error_codes.h is deprecated and will be removed after 2027-06. Include "graph/error_codes.h" instead.’
   15 |     "Warning: ge_error_codes.h is deprecated and will be removed after 2027-06. Include \"graph/error_codes.h\" instead.")
      |                                                                                                                          ^
In file included from /home/xuan/Ascend/ascend-toolkit/latest/include/external/ge_common/api_error_codes.h:16,
                 from /home/xuan/Ascend/ascend-toolkit/latest/include/exe_graph/runtime/continuous_vector.h:20,
                 from /home/xuan/Ascend/ascend-toolkit/latest/include/exe_graph/runtime/runtime_attrs.h:16,
                 from /home/xuan/Ascend/ascend-toolkit/latest/include/exe_graph/runtime/infer_shape_context.h:16,
                 from /home/xuan/Ascend/ascend-toolkit/latest/include/register/op_impl_registry.h:19,
                 from /home/xuan/WorkSpace/hccl/src/ops/broadcast/op_graph/broadcast_proto.cc:17:
/home/xuan/Ascend/ascend-toolkit/latest/include/external/ge_common/ge_error_codes.h:15:122: note: ‘#pragma message: Warning: ge_error_codes.h is deprecated and will be removed after 2027-06. Include "graph/error_codes.h" instead.’
   15 |     "Warning: ge_error_codes.h is deprecated and will be removed after 2027-06. Include \"graph/error_codes.h\" instead.")
      |                                                                                                                          ^
In file included from /home/xuan/Ascend/ascend-toolkit/latest/include/external/ge_common/api_error_codes.h:17,
                 from /home/xuan/Ascend/ascend-toolkit/latest/include/exe_graph/runtime/continuous_vector.h:20,
                 from /home/xuan/Ascend/ascend-toolkit/latest/include/exe_graph/runtime/runtime_attrs.h:16,
                 from /home/xuan/Ascend/ascend-toolkit/latest/include/exe_graph/runtime/infer_shape_context.h:16,
                 from /home/xuan/Ascend/ascend-toolkit/latest/include/register/op_impl_registry.h:19,
                 from /home/xuan/WorkSpace/hccl/src/ops/broadcast/op_graph/broadcast_proto.cc:17:
/home/xuan/Ascend/ascend-toolkit/latest/include/external/ge_common/ge_api_types.h:15:122: note: ‘#pragma message: Warning: ge_api_types.h is deprecated and will be removed after 2027-06. Include "ge_common_api_types.h" instead.’
   15 |     "Warning: ge_api_types.h is deprecated and will be removed after 2027-06. Include \"ge_common_api_types.h\" instead.")
      |                                                                                                                          ^
In file included from /home/xuan/WorkSpace/hccl/src/common/op_graph/op_util.h:20,
                 from /home/xuan/WorkSpace/hccl/src/ops/broadcast/op_graph/broadcast_proto.cc:20:
/home/xuan/Ascend/cann-9.2.0/include/exe_graph/runtime/tensor.h:14:111: note: ‘#pragma message: Warning: tensor.h is deprecated and will be removed after 2027-06. Include "runtime_tensor.h" instead.’
   14 |     "Warning: tensor.h is deprecated and will be removed after 2027-06. Include \"runtime_tensor.h\" instead.")
      |                                                                                                               ^
[  7%] Building CXX object src/CMakeFiles/opgraph_hccl.dir/ops/all_reduce/op_graph/all_reduce_proto.cc.o
In file included from /home/xuan/WorkSpace/hccl/src/ops/all_reduce/op_graph/all_reduce_proto.cc:16:
/home/xuan/WorkSpace/hccl/src/common/op_graph/ops_proto_hccl.h:20:2: warning: #warning "ops_proto_hccl.h is scheduled to be deprecated in December 2026, and will be replaced by the ops_proto_math.h, ops_proto_cv.h, ops_proto_nn.h, ops_proto_transformer.h, ops_proto_legacy.h. We apologize for any inconvenience caused and appreciate your timely migration to the new interface." [-Wcpp]
   20 | #warning "ops_proto_hccl.h is scheduled to be deprecated in December 2026, and will be replaced by the \
      |  ^~~~~~~
In file included from /home/xuan/Ascend/ascend-toolkit/latest/include/graph/operator.h:20,
                 from /home/xuan/Ascend/ascend-toolkit/latest/include/graph/operator_reg.h:19,
                 from /home/xuan/WorkSpace/hccl/src/common/op_graph/ops_proto_hccl.h:24,
                 from /home/xuan/WorkSpace/hccl/src/ops/all_reduce/op_graph/all_reduce_proto.cc:16:
/home/xuan/Ascend/ascend-toolkit/latest/include/graph/ge_error_codes.h:15:122: note: ‘#pragma message: Warning: ge_error_codes.h is deprecated and will be removed after 2027-06. Include "graph/error_codes.h" instead.’
   15 |     "Warning: ge_error_codes.h is deprecated and will be removed after 2027-06. Include \"graph/error_codes.h\" instead.")
      |                                                                                                                          ^
[  7%] Built target hccl_aiv_scatter_op_910_95
[  7%] Generating hccl_rs_superkernel_mesh_1d_int8_v2.o
In file included from /home/xuan/Ascend/ascend-toolkit/latest/include/external/ge_common/api_error_codes.h:16,
                 from /home/xuan/Ascend/ascend-toolkit/latest/include/exe_graph/runtime/continuous_vector.h:20,
                 from /home/xuan/Ascend/ascend-toolkit/latest/include/exe_graph/runtime/runtime_attrs.h:16,
                 from /home/xuan/Ascend/ascend-toolkit/latest/include/exe_graph/runtime/infer_shape_context.h:16,
                 from /home/xuan/Ascend/ascend-toolkit/latest/include/register/op_impl_registry.h:19,
                 from /home/xuan/WorkSpace/hccl/src/ops/all_reduce/op_graph/all_reduce_proto.cc:17:
/home/xuan/Ascend/ascend-toolkit/latest/include/external/ge_common/ge_error_codes.h:15:122: note: ‘#pragma message: Warning: ge_error_codes.h is deprecated and will be removed after 2027-06. Include "graph/error_codes.h" instead.’
   15 |     "Warning: ge_error_codes.h is deprecated and will be removed after 2027-06. Include \"graph/error_codes.h\" instead.")
      |                                                                                                                          ^
In file included from /home/xuan/Ascend/ascend-toolkit/latest/include/external/ge_common/api_error_codes.h:17,
                 from /home/xuan/Ascend/ascend-toolkit/latest/include/exe_graph/runtime/continuous_vector.h:20,
                 from /home/xuan/Ascend/ascend-toolkit/latest/include/exe_graph/runtime/runtime_attrs.h:16,
                 from /home/xuan/Ascend/ascend-toolkit/latest/include/exe_graph/runtime/infer_shape_context.h:16,
                 from /home/xuan/Ascend/ascend-toolkit/latest/include/register/op_impl_registry.h:19,
                 from /home/xuan/WorkSpace/hccl/src/ops/all_reduce/op_graph/all_reduce_proto.cc:17:
/home/xuan/Ascend/ascend-toolkit/latest/include/external/ge_common/ge_api_types.h:15:122: note: ‘#pragma message: Warning: ge_api_types.h is deprecated and will be removed after 2027-06. Include "ge_common_api_types.h" instead.’
   15 |     "Warning: ge_api_types.h is deprecated and will be removed after 2027-06. Include \"ge_common_api_types.h\" instead.")
      |                                                                                                                          ^
In file included from /home/xuan/WorkSpace/hccl/src/common/op_graph/op_util.h:20,
                 from /home/xuan/WorkSpace/hccl/src/ops/all_reduce/op_graph/all_reduce_proto.cc:20:
/home/xuan/Ascend/cann-9.2.0/include/exe_graph/runtime/tensor.h:14:111: note: ‘#pragma message: Warning: tensor.h is deprecated and will be removed after 2027-06. Include "runtime_tensor.h" instead.’
   14 |     "Warning: tensor.h is deprecated and will be removed after 2027-06. Include \"runtime_tensor.h\" instead.")
      |                                                                                                               ^
[  7%] Building CXX object src/CMakeFiles/opgraph_hccl.dir/ops/send/op_graph/send_proto.cc.o
In file included from /home/xuan/WorkSpace/hccl/src/ops/send/op_graph/send_proto.cc:16:
/home/xuan/WorkSpace/hccl/src/common/op_graph/ops_proto_hccl.h:20:2: warning: #warning "ops_proto_hccl.h is scheduled to be deprecated in December 2026, and will be replaced by the ops_proto_math.h, ops_proto_cv.h, ops_proto_nn.h, ops_proto_transformer.h, ops_proto_legacy.h. We apologize for any inconvenience caused and appreciate your timely migration to the new interface." [-Wcpp]
   20 | #warning "ops_proto_hccl.h is scheduled to be deprecated in December 2026, and will be replaced by the \
      |  ^~~~~~~
In file included from /home/xuan/Ascend/ascend-toolkit/latest/include/graph/operator.h:20,
                 from /home/xuan/Ascend/ascend-toolkit/latest/include/graph/operator_reg.h:19,
                 from /home/xuan/WorkSpace/hccl/src/common/op_graph/ops_proto_hccl.h:24,
                 from /home/xuan/WorkSpace/hccl/src/ops/send/op_graph/send_proto.cc:16:
/home/xuan/Ascend/ascend-toolkit/latest/include/graph/ge_error_codes.h:15:122: note: ‘#pragma message: Warning: ge_error_codes.h is deprecated and will be removed after 2027-06. Include "graph/error_codes.h" instead.’
   15 |     "Warning: ge_error_codes.h is deprecated and will be removed after 2027-06. Include \"graph/error_codes.h\" instead.")
      |                                                                                                                          ^
[  3%] Built target hccl_aiv_scatter_op_910_95
[  4%] Generating hccl_aiv_reduce_scatter_op_910_95.o
In file included from /home/xuan/Ascend/ascend-toolkit/latest/include/external/ge_common/api_error_codes.h:16,
                 from /home/xuan/Ascend/ascend-toolkit/latest/include/exe_graph/runtime/continuous_vector.h:20,
                 from /home/xuan/Ascend/ascend-toolkit/latest/include/exe_graph/runtime/runtime_attrs.h:16,
                 from /home/xuan/Ascend/ascend-toolkit/latest/include/exe_graph/runtime/infer_shape_context.h:16,
                 from /home/xuan/Ascend/ascend-toolkit/latest/include/register/op_impl_registry.h:19,
                 from /home/xuan/WorkSpace/hccl/src/ops/send/op_graph/send_proto.cc:17:
/home/xuan/Ascend/ascend-toolkit/latest/include/external/ge_common/ge_error_codes.h:15:122: note: ‘#pragma message: Warning: ge_error_codes.h is deprecated and will be removed after 2027-06. Include "graph/error_codes.h" instead.’
   15 |     "Warning: ge_error_codes.h is deprecated and will be removed after 2027-06. Include \"graph/error_codes.h\" instead.")
      |                                                                                                                          ^
In file included from /home/xuan/Ascend/ascend-toolkit/latest/include/external/ge_common/api_error_codes.h:17,
                 from /home/xuan/Ascend/ascend-toolkit/latest/include/exe_graph/runtime/continuous_vector.h:20,
                 from /home/xuan/Ascend/ascend-toolkit/latest/include/exe_graph/runtime/runtime_attrs.h:16,
                 from /home/xuan/Ascend/ascend-toolkit/latest/include/exe_graph/runtime/infer_shape_context.h:16,
                 from /home/xuan/Ascend/ascend-toolkit/latest/include/register/op_impl_registry.h:19,
                 from /home/xuan/WorkSpace/hccl/src/ops/send/op_graph/send_proto.cc:17:
/home/xuan/Ascend/ascend-toolkit/latest/include/external/ge_common/ge_api_types.h:15:122: note: ‘#pragma message: Warning: ge_api_types.h is deprecated and will be removed after 2027-06. Include "ge_common_api_types.h" instead.’
   15 |     "Warning: ge_api_types.h is deprecated and will be removed after 2027-06. Include \"ge_common_api_types.h\" instead.")
      |                                                                                                                          ^
In file included from /home/xuan/WorkSpace/hccl/src/common/op_graph/op_util.h:20,
                 from /home/xuan/WorkSpace/hccl/src/ops/send/op_graph/send_proto.cc:20:
/home/xuan/Ascend/cann-9.2.0/include/exe_graph/runtime/tensor.h:14:111: note: ‘#pragma message: Warning: tensor.h is deprecated and will be removed after 2027-06. Include "runtime_tensor.h" instead.’
   14 |     "Warning: tensor.h is deprecated and will be removed after 2027-06. Include \"runtime_tensor.h\" instead.")
      |                                                                                                               ^
[  8%] Building CXX object src/CMakeFiles/opgraph_hccl.dir/ops/recv/op_graph/recv_proto.cc.o
In file included from /home/xuan/WorkSpace/hccl/src/ops/recv/op_graph/recv_proto.cc:16:
/home/xuan/WorkSpace/hccl/src/common/op_graph/ops_proto_hccl.h:20:2: warning: #warning "ops_proto_hccl.h is scheduled to be deprecated in December 2026, and will be replaced by the ops_proto_math.h, ops_proto_cv.h, ops_proto_nn.h, ops_proto_transformer.h, ops_proto_legacy.h. We apologize for any inconvenience caused and appreciate your timely migration to the new interface." [-Wcpp]
   20 | #warning "ops_proto_hccl.h is scheduled to be deprecated in December 2026, and will be replaced by the \
      |  ^~~~~~~
In file included from /home/xuan/Ascend/ascend-toolkit/latest/include/graph/operator.h:20,
                 from /home/xuan/Ascend/ascend-toolkit/latest/include/graph/operator_reg.h:19,
                 from /home/xuan/WorkSpace/hccl/src/common/op_graph/ops_proto_hccl.h:24,
                 from /home/xuan/WorkSpace/hccl/src/ops/recv/op_graph/recv_proto.cc:16:
/home/xuan/Ascend/ascend-toolkit/latest/include/graph/ge_error_codes.h:15:122: note: ‘#pragma message: Warning: ge_error_codes.h is deprecated and will be removed after 2027-06. Include "graph/error_codes.h" instead.’
   15 |     "Warning: ge_error_codes.h is deprecated and will be removed after 2027-06. Include \"graph/error_codes.h\" instead.")
      |                                                                                                                          ^
In file included from /home/xuan/Ascend/ascend-toolkit/latest/include/external/ge_common/api_error_codes.h:16,
                 from /home/xuan/Ascend/ascend-toolkit/latest/include/exe_graph/runtime/continuous_vector.h:20,
                 from /home/xuan/Ascend/ascend-toolkit/latest/include/exe_graph/runtime/runtime_attrs.h:16,
                 from /home/xuan/Ascend/ascend-toolkit/latest/include/exe_graph/runtime/infer_shape_context.h:16,
                 from /home/xuan/Ascend/ascend-toolkit/latest/include/register/op_impl_registry.h:19,
                 from /home/xuan/WorkSpace/hccl/src/ops/recv/op_graph/recv_proto.cc:17:
/home/xuan/Ascend/ascend-toolkit/latest/include/external/ge_common/ge_error_codes.h:15:122: note: ‘#pragma message: Warning: ge_error_codes.h is deprecated and will be removed after 2027-06. Include "graph/error_codes.h" instead.’
   15 |     "Warning: ge_error_codes.h is deprecated and will be removed after 2027-06. Include \"graph/error_codes.h\" instead.")
      |                                                                                                                          ^
In file included from /home/xuan/Ascend/ascend-toolkit/latest/include/external/ge_common/api_error_codes.h:17,
                 from /home/xuan/Ascend/ascend-toolkit/latest/include/exe_graph/runtime/continuous_vector.h:20,
                 from /home/xuan/Ascend/ascend-toolkit/latest/include/exe_graph/runtime/runtime_attrs.h:16,
                 from /home/xuan/Ascend/ascend-toolkit/latest/include/exe_graph/runtime/infer_shape_context.h:16,
                 from /home/xuan/Ascend/ascend-toolkit/latest/include/register/op_impl_registry.h:19,
                 from /home/xuan/WorkSpace/hccl/src/ops/recv/op_graph/recv_proto.cc:17:
/home/xuan/Ascend/ascend-toolkit/latest/include/external/ge_common/ge_api_types.h:15:122: note: ‘#pragma message: Warning: ge_api_types.h is deprecated and will be removed after 2027-06. Include "ge_common_api_types.h" instead.’
   15 |     "Warning: ge_api_types.h is deprecated and will be removed after 2027-06. Include \"ge_common_api_types.h\" instead.")
      |                                                                                                                          ^
In file included from /home/xuan/WorkSpace/hccl/src/common/op_graph/op_util.h:20,
                 from /home/xuan/WorkSpace/hccl/src/ops/recv/op_graph/recv_proto.cc:20:
/home/xuan/Ascend/cann-9.2.0/include/exe_graph/runtime/tensor.h:14:111: note: ‘#pragma message: Warning: tensor.h is deprecated and will be removed after 2027-06. Include "runtime_tensor.h" instead.’
   14 |     "Warning: tensor.h is deprecated and will be removed after 2027-06. Include \"runtime_tensor.h\" instead.")
      |                                                                                                               ^
[  8%] Building CXX object src/CMakeFiles/opgraph_hccl.dir/ops/reduce/op_graph/reduce_proto.cc.o
In file included from /home/xuan/WorkSpace/hccl/src/ops/reduce/op_graph/reduce_proto.cc:16:
/home/xuan/WorkSpace/hccl/src/common/op_graph/ops_proto_hccl.h:20:2: warning: #warning "ops_proto_hccl.h is scheduled to be deprecated in December 2026, and will be replaced by the ops_proto_math.h, ops_proto_cv.h, ops_proto_nn.h, ops_proto_transformer.h, ops_proto_legacy.h. We apologize for any inconvenience caused and appreciate your timely migration to the new interface." [-Wcpp]
   20 | #warning "ops_proto_hccl.h is scheduled to be deprecated in December 2026, and will be replaced by the \
      |  ^~~~~~~
In file included from /home/xuan/Ascend/ascend-toolkit/latest/include/graph/operator.h:20,
                 from /home/xuan/Ascend/ascend-toolkit/latest/include/graph/operator_reg.h:19,
                 from /home/xuan/WorkSpace/hccl/src/common/op_graph/ops_proto_hccl.h:24,
                 from /home/xuan/WorkSpace/hccl/src/ops/reduce/op_graph/reduce_proto.cc:16:
/home/xuan/Ascend/ascend-toolkit/latest/include/graph/ge_error_codes.h:15:122: note: ‘#pragma message: Warning: ge_error_codes.h is deprecated and will be removed after 2027-06. Include "graph/error_codes.h" instead.’
   15 |     "Warning: ge_error_codes.h is deprecated and will be removed after 2027-06. Include \"graph/error_codes.h\" instead.")
      |                                                                                                                          ^
In file included from /home/xuan/Ascend/ascend-toolkit/latest/include/external/ge_common/api_error_codes.h:16,
                 from /home/xuan/Ascend/ascend-toolkit/latest/include/exe_graph/runtime/continuous_vector.h:20,
                 from /home/xuan/Ascend/ascend-toolkit/latest/include/exe_graph/runtime/runtime_attrs.h:16,
                 from /home/xuan/Ascend/ascend-toolkit/latest/include/exe_graph/runtime/infer_shape_context.h:16,
                 from /home/xuan/Ascend/ascend-toolkit/latest/include/register/op_impl_registry.h:19,
                 from /home/xuan/WorkSpace/hccl/src/ops/reduce/op_graph/reduce_proto.cc:17:
/home/xuan/Ascend/ascend-toolkit/latest/include/external/ge_common/ge_error_codes.h:15:122: note: ‘#pragma message: Warning: ge_error_codes.h is deprecated and will be removed after 2027-06. Include "graph/error_codes.h" instead.’
   15 |     "Warning: ge_error_codes.h is deprecated and will be removed after 2027-06. Include \"graph/error_codes.h\" instead.")
      |                                                                                                                          ^
In file included from /home/xuan/Ascend/ascend-toolkit/latest/include/external/ge_common/api_error_codes.h:17,
                 from /home/xuan/Ascend/ascend-toolkit/latest/include/exe_graph/runtime/continuous_vector.h:20,
                 from /home/xuan/Ascend/ascend-toolkit/latest/include/exe_graph/runtime/runtime_attrs.h:16,
                 from /home/xuan/Ascend/ascend-toolkit/latest/include/exe_graph/runtime/infer_shape_context.h:16,
                 from /home/xuan/Ascend/ascend-toolkit/latest/include/register/op_impl_registry.h:19,
                 from /home/xuan/WorkSpace/hccl/src/ops/reduce/op_graph/reduce_proto.cc:17:
/home/xuan/Ascend/ascend-toolkit/latest/include/external/ge_common/ge_api_types.h:15:122: note: ‘#pragma message: Warning: ge_api_types.h is deprecated and will be removed after 2027-06. Include "ge_common_api_types.h" instead.’
   15 |     "Warning: ge_api_types.h is deprecated and will be removed after 2027-06. Include \"ge_common_api_types.h\" instead.")
      |                                                                                                                          ^
[  8%] Built target hccl_rs_superkernel_mesh_1d_int8_v2
[  8%] Generating hccl_rs_superkernel_mesh_1d_int16_v2.o
In file included from /home/xuan/WorkSpace/hccl/src/common/op_graph/op_util.h:20,
                 from /home/xuan/WorkSpace/hccl/src/ops/reduce/op_graph/reduce_proto.cc:20:
/home/xuan/Ascend/cann-9.2.0/include/exe_graph/runtime/tensor.h:14:111: note: ‘#pragma message: Warning: tensor.h is deprecated and will be removed after 2027-06. Include "runtime_tensor.h" instead.’
   14 |     "Warning: tensor.h is deprecated and will be removed after 2027-06. Include \"runtime_tensor.h\" instead.")
      |                                                                                                               ^
[  8%] Linking CXX shared library libopgraph_hccl.so
[  8%] Built target opgraph_hccl
[  8%] Generating hccl_rs_superkernel_mesh_1d_int32_v2.o
[  8%] Built target hccl_aiv_reduce_scatter_op_910_95
[  8%] Generating hccl_rs_superkernel_mesh_1d_float16_v2.o
[  8%] Built target hccl_rs_superkernel_mesh_1d_int16_v2
[  4%] Generating hccl_rs_superkernel_mesh_1d_int8_v2.o
[  8%] Built target hccl_rs_superkernel_mesh_1d_int32_v2
[  9%] Generating hccl_rs_superkernel_mesh_1d_float32_v2.o
[  9%] Built target hccl_rs_superkernel_mesh_1d_float16_v2
[  4%] Generating hccl_rs_superkernel_mesh_1d_int16_v2.o
[  4%] Built target hccl_aiv_reduce_scatter_op_910_95
[  5%] Generating hccl_rs_superkernel_mesh_1d_int32_v2.o
[  5%] Built target hccl_rs_superkernel_mesh_1d_int8_v2
[  5%] Generating hccl_rs_superkernel_mesh_1d_float16_v2.o
[  9%] Built target hccl_rs_superkernel_mesh_1d_float32_v2
[  9%] Generating hccl_rs_superkernel_mesh_1d_bfloat16_v2.o
[  5%] Built target hccl_rs_superkernel_mesh_1d_int16_v2
[  6%] Generating hccl_rs_superkernel_mesh_1d_float32_v2.o
[  6%] Built target hccl_rs_superkernel_mesh_1d_int32_v2
[  7%] Generating hccl_rs_superkernel_mesh_1d_bfloat16_v2.o
[  7%] Built target hccl_rs_superkernel_mesh_1d_float16_v2
[  9%] Generating hccl_aiv_all_gather_op_910_95.o
[  9%] Built target hccl_rs_superkernel_mesh_1d_bfloat16_v2
[  9%] Generating hccl_ag_superkernel_mesh_1d_int8_v2.o
[  7%] Built target hccl_rs_superkernel_mesh_1d_float32_v2
[  7%] Generating hccl_aiv_all_gather_op_910_95.o
[  9%] Built target hccl_ag_superkernel_mesh_1d_int8_v2
[  9%] Generating hccl_ag_superkernel_mesh_1d_int16_v2.o
[  7%] Built target hccl_rs_superkernel_mesh_1d_bfloat16_v2
[  7%] Generating hccl_ag_superkernel_mesh_1d_int8_v2.o
[  9%] Built target hccl_ag_superkernel_mesh_1d_int16_v2
[ 10%] Generating hccl_ag_superkernel_mesh_1d_int32_v2.o
[  7%] Built target hccl_ag_superkernel_mesh_1d_int8_v2
[  8%] Generating hccl_ag_superkernel_mesh_1d_int16_v2.o
[ 10%] Built target hccl_aiv_all_gather_op_910_95
[ 10%] Generating hccl_ag_superkernel_mesh_1d_float16_v2.o
[ 10%] Built target hccl_ag_superkernel_mesh_1d_int32_v2
[ 10%] Generating hccl_ag_superkernel_mesh_1d_float32_v2.o
[  8%] Built target hccl_ag_superkernel_mesh_1d_int16_v2
[  8%] Generating hccl_ag_superkernel_mesh_1d_int32_v2.o
[  8%] Built target hccl_aiv_all_gather_op_910_95
[  9%] Generating hccl_ag_superkernel_mesh_1d_float16_v2.o
[ 10%] Built target hccl_ag_superkernel_mesh_1d_float16_v2
[ 11%] Generating hccl_ag_superkernel_mesh_1d_bfloat16_v2.o
[ 11%] Built target hccl_ag_superkernel_mesh_1d_float32_v2
[ 11%] Generating hccl_ag_superkernel_mesh_1d_uint8_v2.o
[  9%] Built target hccl_ag_superkernel_mesh_1d_int32_v2
[  9%] Generating hccl_ag_superkernel_mesh_1d_float32_v2.o
[  9%] Built target hccl_ag_superkernel_mesh_1d_float16_v2
[  9%] Generating hccl_ag_superkernel_mesh_1d_bfloat16_v2.o
[ 11%] Built target hccl_ag_superkernel_mesh_1d_bfloat16_v2
[ 11%] Generating hccl_ag_superkernel_mesh_1d_uint16_v2.o
[ 11%] Built target hccl_ag_superkernel_mesh_1d_uint8_v2
[ 12%] Generating hccl_ag_superkernel_mesh_1d_uint32_v2.o
[  9%] Built target hccl_ag_superkernel_mesh_1d_float32_v2
[ 10%] Generating hccl_ag_superkernel_mesh_1d_uint8_v2.o
[ 10%] Built target hccl_ag_superkernel_mesh_1d_bfloat16_v2
[ 11%] Generating hccl_ag_superkernel_mesh_1d_uint16_v2.o
[ 12%] Built target hccl_ag_superkernel_mesh_1d_uint16_v2
[ 12%] Built target hccl_ag_superkernel_mesh_1d_uint32_v2
[ 12%] Generating hccl_ag_superkernel_mesh_1d_int64_v2.o
[ 12%] Generating hccl_ag_superkernel_mesh_1d_uint64_v2.o
[ 11%] Built target hccl_ag_superkernel_mesh_1d_uint8_v2
[ 11%] Generating hccl_ag_superkernel_mesh_1d_uint32_v2.o
[ 11%] Built target hccl_ag_superkernel_mesh_1d_uint16_v2
[ 12%] Generating hccl_ag_superkernel_mesh_1d_int64_v2.o
[ 12%] Built target hccl_ag_superkernel_mesh_1d_int64_v2
[ 12%] Generating hccl_aiv_all_to_all_v_op_910_95.o
[ 12%] Built target hccl_ag_superkernel_mesh_1d_uint64_v2
[ 12%] Generating hccl_aiv_all_to_all_op_910_95.o
[ 12%] Built target hccl_ag_superkernel_mesh_1d_uint32_v2
[ 12%] Generating hccl_ag_superkernel_mesh_1d_uint64_v2.o
[ 12%] Built target hccl_ag_superkernel_mesh_1d_int64_v2
[ 13%] Generating hccl_aiv_all_to_all_v_op_910_95.o
[ 13%] Built target hccl_ag_superkernel_mesh_1d_uint64_v2
[ 13%] Generating hccl_aiv_all_to_all_op_910_95.o
[ 12%] Built target hccl_aiv_all_to_all_op_910_95
[ 12%] Generating hccl_a2a_superkernel_mesh_1d_int8_v2.o
[ 12%] Built target hccl_aiv_all_to_all_v_op_910_95
[ 13%] Generating hccl_a2a_superkernel_mesh_1d_int16_v2.o
[ 13%] Built target hccl_aiv_all_to_all_v_op_910_95
[ 14%] Generating hccl_a2a_superkernel_mesh_1d_int8_v2.o
[ 13%] Built target hccl_a2a_superkernel_mesh_1d_int8_v2
[ 13%] Generating hccl_a2a_superkernel_mesh_1d_int32_v2.o
[ 13%] Built target hccl_a2a_superkernel_mesh_1d_int16_v2
[ 13%] Generating hccl_a2a_superkernel_mesh_1d_float16_v2.o
[ 14%] Built target hccl_aiv_all_to_all_op_910_95
[ 14%] Generating hccl_a2a_superkernel_mesh_1d_int16_v2.o
[ 14%] Built target hccl_a2a_superkernel_mesh_1d_int8_v2
[ 15%] Generating hccl_a2a_superkernel_mesh_1d_int32_v2.o
[ 13%] Built target hccl_a2a_superkernel_mesh_1d_int32_v2
[ 13%] Generating hccl_a2a_superkernel_mesh_1d_float32_v2.o
[ 13%] Built target hccl_a2a_superkernel_mesh_1d_float16_v2
[ 13%] Generating hccl_a2a_superkernel_mesh_1d_bfloat16_v2.o
[ 15%] Built target hccl_a2a_superkernel_mesh_1d_int16_v2
[ 15%] Generating hccl_a2a_superkernel_mesh_1d_float16_v2.o
[ 15%] Built target hccl_a2a_superkernel_mesh_1d_int32_v2
[ 16%] Generating hccl_a2a_superkernel_mesh_1d_float32_v2.o
[ 13%] Built target hccl_a2a_superkernel_mesh_1d_float32_v2
[ 13%] Generating hccl_a2a_superkernel_mesh_1d_uint8_v2.o
[ 13%] Built target hccl_a2a_superkernel_mesh_1d_bfloat16_v2
[ 14%] Generating hccl_a2a_superkernel_mesh_1d_uint16_v2.o
[ 16%] Built target hccl_a2a_superkernel_mesh_1d_float16_v2
[ 17%] Generating hccl_a2a_superkernel_mesh_1d_bfloat16_v2.o
[ 17%] Built target hccl_a2a_superkernel_mesh_1d_float32_v2
[ 18%] Generating hccl_a2a_superkernel_mesh_1d_uint8_v2.o
[ 14%] Built target hccl_a2a_superkernel_mesh_1d_uint8_v2
[ 14%] Generating hccl_a2a_superkernel_mesh_1d_uint32_v2.o
[ 14%] Built target hccl_a2a_superkernel_mesh_1d_uint16_v2
[ 14%] Generating hccl_a2a_superkernel_mesh_1d_int64_v2.o
[ 18%] Built target hccl_a2a_superkernel_mesh_1d_bfloat16_v2
[ 18%] Generating hccl_a2a_superkernel_mesh_1d_uint16_v2.o
[ 18%] Built target hccl_a2a_superkernel_mesh_1d_uint8_v2
[ 19%] Generating hccl_a2a_superkernel_mesh_1d_uint32_v2.o
[ 14%] Built target hccl_a2a_superkernel_mesh_1d_uint32_v2
[ 14%] Generating hccl_a2a_superkernel_mesh_1d_uint64_v2.o
[ 14%] Built target hccl_a2a_superkernel_mesh_1d_int64_v2
[ 14%] Generating hccl_aiv_broadcast_op_910_95.o
[ 19%] Built target hccl_a2a_superkernel_mesh_1d_uint16_v2
[ 19%] Generating hccl_a2a_superkernel_mesh_1d_int64_v2.o
[ 19%] Built target hccl_a2a_superkernel_mesh_1d_uint32_v2
[ 19%] Generating hccl_a2a_superkernel_mesh_1d_uint64_v2.o
[ 14%] Built target hccl_a2a_superkernel_mesh_1d_uint64_v2
[ 15%] Generating hccl_aiv_all_reduce_op_910_95.o
[ 19%] Built target hccl_a2a_superkernel_mesh_1d_int64_v2
[ 19%] Generating hccl_aiv_broadcast_op_910_95.o
[ 19%] Built target hccl_a2a_superkernel_mesh_1d_uint64_v2
[ 20%] Generating hccl_aiv_all_reduce_op_910_95.o
[ 15%] Built target hccl_aiv_broadcast_op_910_95
[ 15%] Generating hccl_ar_superkernel_mesh_1d_oneshot_int8_v2.o
[ 15%] Built target hccl_aiv_all_reduce_op_910_95
[ 16%] Generating hccl_ar_superkernel_mesh_1d_oneshot_int16_v2.o
[ 16%] Built target hccl_ar_superkernel_mesh_1d_oneshot_int8_v2
[ 16%] Generating hccl_ar_superkernel_mesh_1d_oneshot_int32_v2.o
[ 20%] Built target hccl_aiv_broadcast_op_910_95
[ 21%] Generating hccl_ar_superkernel_mesh_1d_oneshot_int8_v2.o
[ 21%] Built target hccl_aiv_all_reduce_op_910_95
[ 22%] Generating hccl_ar_superkernel_mesh_1d_oneshot_int16_v2.o
[ 16%] Built target hccl_ar_superkernel_mesh_1d_oneshot_int32_v2
[ 16%] Generating hccl_ar_superkernel_mesh_1d_oneshot_float16_v2.o
[ 16%] Built target hccl_ar_superkernel_mesh_1d_oneshot_int16_v2
[ 16%] Generating hccl_ar_superkernel_mesh_1d_oneshot_float32_v2.o
[ 22%] Built target hccl_ar_superkernel_mesh_1d_oneshot_int8_v2
[ 22%] Generating hccl_ar_superkernel_mesh_1d_oneshot_int32_v2.o
[ 22%] Built target hccl_ar_superkernel_mesh_1d_oneshot_int16_v2
[ 23%] Generating hccl_ar_superkernel_mesh_1d_oneshot_float16_v2.o
[ 16%] Built target hccl_ar_superkernel_mesh_1d_oneshot_float16_v2
[ 23%] Generating hccl_ar_superkernel_mesh_1d_oneshot_float32_v2.o
[ 16%] Built target hccl_ar_superkernel_mesh_1d_oneshot_float32_v2
[ 16%] Generating hccl_ar_superkernel_mesh_1d_oneshot_bfloat16_v2.o
[ 23%] Built target hccl_ar_superkernel_mesh_1d_oneshot_int32_v2
[ 23%] Generating hccl_ar_superkernel_mesh_1d_oneshot_bfloat16_v2.o
[ 23%] Built target hccl_ar_superkernel_mesh_1d_oneshot_float16_v2
[ 23%] Generating hccl_ar_superkernel_mesh_1d_twoshot_int8_v2.o
[ 23%] Built target hccl_ar_superkernel_mesh_1d_oneshot_float32_v2
[ 23%] Generating hccl_ar_superkernel_mesh_1d_twoshot_int16_v2.o
[ 16%] Built target hccl_ar_superkernel_mesh_1d_oneshot_bfloat16_v2
[ 17%] Generating hccl_ar_superkernel_mesh_1d_twoshot_int8_v2.o
[ 23%] Built target hccl_ar_superkernel_mesh_1d_oneshot_bfloat16_v2
[ 24%] Generating hccl_ar_superkernel_mesh_1d_twoshot_int32_v2.o
[ 24%] Built target hccl_ar_superkernel_mesh_1d_twoshot_int8_v2
[ 25%] Generating hccl_ar_superkernel_mesh_1d_twoshot_float16_v2.o
[ 25%] Built target hccl_ar_superkernel_mesh_1d_twoshot_int16_v2
[ 25%] Generating hccl_ar_superkernel_mesh_1d_twoshot_float32_v2.o
[ 17%] Built target hccl_ar_superkernel_mesh_1d_twoshot_int8_v2
[ 17%] Generating hccl_ar_superkernel_mesh_1d_twoshot_int16_v2.o
[ 25%] Built target hccl_ar_superkernel_mesh_1d_twoshot_int32_v2
[ 25%] Generating hccl_ar_superkernel_mesh_1d_twoshot_bfloat16_v2.o
[ 25%] Built target hccl_ar_superkernel_mesh_1d_twoshot_float16_v2
[ 26%] Generating hccl_aiv_send_op_910_95.o
[ 26%] Built target hccl_ar_superkernel_mesh_1d_twoshot_float32_v2
[ 27%] Generating hccl_aiv_recv_op_910_95.o
[ 17%] Built target hccl_ar_superkernel_mesh_1d_twoshot_int16_v2
[ 17%] Generating hccl_ar_superkernel_mesh_1d_twoshot_int32_v2.o
[ 27%] Built target hccl_ar_superkernel_mesh_1d_twoshot_bfloat16_v2
[ 27%] Generating hccl_aiv_reduce_op_910_95.o
[ 17%] Built target hccl_ar_superkernel_mesh_1d_twoshot_int32_v2
[ 18%] Generating hccl_ar_superkernel_mesh_1d_twoshot_float16_v2.o
[ 27%] Built target hccl_aiv_send_op_910_95
[ 28%] Building CXX object src/CMakeFiles/scatter_aicpu_kernel.dir/common/utils.cc.o
[ 28%] Building CXX object src/CMakeFiles/scatter_aicpu_kernel.dir/common/config_log.cc.o
[ 28%] Built target hccl_aiv_recv_op_910_95
[ 18%] Built target hccl_ar_superkernel_mesh_1d_twoshot_float16_v2
[ 18%] Generating hccl_ar_superkernel_mesh_1d_twoshot_float32_v2.o
[ 18%] Generating hccl_ar_superkernel_mesh_1d_twoshot_bfloat16_v2.o
[ 29%] Building CXX object src/CMakeFiles/scatter_aicpu_kernel.dir/common/sal.cc.o
[ 29%] Building CXX object src/CMakeFiles/scatter_aicpu_kernel.dir/common/log.cc.o
[ 30%] Building CXX object src/CMakeFiles/scatter_aicpu_kernel.dir/common/adapter_error_manager_pub.cc.o
[ 30%] Built target hccl_aiv_reduce_op_910_95
[ 19%] Generating hccl_aiv_send_op_910_95.o
[ 30%] Building CXX object src/CMakeFiles/scatter_aicpu_kernel.dir/common/alg_env_config.cc.o
[ 19%] Built target hccl_ar_superkernel_mesh_1d_twoshot_float32_v2
[ 19%] Built target hccl_ar_superkernel_mesh_1d_twoshot_bfloat16_v2
[ 20%] Generating hccl_aiv_recv_op_910_95.o
[ 20%] Generating hccl_aiv_reduce_op_910_95.o
[ 30%] Building CXX object src/CMakeFiles/scatter_aicpu_kernel.dir/common/device_compat.cc.o
[ 31%] Building CXX object src/CMakeFiles/scatter_aicpu_kernel.dir/ops/op_common/omnipipe_data_slice_calc.cc.o
[ 31%] Building CXX object src/CMakeFiles/scatter_aicpu_kernel.dir/ops/op_common/exec_timeout_manager.cc.o
[ 20%] Built target hccl_aiv_send_op_910_95
[ 20%] Copying OPP proto library to standard path...
[ 20%] Generating ES API code for 'es_hccl' using run package gen_esb...
Generating ES code for package: es_hccl
[2026-07-21 17:12:57] [ES-GEN] ========== ES Code Generation Started ==========
[2026-07-21 17:12:57] [ES-GEN] Lock file: /home/xuan/WorkSpace/hccl/build/src/es_hccl_build/generated_code/.gen.lock
[2026-07-21 17:12:57] [ES-GEN] Gen ESB: /home/xuan/Ascend/ascend-toolkit/latest/bin/gen_esb
[2026-07-21 17:12:57] [ES-GEN] OPP path: /home/xuan/WorkSpace/hccl/build/src/es_hccl_build/opp_standard_path_opgraph_hccl
[2026-07-21 17:12:57] [ES-GEN] Output dir: /home/xuan/WorkSpace/hccl/build/src/es_hccl_build/generated_code
[2026-07-21 17:12:57] [ES-GEN] Module: hccl
[2026-07-21 17:12:57] [ES-GEN] Lib path: /home/xuan/Ascend/ascend-toolkit/latest/lib64
[2026-07-21 17:12:57] [ES-GEN] Exclude ops: 
[2026-07-21 17:12:57] [ES-GEN] ========== Main Logic Started ==========
[2026-07-21 17:12:57] [ES-GEN] Using flock file locking mechanism
[2026-07-21 17:12:57] [ES-GEN] [flock] Acquired lock immediately
[2026-07-21 17:12:57] [ES-GEN] Waiting for filesystem sync...
[ 32%] Building CXX object src/CMakeFiles/scatter_aicpu_kernel.dir/ops/op_common/executor/channel/channel.cc.o
[2026-07-21 17:12:58] [ES-GEN] [Attempt 1/10] Executing gen_esb...
[2026-07-21 17:12:58] [ES-GEN] Command: LD_LIBRARY_PATH=/home/xuan/Ascend/ascend-toolkit/latest/lib64:$LD_LIBRARY_PATH ASCEND_OPP_PATH=/home/xuan/WorkSpace/hccl/build/src/es_hccl_build/opp_standard_path_opgraph_hccl "/home/xuan/Ascend/ascend-toolkit/latest/bin/gen_esb" --output_dir="/home/xuan/WorkSpace/hccl/build/src/es_hccl_build/generated_code" --module_name="hccl" --exclude_ops=""     
==========================================
ES Graph Builder Generator v1.0
Copyright (c) 2025 Huawei Technologies Co., Ltd.
==========================================
Starting code generation...
Environment variable check: ASCEND_OPP_PATH = /home/xuan/WorkSpace/hccl/build/src/es_hccl_build/opp_standard_path_opgraph_hccl
Environment variable check: LD_LIBRARY_PATH = /home/xuan/Ascend/ascend-toolkit/latest/lib64:/home/xuan/Ascend/cann-9.2.0/lib64:/home/xuan/Ascend/cann-9.2.0/lib64/plugin/opskernel:/home/xuan/Ascend/cann-9.2.0/lib64/plugin/nnengine:/home/xuan/Ascend/cann-9.2.0/opp/built-in/op_impl/ai_core/tbe/op_tiling/lib/linux/x86_64:/usr/local/Ascend/driver/lib64:/usr/local/Ascend/driver/lib64/common:/usr/local/Ascend/driver/lib64/driver:/home/xuan/Ascend/cann-9.2.0/devlib
Output directory: /home/xuan/WorkSpace/hccl/build/src/es_hccl_build/generated_code/
Module name: hccl
ASCEND_OPP_PATH is: /home/xuan/WorkSpace/hccl/build/src/es_hccl_build/opp_standard_path_opgraph_hccl
ops proto path: /home/xuan/WorkSpace/hccl/build/src/es_hccl_build/opp_standard_path_opgraph_hccl/op_proto/custom/:/home/xuan/WorkSpace/hccl/build/src/es_hccl_build/opp_standard_path_opgraph_hccl/op_proto/built-in/
Get ops num: 12
Generate done, generated num 12, unsupported: 
Write to file: /home/xuan/WorkSpace/hccl/build/src/es_hccl_build/generated_code/es_hccl_ops_c.h
Generated C generator aggregate file: /home/xuan/WorkSpace/hccl/build/src/es_hccl_build/generated_code/es_hccl_ops_c.h
Write to file: /home/xuan/WorkSpace/hccl/build/src/es_hccl_build/generated_code/es_hccl_ops.h
Generated C++ generator aggregate file: /home/xuan/WorkSpace/hccl/build/src/es_hccl_build/generated_code/es_hccl_ops.h
Write to file: /home/xuan/WorkSpace/hccl/build/src/es_hccl_build/generated_code/es_hccl_ops.py
Generated Python generator aggregate file: /home/xuan/WorkSpace/hccl/build/src/es_hccl_build/generated_code/es_hccl_ops.py
Generated aggregate files:
  C generator: /home/xuan/WorkSpace/hccl/build/src/es_hccl_build/generated_code/es_hccl_ops_c.h
  C++ generator: /home/xuan/WorkSpace/hccl/build/src/es_hccl_build/generated_code/es_hccl_ops.h
  Python generator: /home/xuan/WorkSpace/hccl/build/src/es_hccl_build/generated_code/es_hccl_ops.py
Generated util files:
  Utils generator:
    /home/xuan/WorkSpace/hccl/build/src/es_hccl_build/generated_code/es_log.h
Generated files in: /home/xuan/WorkSpace/hccl/build/src/es_hccl_build/generated_code/

==========================================
Code generation completed!
Module name: hccl
==========================================
[2026-07-21 17:12:58] [ES-GEN] [Success] gen_esb executed successfully
[2026-07-21 17:12:58] [ES-GEN] [flock] Execution completed, exit code: 0
-- [ES Wrapper] Generated: /home/xuan/WorkSpace/hccl/build/src/es_hccl_build/generated_code/es_hccl_all_in_one.cpp
-- [ES Wrapper] Total operators included: 12
[ 20%] Built target generate_es_hccl_code
[ 21%] Building Python wheel package for 'es_hccl'...
Building Python wheel for package: es_hccl
-- Copied: es_HcomAllGather.py
-- Copied: es_HcomAllGatherV.py
-- Copied: es_HcomAllReduce.py
-- Copied: es_HcomAllToAll.py
-- Copied: es_HcomAllToAllV.py
-- Copied: es_HcomAllToAllVC.py
-- Copied: es_HcomBroadcast.py
-- Copied: es_HcomReceive.py
-- Copied: es_HcomReduce.py
-- Copied: es_HcomReduceScatter.py
-- Copied: es_HcomReduceScatterV.py
-- Copied: es_HcomSend.py
-- Copied: es_hccl_ops.py
-- Created setup.py for package 'es_hccl'
Processing /home/xuan/WorkSpace/hccl/build/src/es_hccl_build/python_package
  Preparing metadata (setup.py): started
  Preparing metadata (setup.py): finished with status 'done'
Building wheels for collected packages: es-hccl
  Building wheel for es-hccl (setup.py): started
[ 21%] Built target hccl_aiv_recv_op_910_95
[ 22%] Building CXX object src/CMakeFiles/es_hccl_obj.dir/es_hccl_build/generated_code/es_hccl_all_in_one.cpp.o
  Building wheel for es-hccl (setup.py): finished with status 'done'
  Created wheel for es-hccl: filename=es_hccl-1.0.0-py3-none-any.whl size=20924 sha256=5c56c087dda81e05359104fd1620fb0396d4dc72e809602056236b37731ae36e
  Stored in directory: /tmp/pip-ephem-wheel-cache-ko3pelc5/wheels/57/66/31/b4f7bd808c2f46fe7f4061d1f18ba30ea67114a7f8c2fefb6c
Successfully built es-hccl
[ 22%] Built target generate_es_hccl_whl
[ 32%] Building CXX object src/CMakeFiles/scatter_aicpu_kernel.dir/ops/op_common/executor/channel/channel_request.cc.o
In file included from /home/xuan/Ascend/ascend-toolkit/latest/include/graph/operator.h:20,
                 from /home/xuan/Ascend/ascend-toolkit/latest/include/graph/graph.h:19,
                 from /home/xuan/Ascend/cann-9.2.0/include/ge/es_c_graph_builder.h:15,
                 from /home/xuan/WorkSpace/hccl/build/src/es_hccl_build/generated_code/es_HcomAllGather.cpp:15,
                 from /home/xuan/WorkSpace/hccl/build/src/es_hccl_build/generated_code/es_hccl_all_in_one.cpp:15:
/home/xuan/Ascend/ascend-toolkit/latest/include/graph/ge_error_codes.h:15:122: note: ‘#pragma message: Warning: ge_error_codes.h is deprecated and will be removed after 2027-06. Include "graph/error_codes.h" instead.’
   15 |     "Warning: ge_error_codes.h is deprecated and will be removed after 2027-06. Include \"graph/error_codes.h\" instead.")
      |                                                                                                                          ^
[ 33%] Building CXX object src/CMakeFiles/scatter_aicpu_kernel.dir/ops/op_common/executor/registry/coll_alg_exec_registry.cc.o
[ 33%] Building CXX object src/CMakeFiles/scatter_aicpu_kernel.dir/ops/op_common/executor/registry/coll_alg_v2_exec_registry.cc.o
[ 22%] Built target hccl_aiv_reduce_op_910_95
[ 34%] Building CXX object src/CMakeFiles/scatter_aicpu_kernel.dir/ops/op_common/executor/executor_base.cc.o
[ 22%] Built target es_hccl_obj
[ 34%] Building CXX object src/CMakeFiles/scatter_aicpu_kernel.dir/ops/op_common/executor/executor_v2_base.cc.o
[ 35%] Building CXX object src/CMakeFiles/scatter_aicpu_kernel.dir/ops/op_common/template/alg_template_base.cc.o
[ 35%] Building CXX object src/CMakeFiles/scatter_aicpu_kernel.dir/ops/op_common/template/alg_v2_template_base.cc.o
[ 36%] Building CXX object src/CMakeFiles/scatter_aicpu_kernel.dir/ops/op_common/template/template_utils.cc.o
[ 36%] Building CXX object src/CMakeFiles/scatter_aicpu_kernel.dir/ops/op_common/template/aicpu/kernel_launch.cc.o
[ 22%] Linking CXX shared library libes_hccl.so
[ 22%] Built target es_hccl_so
[ 22%] Linking CXX static library libes_hccl.a
[ 22%] Built target es_hccl_a
[ 23%] Installing ES package 'es_hccl' to /home/xuan/WorkSpace/hccl/build/es_output
Installing ES package: es_hccl
-- Copied header: es_HcomAllGather.h
-- Copied header: es_HcomAllGatherV.h
-- Copied header: es_HcomAllGatherV_c.h
-- Copied header: es_HcomAllGather_c.h
-- Copied header: es_HcomAllReduce.h
-- Copied header: es_HcomAllReduce_c.h
-- Copied header: es_HcomAllToAll.h
-- Copied header: es_HcomAllToAllV.h
-- Copied header: es_HcomAllToAllVC.h
-- Copied header: es_HcomAllToAllVC_c.h
-- Copied header: es_HcomAllToAllV_c.h
-- Copied header: es_HcomAllToAll_c.h
-- Copied header: es_HcomBroadcast.h
-- Copied header: es_HcomBroadcast_c.h
-- Copied header: es_HcomReceive.h
-- Copied header: es_HcomReceive_c.h
-- Copied header: es_HcomReduce.h
-- Copied header: es_HcomReduceScatter.h
-- Copied header: es_HcomReduceScatterV.h
-- Copied header: es_HcomReduceScatterV_c.h
-- Copied header: es_HcomReduceScatter_c.h
-- Copied header: es_HcomReduce_c.h
-- Copied header: es_HcomSend.h
-- Copied header: es_HcomSend_c.h
-- Copied header: es_hccl_ops.h
-- Copied header: es_hccl_ops_c.h
-- Copied header: es_log.h
-- Copied wheel: es_hccl-1.0.0-py3-none-any.whl
[ 23%] Built target install_es_hccl
[ 23%] ES package 'es_hccl' build completed (single-file mode)
[ 23%] Built target build_es_hccl
[ 37%] Building CXX object src/CMakeFiles/scatter_aicpu_kernel.dir/ops/op_common/template/aicpu/dfx/task_exception_fun.cc.o
[ 37%] Building CXX object src/CMakeFiles/scatter_aicpu_kernel.dir/ops/op_common/template/registry/alg_template_register.cc.o
[ 38%] Building CXX object src/CMakeFiles/scatter_aicpu_kernel.dir/ops/op_common/template/wrapper/alg_data_trans_wrapper.cc.o
[ 38%] Building CXX object src/CMakeFiles/scatter_aicpu_kernel.dir/ops/op_common/template/dpu/kernel_launch.cc.o
[ 39%] Building CXX object src/CMakeFiles/scatter_aicpu_kernel.dir/ops/op_common/template/omnipipe_template_utils.cc.o
[ 39%] Building CXX object src/CMakeFiles/scatter_aicpu_kernel.dir/ops/op_common/topo/topo.cc.o
[ 40%] Building CXX object src/CMakeFiles/scatter_aicpu_kernel.dir/ops/op_common/topo/topo_match_1d.cc.o
[ 40%] Building CXX object src/CMakeFiles/scatter_aicpu_kernel.dir/ops/op_common/topo/topo_match_base.cc.o
[ 40%] Building CXX object src/CMakeFiles/scatter_aicpu_kernel.dir/ops/scatter/algo/scatter_comm_executor.cc.o
[ 41%] Building CXX object src/CMakeFiles/scatter_aicpu_kernel.dir/ops/scatter/algo/scatter_executor_base.cc.o
[ 41%] Building CXX object src/CMakeFiles/scatter_aicpu_kernel.dir/ops/scatter/algo/scatter_mesh_executor.cc.o
[ 42%] Building CXX object src/CMakeFiles/scatter_aicpu_kernel.dir/ops/scatter/algo/scatter_ring_executor.cc.o
[ 23%] Building CXX object src/CMakeFiles/hccl.dir/common/adapter_acl.cc.o
[ 42%] Building CXX object src/CMakeFiles/scatter_aicpu_kernel.dir/ops/scatter/algo/scatter_single_executor.cc.o
[ 23%] Building CXX object src/CMakeFiles/hccl.dir/common/alg_env_config.cc.o
[ 43%] Building CXX object src/CMakeFiles/scatter_aicpu_kernel.dir/ops/scatter/algo/template/nhr_base.cc.o
[ 43%] Building CXX object src/CMakeFiles/scatter_aicpu_kernel.dir/ops/scatter/algo/template/scatter_mesh.cc.o
[ 44%] Building CXX object src/CMakeFiles/scatter_aicpu_kernel.dir/ops/scatter/algo/template/scatter_nb.cc.o
[ 44%] Building CXX object src/CMakeFiles/scatter_aicpu_kernel.dir/ops/scatter/algo/template/scatter_nhr.cc.o
[ 23%] Building CXX object src/CMakeFiles/hccl.dir/common/param_check.cc.o
[ 24%] Building CXX object src/CMakeFiles/hccl.dir/common/inconsistent_check.cc.o
[ 24%] Building CXX object src/CMakeFiles/hccl.dir/common/utils.cc.o
[ 45%] Building CXX object src/CMakeFiles/scatter_aicpu_kernel.dir/ops/scatter/algo/template/scatter_ring_direct.cc.o
[ 24%] Building CXX object src/CMakeFiles/hccl.dir/common/alg_type.cc.o
[ 24%] Building CXX object src/CMakeFiles/hccl.dir/common/adapter_error_manager_pub.cc.o
[ 25%] Building CXX object src/CMakeFiles/hccl.dir/common/config_log.cc.o
[ 45%] Building CXX object src/CMakeFiles/scatter_aicpu_kernel.dir/ops/scatter/algo/template/scatter_ring.cc.o
[ 46%] Building CXX object src/CMakeFiles/scatter_aicpu_kernel.dir/ops/scatter/executor/ins_v2_scatter_sole_executor.cc.o
[ 25%] Building CXX object src/CMakeFiles/hccl.dir/common/log.cc.o
[ 25%] Building CXX object src/CMakeFiles/hccl.dir/common/sal.cc.o
[ 46%] Building CXX object src/CMakeFiles/scatter_aicpu_kernel.dir/ops/scatter/executor/ins_v2_scatter_parallel_executor.cc.o
[ 47%] Building CXX object src/CMakeFiles/scatter_aicpu_kernel.dir/ops/scatter/template/aicpu/ins_temp_scatter_mesh_1D.cc.o
[ 25%] Building CXX object src/CMakeFiles/hccl.dir/common/hccl_mc2.cc.o
[ 47%] Building CXX object src/CMakeFiles/scatter_aicpu_kernel.dir/ops/scatter/template/aicpu/ins_temp_scatter_nhr.cc.o
[ 26%] Building CXX object src/CMakeFiles/hccl.dir/common/compat.cc.o
[ 26%] Building CXX object src/CMakeFiles/hccl.dir/ops/scatter/algo/template/nhr_base.cc.o
[ 48%] Building CXX object src/CMakeFiles/scatter_aicpu_kernel.dir/ops/reduce_scatter/executor/ins_v2_reduce_scatter_sole_executor.cc.o
[ 48%] Building CXX object src/CMakeFiles/scatter_aicpu_kernel.dir/ops/reduce_scatter/executor/ins_reduce_scatter_parallel_executor.cc.o
[ 26%] Building CXX object src/CMakeFiles/hccl.dir/ops/scatter/algo/template/scatter_mesh.cc.o
[ 26%] Building CXX object src/CMakeFiles/hccl.dir/ops/scatter/algo/template/scatter_nb.cc.o
[ 27%] Building CXX object src/CMakeFiles/hccl.dir/ops/scatter/algo/template/scatter_nhr.cc.o
[ 27%] Building CXX object src/CMakeFiles/hccl.dir/ops/scatter/algo/template/scatter_ring_direct.cc.o
[ 27%] Building CXX object src/CMakeFiles/hccl.dir/ops/scatter/algo/template/scatter_ring.cc.o
[ 27%] Building CXX object src/CMakeFiles/hccl.dir/ops/scatter/algo/scatter_executor_base.cc.o
[ 49%] Building CXX object src/CMakeFiles/scatter_aicpu_kernel.dir/ops/reduce_scatter/executor/ins_v2_reduce_scatter_sequence_executor_aicpu.cc.o
[ 28%] Building CXX object src/CMakeFiles/hccl.dir/ops/scatter/algo/scatter_comm_executor.cc.o
[ 28%] Building CXX object src/CMakeFiles/hccl.dir/ops/scatter/algo/scatter_ring_executor.cc.o
[ 28%] Building CXX object src/CMakeFiles/hccl.dir/ops/scatter/algo/scatter_single_executor.cc.o
[ 28%] Building CXX object src/CMakeFiles/hccl.dir/ops/scatter/algo/scatter_mesh_executor.cc.o
[ 49%] Building CXX object src/CMakeFiles/scatter_aicpu_kernel.dir/ops/reduce_scatter/executor/ins_v2_reduce_scatter_order_preserved_executor.cc.o
[ 50%] Building CXX object src/CMakeFiles/scatter_aicpu_kernel.dir/ops/reduce_scatter/executor/ins_v2_reduce_scatter_sequence_executor_3level.cc.o
[ 29%] Building CXX object src/CMakeFiles/hccl.dir/ops/scatter/executor/ins_v2_scatter_sole_executor.cc.o
[ 29%] Building CXX object src/CMakeFiles/hccl.dir/ops/scatter/executor/ins_v2_scatter_parallel_executor.cc.o
[ 50%] Building CXX object src/CMakeFiles/scatter_aicpu_kernel.dir/ops/reduce_scatter/template/aicpu/ins_temp_reduce_scatter_mesh_1D.cc.o
[ 50%] Building CXX object src/CMakeFiles/scatter_aicpu_kernel.dir/ops/reduce_scatter/template/aicpu/ins_temp_reduce_scatter_nhr.cc.o
[ 29%] Building CXX object src/CMakeFiles/hccl.dir/ops/scatter/executor/ins_v2_scatter_sequence_executor.cc.o
[ 51%] Building CXX object src/CMakeFiles/scatter_aicpu_kernel.dir/ops/reduce_scatter/template/aicpu/ins_temp_reduce_scatter_mesh_1D_meshchunk.cc.o
[ 29%] Building CXX object src/CMakeFiles/hccl.dir/ops/scatter/executor/ins_v2_scatter_omnipipe_2d_executor.cc.o
[ 30%] Building CXX object src/CMakeFiles/hccl.dir/ops/scatter/selector/scatter_auto_selector.cc.o
[ 30%] Building CXX object src/CMakeFiles/hccl.dir/ops/scatter/template/aicpu/ins_temp_scatter_mesh_1D.cc.o
[ 51%] Building CXX object src/CMakeFiles/scatter_aicpu_kernel.dir/ops/reduce_scatter/template/aicpu/ins_temp_reduce_scatter_aicpu_reduce_nhr.cc.o
[ 30%] Building CXX object src/CMakeFiles/hccl.dir/ops/scatter/template/aicpu/ins_temp_scatter_nhr.cc.o
[ 30%] Building CXX object src/CMakeFiles/hccl.dir/ops/scatter/template/aicpu/ins_temp_scatter_nhr_dpu_inter_node.cc.o
[ 52%] Building CXX object src/CMakeFiles/scatter_aicpu_kernel.dir/ops/reduce_scatter/template/aicpu/ins_temp_reduce_scatter_mesh_1D_Z_axis_detour.cc.o
[ 31%] Building CXX object src/CMakeFiles/hccl.dir/ops/scatter/template/aiv/aiv_temp_scatter_mesh_1D.cc.o
[ 31%] Building CXX object src/CMakeFiles/hccl.dir/ops/scatter/template/ccu/kernel/ccu_kernel_scatter_mesh1d.cc.o
[ 52%] Building CXX object src/CMakeFiles/scatter_aicpu_kernel.dir/ops/reduce_scatter/template/aicpu/ins_temp_reduce_scatter_omnipipe_mesh_1d_dpu.cc.o
[ 31%] Building CXX object src/CMakeFiles/hccl.dir/ops/scatter/template/ccu/kernel/ccu_kernel_scatter_nhr1d_mem2mem.cc.o
[ 31%] Building CXX object src/CMakeFiles/hccl.dir/ops/scatter/template/ccu/kernel/ccu_kernel_scatter_omnipipe_mesh1d_mem2mem.cc.o
[ 32%] Building CXX object src/CMakeFiles/hccl.dir/ops/scatter/template/ccu/kernel/ccu_kernel_scatter_omnipipe_nhr1d_mem2mem.cc.o
[ 32%] Building CXX object src/CMakeFiles/hccl.dir/ops/scatter/template/ccu/ccu_temp_scatter_mesh1d.cc.o
[ 32%] Building CXX object src/CMakeFiles/hccl.dir/ops/scatter/template/ccu/ccu_temp_scatter_nhr1d_mem2mem.cc.o
[ 53%] Building CXX object src/CMakeFiles/scatter_aicpu_kernel.dir/ops/reduce_scatter/template/aicpu/ins_temp_reduce_scatter_omnipipe_mesh_1D.cc.o
[ 32%] Building CXX object src/CMakeFiles/hccl.dir/ops/scatter/template/ccu/ccu_temp_scatter_omnipipe_mesh1d_mem2mem.cc.o
[ 33%] Building CXX object src/CMakeFiles/hccl.dir/ops/scatter/template/ccu/ccu_temp_scatter_omnipipe_nhr1d_mem2mem.cc.o
[ 53%] Building CXX object src/CMakeFiles/scatter_aicpu_kernel.dir/ops/reduce_scatter/template/aicpu/ins_temp_reduce_scatter_omnipipe_nhr.cc.o
[ 54%] Building CXX object src/CMakeFiles/scatter_aicpu_kernel.dir/ops/reduce_scatter/template/aicpu/ins_temp_reduce_scatter_order_preserved_level1.cc.o
[ 33%] Building CXX object src/CMakeFiles/hccl.dir/ops/scatter/scatter_op.cc.o
[ 54%] Building CXX object src/CMakeFiles/scatter_aicpu_kernel.dir/ops/reduce_scatter/template/aicpu/ins_temp_reduce_scatter_order_preserved_group.cc.o
[ 55%] Building CXX object src/CMakeFiles/scatter_aicpu_kernel.dir/ops/broadcast/executor/ins_v2_broadcast_parallel_executor.cc.o
[ 33%] Building CXX object src/CMakeFiles/hccl.dir/ops/op_common/executor/channel/channel_request.cc.o
[ 33%] Building CXX object src/CMakeFiles/hccl.dir/ops/op_common/executor/channel/channel.cc.o
[ 55%] Building CXX object src/CMakeFiles/scatter_aicpu_kernel.dir/ops/broadcast/executor/ins_v2_broadcast_sole_executor.cc.o
[ 34%] Building CXX object src/CMakeFiles/hccl.dir/ops/op_common/executor/registry/coll_alg_exec_registry.cc.o
[ 56%] Building CXX object src/CMakeFiles/scatter_aicpu_kernel.dir/ops/broadcast/template/aicpu/ins_temp_broadcast_mesh_1D_two_shot.cc.o
[ 34%] Building CXX object src/CMakeFiles/hccl.dir/ops/op_common/executor/registry/coll_alg_v2_exec_registry.cc.o
[ 56%] Building CXX object src/CMakeFiles/scatter_aicpu_kernel.dir/ops/broadcast/template/aicpu/ins_temp_broadcast_nhr.cc.o
[ 34%] Building CXX object src/CMakeFiles/hccl.dir/ops/op_common/executor/executor_base.cc.o
[ 57%] Building CXX object src/CMakeFiles/scatter_aicpu_kernel.dir/ops/broadcast/template/aicpu/ins_temp_allgather_mesh_1D_intra.cc.o
[ 57%] Building CXX object src/CMakeFiles/scatter_aicpu_kernel.dir/ops/broadcast/template/aicpu/ins_temp_scatter_mesh_1D_intra.cc.o
[ 58%] Building CXX object src/CMakeFiles/scatter_aicpu_kernel.dir/ops/all_gather/executor/ins_v2_all_gather_sole_executor.cc.o
[ 34%] Building CXX object src/CMakeFiles/hccl.dir/ops/op_common/executor/executor_v2_base.cc.o
[ 58%] Building CXX object src/CMakeFiles/scatter_aicpu_kernel.dir/ops/all_gather/executor/ins_v2_all_gather_parallel_executor.cc.o
[ 59%] Building CXX object src/CMakeFiles/scatter_aicpu_kernel.dir/ops/all_gather/executor/ins_v2_all_gather_sequence_executor_aicpu.cc.o
[ 35%] Building CXX object src/CMakeFiles/hccl.dir/ops/op_common/selector/auto_selector_base.cc.o
[ 59%] Building CXX object src/CMakeFiles/scatter_aicpu_kernel.dir/ops/all_gather/executor/ins_v2_all_gather_sequence_executor_3level.cc.o
[ 35%] Building CXX object src/CMakeFiles/hccl.dir/ops/op_common/selector/selector_registry.cc.o
[ 35%] Building CXX object src/CMakeFiles/hccl.dir/ops/op_common/selector/execute_selector.cc.o
[ 60%] Building CXX object src/CMakeFiles/scatter_aicpu_kernel.dir/ops/all_gather/template/aicpu/ins_temp_all_gather_mesh_1D.cc.o
[ 60%] Building CXX object src/CMakeFiles/scatter_aicpu_kernel.dir/ops/all_gather/template/aicpu/ins_temp_all_gather_mesh_1D_Z_axis_detour.cc.o
[ 35%] Building CXX object src/CMakeFiles/hccl.dir/ops/op_common/template/aicpu/load_kernel.cc.o
[ 60%] Building CXX object src/CMakeFiles/scatter_aicpu_kernel.dir/ops/all_gather/template/aicpu/ins_temp_all_gather_nhr.cc.o
[ 36%] Building CXX object src/CMakeFiles/hccl.dir/ops/op_common/template/aiv/hccl_aiv_utils.cc.o
[ 61%] Building CXX object src/CMakeFiles/scatter_aicpu_kernel.dir/ops/all_gather/template/aicpu/ins_temp_all_gather_omnipipe_mesh_1D.cc.o
[ 61%] Building CXX object src/CMakeFiles/scatter_aicpu_kernel.dir/ops/all_gather/template/aicpu/ins_temp_all_gather_omnipipe_nhr_dpu.cc.o
[ 62%] Building CXX object src/CMakeFiles/scatter_aicpu_kernel.dir/ops/all_gather/template/aicpu/ins_temp_all_gather_omnipipe_nhr.cc.o
[ 62%] Building CXX object src/CMakeFiles/scatter_aicpu_kernel.dir/ops/barrier/template/aicpu/ins_temp_barrier_mesh_1D.cc.o
[ 36%] Building CXX object src/CMakeFiles/hccl.dir/ops/op_common/template/registry/alg_template_register.cc.o
[ 63%] Building CXX object src/CMakeFiles/scatter_aicpu_kernel.dir/ops/reduce/executor/reduce_sole_executor.cc.o
[ 63%] Building CXX object src/CMakeFiles/scatter_aicpu_kernel.dir/ops/reduce/executor/reduce_parallel_executor.cc.o
[ 64%] Building CXX object src/CMakeFiles/scatter_aicpu_kernel.dir/ops/reduce/template/aicpu/reduce_mesh_1D.cc.o
[ 36%] Building CXX object src/CMakeFiles/hccl.dir/ops/op_common/template/registry/alg_v2_template_register.cc.o
[ 36%] Building CXX object src/CMakeFiles/hccl.dir/ops/op_common/template/wrapper/alg_data_trans_wrapper.cc.o
[ 64%] Building CXX object src/CMakeFiles/scatter_aicpu_kernel.dir/ops/reduce/template/aicpu/reduce_mesh_1D_two_shot.cc.o
[ 37%] Building CXX object src/CMakeFiles/hccl.dir/ops/op_common/template/wrapper/dpu_alg_data_trans_wrapper.cc.o
[ 37%] Building CXX object src/CMakeFiles/hccl.dir/ops/op_common/template/wrapper/dpu_alg_nhr_opt_wrapper.cc.o
[ 65%] Building CXX object src/CMakeFiles/scatter_aicpu_kernel.dir/ops/reduce/template/aicpu/reduce_nhr.cc.o
[ 37%] Building CXX object src/CMakeFiles/hccl.dir/ops/op_common/template/dpu/kernel_launch.cc.o
[ 65%] Building CXX object src/CMakeFiles/scatter_aicpu_kernel.dir/ops/reduce/template/aicpu/reduce_aicpu_reduce_nhr.cc.o
[ 37%] Building CXX object src/CMakeFiles/hccl.dir/ops/op_common/template/ccu/ccu_kernel_utils.cc.o
[ 38%] Building CXX object src/CMakeFiles/hccl.dir/ops/op_common/template/ccu/ccu_kernel_alg_base.cc.o
[ 66%] Building CXX object src/CMakeFiles/scatter_aicpu_kernel.dir/ops/reduce/template/aicpu/ins_temp_gather_mesh_1D_intra.cc.o
[ 38%] Building CXX object src/CMakeFiles/hccl.dir/ops/op_common/template/alg_template_base.cc.o
[ 66%] Building CXX object src/CMakeFiles/scatter_aicpu_kernel.dir/ops/all_gather_v/executor/ins_v2_all_gather_v_sole_executor.cc.o
[ 38%] Building CXX object src/CMakeFiles/hccl.dir/ops/op_common/template/alg_v2_template_base.cc.o
[ 67%] Building CXX object src/CMakeFiles/scatter_aicpu_kernel.dir/ops/all_gather_v/template/aicpu/ins_temp_all_gather_v_mesh_1D.cc.o
[ 38%] Building CXX object src/CMakeFiles/hccl.dir/ops/op_common/template/aiv_alg_template_base.cc.o
[ 67%] Building CXX object src/CMakeFiles/scatter_aicpu_kernel.dir/ops/all_to_all_v/executor/ins_v2_all_to_all_v_sole_executor.cc.o
[ 68%] Building CXX object src/CMakeFiles/scatter_aicpu_kernel.dir/ops/all_to_all_v/template/aicpu/ins_temp_all_to_all_v_mesh_1D.cc.o
[ 39%] Building CXX object src/CMakeFiles/hccl.dir/ops/op_common/template/template_utils.cc.o
[ 68%] Building CXX object src/CMakeFiles/scatter_aicpu_kernel.dir/ops/all_to_all_v/template/aicpu/ins_temp_ubx_all_to_all_v_mesh_1D.cc.o
[ 39%] Building CXX object src/CMakeFiles/hccl.dir/ops/op_common/template/omnipipe_template_utils.cc.o
[ 69%] Building CXX object src/CMakeFiles/scatter_aicpu_kernel.dir/ops/all_reduce/executor/ins_v2_all_reduce_sole_executor.cc.o
[ 69%] Building CXX object src/CMakeFiles/scatter_aicpu_kernel.dir/ops/all_reduce/executor/ins_v2_all_reduce_parallel_executor.cc.o
[ 39%] Building CXX object src/CMakeFiles/hccl.dir/ops/op_common/template/ccu_alg_template_base.cc.o
[ 39%] Building CXX object src/CMakeFiles/hccl.dir/ops/op_common/topo/topo.cc.o
[ 40%] Building CXX object src/CMakeFiles/hccl.dir/ops/op_common/topo/topo_host.cc.o
[ 70%] Building CXX object src/CMakeFiles/scatter_aicpu_kernel.dir/ops/all_reduce/executor/ins_v2_all_reduce_sequence_executor_aicpu.cc.o
[ 40%] Building CXX object src/CMakeFiles/hccl.dir/ops/op_common/topo/topo_match_1d.cc.o
[ 40%] Building CXX object src/CMakeFiles/hccl.dir/ops/op_common/topo/topo_match_base.cc.o
[ 40%] Building CXX object src/CMakeFiles/hccl.dir/ops/op_common/topo/topo_match_multilevel.cc.o
[ 70%] Building CXX object src/CMakeFiles/scatter_aicpu_kernel.dir/ops/all_reduce/executor/ins_v2_all_reduce_two_shot_sole_executor.cc.o
[ 70%] Building CXX object src/CMakeFiles/scatter_aicpu_kernel.dir/ops/all_reduce/executor/ins_v2_all_reduce_order_preserved_executor.cc.o
[ 41%] Building CXX object src/CMakeFiles/hccl.dir/ops/op_common/topo/topo_match_ubx.cc.o
[ 41%] Building CXX object src/CMakeFiles/hccl.dir/ops/op_common/topo/topo_match_ubx_1d.cc.o
[ 41%] Building CXX object src/CMakeFiles/hccl.dir/ops/op_common/topo/topo_match_pcie_mix.cc.o
[ 71%] Building CXX object src/CMakeFiles/scatter_aicpu_kernel.dir/ops/all_reduce/executor/ins_v2_all_reduce_sequence_executor_aicpu_3level.cc.o
[ 71%] Building CXX object src/CMakeFiles/scatter_aicpu_kernel.dir/ops/all_reduce/template/aicpu/ins_temp_all_reduce_mesh_1D_one_shot.cc.o
[ 41%] Building CXX object src/CMakeFiles/hccl.dir/ops/op_common/topo/topo_match_3_level.cc.o
[ 42%] Building CXX object src/CMakeFiles/hccl.dir/ops/op_common/topo/topo_match_squeeze_2d.cc.o
[ 72%] Building CXX object src/CMakeFiles/scatter_aicpu_kernel.dir/ops/all_reduce/template/aicpu/ins_temp_all_reduce_mesh_1D_two_shot.cc.o
[ 42%] Building CXX object src/CMakeFiles/hccl.dir/ops/op_common/op_common.cc.o
[ 42%] Building CXX object src/CMakeFiles/hccl.dir/ops/op_common/dlhcomm_function.cc.o
[ 42%] Building CXX object src/CMakeFiles/hccl.dir/ops/op_common/exec_timeout_manager.cc.o
[ 43%] Building CXX object src/CMakeFiles/hccl.dir/ops/op_common/ccu_log.cc.o
[ 43%] Building CXX object src/CMakeFiles/hccl.dir/ops/op_common/omnipipe_data_slice_calc.cc.o
[ 72%] Building CXX object src/CMakeFiles/scatter_aicpu_kernel.dir/ops/all_reduce/template/aicpu/ins_temp_all_reduce_nhr.cc.o
[ 73%] Building CXX object src/CMakeFiles/scatter_aicpu_kernel.dir/ops/all_reduce/template/aicpu/ins_temp_all_reduce_aicpu_reduce_nhr.cc.o
[ 73%] Building CXX object src/CMakeFiles/scatter_aicpu_kernel.dir/ops/all_reduce/template/aicpu/ins_temp_all_reduce_mesh_1D_two_shot_mesh_chunk.cc.o
[ 74%] Building CXX object src/CMakeFiles/scatter_aicpu_kernel.dir/ops/all_reduce/template/aicpu/ins_temp_reduce_scatter_mesh_1D_intra.cc.o
[ 43%] Building CXX object src/CMakeFiles/hccl.dir/ops/op_common/omnipipe_scatter_data_slice_calc.cc.o
[ 74%] Building CXX object src/CMakeFiles/scatter_aicpu_kernel.dir/ops/all_reduce/template/aicpu/ins_temp_all_gather_mesh_1D_intra.cc.o
[ 75%] Building CXX object src/CMakeFiles/scatter_aicpu_kernel.dir/ops/send/executor/ins_send_executor.cc.o
[ 43%] Building CXX object src/CMakeFiles/hccl.dir/ops/reduce_scatter/executor/ins_v2_reduce_scatter_sole_executor.cc.o
[ 75%] Building CXX object src/CMakeFiles/scatter_aicpu_kernel.dir/ops/recv/executor/ins_recv_executor.cc.o
[ 44%] Building CXX object src/CMakeFiles/hccl.dir/ops/reduce_scatter/executor/ins_reduce_scatter_parallel_executor.cc.o
[ 44%] Building CXX object src/CMakeFiles/hccl.dir/ops/reduce_scatter/executor/ins_v2_reduce_scatter_sequence_executor_aicpu.cc.o
[ 76%] Building CXX object src/CMakeFiles/scatter_aicpu_kernel.dir/ops/reduce_scatter_v/executor/ins_v2_reduce_scatter_v_sole_executor.cc.o
[ 44%] Building CXX object src/CMakeFiles/hccl.dir/ops/reduce_scatter/executor/ins_v2_reduce_scatter_order_preserved_executor.cc.o
[ 44%] Building CXX object src/CMakeFiles/hccl.dir/ops/reduce_scatter/executor/ins_v2_reduce_scatter_sequence_executor_3level.cc.o
[ 76%] Building CXX object src/CMakeFiles/scatter_aicpu_kernel.dir/ops/reduce_scatter_v/template/aicpu/ins_temp_reduce_scatter_v_mesh_1D.cc.o
[ 45%] Building CXX object src/CMakeFiles/hccl.dir/ops/reduce_scatter/executor/ins_v2_reduce_scatter_sequence_executor.cc.o
[ 77%] Building CXX object src/CMakeFiles/scatter_aicpu_kernel.dir/ops/op_common/template/registry/alg_v2_template_register.cc.o
[ 77%] Building CXX object src/CMakeFiles/scatter_aicpu_kernel.dir/ops/batch_send_recv/executor/ins_v2_batch_send_recv_executor.cc.o
[ 78%] Building CXX object src/CMakeFiles/scatter_aicpu_kernel.dir/ops/recv/executor/ins_v2_recv_sole_executor.cc.o
[ 78%] Building CXX object src/CMakeFiles/scatter_aicpu_kernel.dir/ops/send/executor/ins_v2_send_sole_executor.cc.o
[ 45%] Building CXX object src/CMakeFiles/hccl.dir/ops/reduce_scatter/executor/ins_reduce_scatter_concurrent_executor.cc.o
[ 79%] Building CXX object src/CMakeFiles/scatter_aicpu_kernel.dir/ops/send/executor/ins_send_dpu_executor.cc.o
[ 79%] Building CXX object src/CMakeFiles/scatter_aicpu_kernel.dir/ops/recv/executor/ins_recv_dpu_executor.cc.o
[ 80%] Building CXX object src/CMakeFiles/scatter_aicpu_kernel.dir/ops/send/template/host_nic/ins_temp_send_host_nic_dpu.cc.o
[ 45%] Building CXX object src/CMakeFiles/hccl.dir/ops/reduce_scatter/executor/ins_v2_reduce_scatter_omnipipe_executor.cc.o
[ 80%] Building CXX object src/CMakeFiles/scatter_aicpu_kernel.dir/ops/recv/template/host_nic/ins_temp_recv_host_nic_dpu.cc.o
[ 46%] Building CXX object src/CMakeFiles/hccl.dir/ops/reduce_scatter/executor/ins_v2_reduce_scatter_omnipipe_2d_executor.cc.o
[ 80%] Building CXX object src/CMakeFiles/scatter_aicpu_kernel.dir/ops/op_common/template/wrapper/dpu_alg_data_trans_wrapper.cc.o
[ 81%] Building CXX object src/CMakeFiles/scatter_aicpu_kernel.dir/ops/op_common/topo/topo_match_multilevel.cc.o
[ 46%] Building CXX object src/CMakeFiles/hccl.dir/ops/reduce_scatter/selector/reduce_scatter_auto_selector.cc.o
[ 46%] Building CXX object src/CMakeFiles/hccl.dir/ops/reduce_scatter/template/aicpu/ins_temp_reduce_scatter_mesh_1D.cc.o
[ 81%] Building CXX object src/CMakeFiles/scatter_aicpu_kernel.dir/ops/op_common/topo/topo_match_ubx.cc.o
[ 46%] Building CXX object src/CMakeFiles/hccl.dir/ops/reduce_scatter/template/aicpu/ins_temp_reduce_scatter_nhr.cc.o
[ 47%] Building CXX object src/CMakeFiles/hccl.dir/ops/reduce_scatter/template/aicpu/ins_temp_reduce_scatter_mesh_1D_meshchunk.cc.o
[ 82%] Building CXX object src/CMakeFiles/scatter_aicpu_kernel.dir/ops/op_common/topo/topo_match_ubx_1d.cc.o
[ 47%] Building CXX object src/CMakeFiles/hccl.dir/ops/reduce_scatter/template/aicpu/ins_temp_reduce_scatter_aicpu_reduce_nhr.cc.o
[ 82%] Building CXX object src/CMakeFiles/scatter_aicpu_kernel.dir/ops/op_common/topo/topo_match_pcie_mix.cc.o
[ 47%] Building CXX object src/CMakeFiles/hccl.dir/ops/reduce_scatter/template/aicpu/ins_temp_reduce_scatter_mesh_1D_Z_axis_detour.cc.o
[ 83%] Building CXX object src/CMakeFiles/scatter_aicpu_kernel.dir/ops/op_common/topo/topo_match_3_level.cc.o
[ 47%] Building CXX object src/CMakeFiles/hccl.dir/ops/reduce_scatter/template/aicpu/ins_temp_reduce_scatter_mesh_1d_dpu.cc.o
[ 83%] Building CXX object src/CMakeFiles/scatter_aicpu_kernel.dir/ops/op_common/topo/topo_match_squeeze_2d.cc.o
[ 48%] Building CXX object src/CMakeFiles/hccl.dir/ops/reduce_scatter/template/aicpu/ins_temp_reduce_scatter_omnipipe_nhr.cc.o
[ 84%] Building CXX object src/CMakeFiles/scatter_aicpu_kernel.dir/ops/reduce_scatter/executor/ins_reduce_scatter_concurrent_executor.cc.o
[ 84%] Building CXX object src/CMakeFiles/scatter_aicpu_kernel.dir/ops/all_gather/executor/ins_v2_all_gather_concurrent_executor.cc.o
[ 48%] Building CXX object src/CMakeFiles/hccl.dir/ops/reduce_scatter/template/aicpu/ins_temp_reduce_scatter_omnipipe_mesh_1D.cc.o
[ 48%] Building CXX object src/CMakeFiles/hccl.dir/ops/reduce_scatter/template/aicpu/ins_temp_reduce_scatter_omnipipe_mesh_1d_dpu.cc.o
[ 85%] Building CXX object src/CMakeFiles/scatter_aicpu_kernel.dir/ops/all_to_all_v/executor/ins_v2_all_to_all_concurrent_executor.cc.o
[ 48%] Building CXX object src/CMakeFiles/hccl.dir/ops/reduce_scatter/template/aicpu/ins_temp_reduce_scatter_order_preserved_level1.cc.o
[ 85%] Building CXX object src/CMakeFiles/scatter_aicpu_kernel.dir/ops/all_reduce/executor/ins_v2_all_reduce_concurrent_executor.cc.o
[ 49%] Building CXX object src/CMakeFiles/hccl.dir/ops/reduce_scatter/template/aicpu/ins_temp_reduce_scatter_order_preserved_group.cc.o
[ 49%] Building CXX object src/CMakeFiles/hccl.dir/ops/reduce_scatter/template/aiv/aiv_temp_reduce_scatter_mesh_1D.cc.o
[ 86%] Building CXX object src/CMakeFiles/scatter_aicpu_kernel.dir/ops/reduce_scatter/executor/ins_v2_reduce_scatter_omnipipe_executor.cc.o
[ 49%] Building CXX object src/CMakeFiles/hccl.dir/ops/reduce_scatter/template/ccu/kernel/ccu_kernel_reduce_scatter_mesh1d_mem2mem.cc.o
[ 86%] Building CXX object src/CMakeFiles/scatter_aicpu_kernel.dir/ops/all_gather/executor/ins_v2_all_gather_omnipipe_executor.cc.o
[ 49%] Building CXX object src/CMakeFiles/hccl.dir/ops/reduce_scatter/template/ccu/kernel/ccu_kernel_reduce_scatter_mesh1d.cc.o
[ 50%] Building CXX object src/CMakeFiles/hccl.dir/ops/reduce_scatter/template/ccu/kernel/ccu_kernel_reduce_scatter_nhr1d_mem2mem.cc.o
[ 50%] Building CXX object src/CMakeFiles/hccl.dir/ops/reduce_scatter/template/ccu/kernel/ccu_kernel_reduce_scatter_mesh1d_2die_mem2mem.cc.o
[ 50%] Building CXX object src/CMakeFiles/hccl.dir/ops/reduce_scatter/template/ccu/kernel/ccu_kernel_reduce_scatter_nhr1d_multi_jetty_mem2mem.cc.o
[ 87%] Building CXX object src/CMakeFiles/scatter_aicpu_kernel.dir/ops/all_reduce/executor/ins_v2_all_reduce_omnipipe_executor.cc.o
[ 50%] Building CXX object src/CMakeFiles/hccl.dir/ops/reduce_scatter/template/ccu/kernel/ccu_kernel_reduce_scatter_mesh2die.cc.o
[ 87%] Building CXX object src/CMakeFiles/scatter_aicpu_kernel.dir/ops/reduce_scatter/executor/ins_v2_reduce_scatter_sequence_executor.cc.o
[ 88%] Building CXX object src/CMakeFiles/scatter_aicpu_kernel.dir/ops/reduce_scatter/template/aicpu/ins_temp_reduce_scatter_mesh_1d_dpu.cc.o
[ 51%] Building CXX object src/CMakeFiles/hccl.dir/ops/reduce_scatter/template/ccu/kernel/ccu_kernel_reduce_scatter_omnipipe_mesh1d_mem2mem.cc.o
[ 88%] Building CXX object src/CMakeFiles/scatter_aicpu_kernel.dir/ops/broadcast/executor/ins_v2_broadcast_sequence_executor.cc.o
[ 89%] Building CXX object src/CMakeFiles/scatter_aicpu_kernel.dir/ops/broadcast/template/aicpu/ins_temp_allgather_nhr_dpu_inter.cc.o
[ 51%] Building CXX object src/CMakeFiles/hccl.dir/ops/reduce_scatter/template/ccu/kernel/ccu_kernel_reduce_scatter_omnipipe_mesh1d.cc.o
[ 89%] Building CXX object src/CMakeFiles/scatter_aicpu_kernel.dir/ops/broadcast/template/aicpu/ins_temp_scatter_nhr_dpu_inter.cc.o
[ 51%] Building CXX object src/CMakeFiles/hccl.dir/ops/reduce_scatter/template/ccu/kernel/ccu_kernel_reduce_scatter_omnipipe_nhr1d_mem2mem.cc.o
[ 51%] Building CXX object src/CMakeFiles/hccl.dir/ops/reduce_scatter/template/ccu/ccu_temp_reduce_scatter_mesh_1D_mem2mem.cc.o
[ 90%] Building CXX object src/CMakeFiles/scatter_aicpu_kernel.dir/ops/all_gather/executor/ins_v2_all_gather_sequence_executor.cc.o
[ 90%] Building CXX object src/CMakeFiles/scatter_aicpu_kernel.dir/ops/all_gather/template/aicpu/ins_temp_all_gather_nhr_dpu.cc.o
[ 52%] Building CXX object src/CMakeFiles/hccl.dir/ops/reduce_scatter/template/ccu/ccu_temp_reduce_scatter_mesh_1D.cc.o
[ 52%] Building CXX object src/CMakeFiles/hccl.dir/ops/reduce_scatter/template/ccu/ccu_temp_reduce_scatter_nhr_1D_mem2mem.cc.o
[ 90%] Building CXX object src/CMakeFiles/scatter_aicpu_kernel.dir/ops/barrier/executor/ins_v2_barrier_sequence_executor.cc.o
[ 52%] Building CXX object src/CMakeFiles/hccl.dir/ops/reduce_scatter/template/ccu/ccu_temp_reduce_scatter_mesh_1D_2die_mem2mem.cc.o
[ 91%] Building CXX object src/CMakeFiles/scatter_aicpu_kernel.dir/ops/barrier/executor/ins_v2_barrier_sole_executor.cc.o
[ 52%] Building CXX object src/CMakeFiles/hccl.dir/ops/reduce_scatter/template/ccu/ccu_temp_reduce_scatter_nhr_1D_multi_jetty_mem2mem.cc.o
[ 91%] Building CXX object src/CMakeFiles/scatter_aicpu_kernel.dir/ops/barrier/template/aicpu/ins_temp_barrier_nhr_dpu.cc.o
[ 53%] Building CXX object src/CMakeFiles/hccl.dir/ops/reduce_scatter/template/ccu/ccu_temp_reduce_scatter_mesh2die.cc.o
[ 92%] Building CXX object src/CMakeFiles/scatter_aicpu_kernel.dir/ops/barrier/template/aicpu/ins_temp_barrier_nhr_aicpu.cc.o
[ 53%] Building CXX object src/CMakeFiles/hccl.dir/ops/reduce_scatter/template/ccu/ccu_temp_reduce_scatter_omnipipe_mesh1d_mem2mem.cc.o
[ 92%] Building CXX object src/CMakeFiles/scatter_aicpu_kernel.dir/ops/reduce/executor/ins_v2_reduce_sequence_executor.cc.o
[ 93%] Building CXX object src/CMakeFiles/scatter_aicpu_kernel.dir/ops/reduce/template/aicpu/ins_temp_gather_dpu_inter.cc.o
[ 53%] Building CXX object src/CMakeFiles/hccl.dir/ops/reduce_scatter/template/ccu/ccu_temp_reduce_scatter_omnipipe_mesh1d.cc.o
[ 53%] Building CXX object src/CMakeFiles/hccl.dir/ops/reduce_scatter/template/ccu/ccu_temp_reduce_scatter_omnipipe_nhr1d_mem2mem.cc.o
[ 93%] Building CXX object src/CMakeFiles/scatter_aicpu_kernel.dir/ops/all_to_all_v/template/aicpu/ins_temp_dpu_alltoall_mesh.cc.o
[ 54%] Building CXX object src/CMakeFiles/hccl.dir/ops/reduce_scatter/reduce_scatter_op.cc.o
[ 94%] Building CXX object src/CMakeFiles/scatter_aicpu_kernel.dir/ops/all_reduce/executor/ins_v2_all_reduce_sequence_executor.cc.o
[ 54%] Building CXX object src/CMakeFiles/hccl.dir/ops/all_gather/executor/ins_v2_all_gather_sole_executor.cc.o
[ 94%] Building CXX object src/CMakeFiles/scatter_aicpu_kernel.dir/ops/all_reduce/template/aicpu/ins_temp_reduce_scatter_mesh_1D_dpu_inter.cc.o
[ 54%] Building CXX object src/CMakeFiles/hccl.dir/ops/all_gather/executor/ins_v2_all_gather_parallel_executor.cc.o
[ 95%] Building CXX object src/CMakeFiles/scatter_aicpu_kernel.dir/ops/all_reduce/template/aicpu/ins_temp_all_gather_nhr_dpu_inter.cc.o
[ 95%] Building CXX object src/CMakeFiles/scatter_aicpu_kernel.dir/ops/send/template/ins_temp_send_dpu.cc.o
[ 96%] Building CXX object src/CMakeFiles/scatter_aicpu_kernel.dir/ops/recv/template/ins_temp_recv_dpu.cc.o
[ 54%] Building CXX object src/CMakeFiles/hccl.dir/ops/all_gather/executor/ins_v2_all_gather_sequence_executor_aicpu.cc.o
[ 55%] Building CXX object src/CMakeFiles/hccl.dir/ops/all_gather/executor/ins_v2_all_gather_sequence_executor_3level.cc.o
[ 96%] Building CXX object src/CMakeFiles/scatter_aicpu_kernel.dir/ops/batch_send_recv/template/ins_temp_batch_send_recv_dpu.cc.o
[ 55%] Building CXX object src/CMakeFiles/hccl.dir/ops/all_gather/executor/ins_v2_all_gather_sequence_executor.cc.o
[ 55%] Building CXX object src/CMakeFiles/hccl.dir/ops/all_gather/executor/ins_v2_all_gather_concurrent_executor.cc.o
[ 55%] Building CXX object src/CMakeFiles/hccl.dir/ops/all_gather/executor/ins_v2_all_gather_omnipipe_executor.cc.o
[ 97%] Building CXX object src/CMakeFiles/scatter_aicpu_kernel.dir/ops/batch_send_recv/executor/ins_v2_batch_send_recv_sole_executor.cc.o
[ 97%] Building CXX object src/CMakeFiles/scatter_aicpu_kernel.dir/ops/scatter/executor/ins_v2_scatter_sequence_executor.cc.o
[ 56%] Building CXX object src/CMakeFiles/hccl.dir/ops/all_gather/executor/ins_v2_all_gather_omnipipe_2d_executor.cc.o
[ 98%] Building CXX object src/CMakeFiles/scatter_aicpu_kernel.dir/ops/scatter/template/aicpu/ins_temp_scatter_nhr_dpu_inter_node.cc.o
[ 56%] Building CXX object src/CMakeFiles/hccl.dir/ops/all_gather/selector/all_gather_auto_selector.cc.o
[ 56%] Building CXX object src/CMakeFiles/hccl.dir/ops/all_gather/template/aicpu/ins_temp_all_gather_mesh_1D.cc.o
[ 98%] Linking CXX shared library libscatter_aicpu_kernel.so
[ 56%] Building CXX object src/CMakeFiles/hccl.dir/ops/all_gather/template/aicpu/ins_temp_all_gather_mesh_1D_Z_axis_detour.cc.o
[ 98%] Built target scatter_aicpu_kernel
[ 98%] Generating _pack_aicpu_hccl_stage/aicpu_kernels_device
[ 98%] Packing with /home/xuan/WorkSpace/hccl/build/device_build/aicpu_hccl.tar.gz
-- libscatter_aicpu_kernel.so -> d9de4f6826e4fe70ee1e0df30fe461328ab1dfd1d6900d5d3e6fc75b89bda1af
-- libhccl_kernel_compat.so -> c85d1bfbfd0ff64e9de47e0622ccf1643fb8613e8622b2bb8dc6159cb8e6bc6c
-- Manifest: /home/xuan/WorkSpace/hccl/build/device_build/_pack_aicpu_hccl_stage/aicpu_kernels_device/bin_hash.cfg
[ 98%] Built target generate_device_aicpu_package
[ 99%] Signing: /home/xuan/WorkSpace/hccl/build/device_build/aicpu_hccl.tar.gz -> /home/xuan/WorkSpace/hccl/build/device_build/signatures/aicpu_hccl.tar.gz
[100%] Built target sign_aicpu_hccl
[ 56%] Performing install step for 'hccl_device'
CPack: Create package using TGZ
CPack: Install projects
CPack: - Run preinstall target for: hccl_device
[ 57%] Building CXX object src/CMakeFiles/hccl.dir/ops/all_gather/template/aicpu/ins_temp_all_gather_nhr.cc.o
CPack: - Install project: hccl_device []
CPack: -   Install component: hccl
CPack: Create package
CPack: - package: /home/xuan/WorkSpace/hccl/build/device_build/device-hccl.tar.gz generated.
[ 57%] Completed 'hccl_device'
[ 57%] Built target hccl_device
[ 57%] Building CXX object src/CMakeFiles/hccl.dir/ops/all_gather/template/aicpu/ins_temp_all_gather_nhr_dpu.cc.o
[ 57%] Building CXX object src/CMakeFiles/hccl.dir/ops/all_gather/template/aicpu/ins_temp_all_gather_omnipipe_mesh_1D.cc.o
[ 57%] Building CXX object src/CMakeFiles/hccl.dir/ops/all_gather/template/aicpu/ins_temp_all_gather_omnipipe_nhr.cc.o
[ 58%] Building CXX object src/CMakeFiles/hccl.dir/ops/all_gather/template/aicpu/ins_temp_all_gather_omnipipe_nhr_dpu.cc.o
[ 58%] Building CXX object src/CMakeFiles/hccl.dir/ops/all_gather/template/aiv/aiv_temp_all_gather_mesh_1D.cc.o
[ 58%] Building CXX object src/CMakeFiles/hccl.dir/ops/all_gather/template/ccu/kernel/ccu_kernel_all_gather_mesh1d_mem2mem.cc.o
[ 58%] Building CXX object src/CMakeFiles/hccl.dir/ops/all_gather/template/ccu/kernel/ccu_kernel_all_gather_mesh1d.cc.o
[ 59%] Building CXX object src/CMakeFiles/hccl.dir/ops/all_gather/template/ccu/kernel/ccu_kernel_all_gather_nhr1d_mem2mem.cc.o
[ 59%] Building CXX object src/CMakeFiles/hccl.dir/ops/all_gather/template/ccu/kernel/ccu_kernel_all_gather_2dies_mesh1d_mem2mem.cc.o
[ 59%] Building CXX object src/CMakeFiles/hccl.dir/ops/all_gather/template/ccu/kernel/ccu_kernel_all_gather_nhr1d_multi_jetty_mem2mem.cc.o
[ 59%] Building CXX object src/CMakeFiles/hccl.dir/ops/all_gather/template/ccu/kernel/ccu_kernel_all_gather_2dies_mesh_1D.cc.o
[ 60%] Building CXX object src/CMakeFiles/hccl.dir/ops/all_gather/template/ccu/kernel/ccu_kernel_all_gather_omnipipe_mesh1d_mem2mem.cc.o
[ 60%] Building CXX object src/CMakeFiles/hccl.dir/ops/all_gather/template/ccu/kernel/ccu_kernel_all_gather_omnipipe_nhr1d_mem2mem.cc.o
[ 60%] Building CXX object src/CMakeFiles/hccl.dir/ops/all_gather/template/ccu/ccu_temp_all_gather_mesh_1D_mem2mem.cc.o
[ 60%] Building CXX object src/CMakeFiles/hccl.dir/ops/all_gather/template/ccu/ccu_temp_all_gather_mesh_1D.cc.o
[ 61%] Building CXX object src/CMakeFiles/hccl.dir/ops/all_gather/template/ccu/ccu_temp_all_gather_nhr_1D_mem2mem.cc.o
[ 61%] Building CXX object src/CMakeFiles/hccl.dir/ops/all_gather/template/ccu/ccu_temp_all_gather_2dies_mesh_1d_mem2mem.cc.o
[ 61%] Building CXX object src/CMakeFiles/hccl.dir/ops/all_gather/template/ccu/ccu_temp_all_gather_2dies_mesh_1D.cc.o
[ 61%] Building CXX object src/CMakeFiles/hccl.dir/ops/all_gather/template/ccu/ccu_temp_all_gather_nhr_1D_multi_jetty_mem2mem.cc.o
[ 62%] Building CXX object src/CMakeFiles/hccl.dir/ops/all_gather/template/ccu/ccu_temp_all_gather_omnipipe_mesh1d_mem2mem.cc.o
[ 62%] Building CXX object src/CMakeFiles/hccl.dir/ops/all_gather/template/ccu/ccu_temp_all_gather_omnipipe_nhr1d_mem2mem.cc.o
[ 62%] Building CXX object src/CMakeFiles/hccl.dir/ops/all_gather/all_gather_op.cc.o
[ 62%] Building CXX object src/CMakeFiles/hccl.dir/ops/all_to_all_v/executor/ins_v2_all_to_all_v_sole_executor.cc.o
[ 63%] Building CXX object src/CMakeFiles/hccl.dir/ops/all_to_all_v/executor/ins_all_to_all_v_sole_executor.cc.o
[ 63%] Building CXX object src/CMakeFiles/hccl.dir/ops/all_to_all_v/executor/ins_v2_aiv_all_to_all_v_sole_executor.cc.o
[ 63%] Building CXX object src/CMakeFiles/hccl.dir/ops/all_to_all_v/executor/ins_v2_all_to_all_v_concurrent_executor.cc.o
[ 63%] Building CXX object src/CMakeFiles/hccl.dir/ops/all_to_all_v/executor/ins_v2_all_to_all_concurrent_executor.cc.o
[ 64%] Building CXX object src/CMakeFiles/hccl.dir/ops/all_to_all_v/selector/alltoall_auto_selector.cc.o
[ 64%] Building CXX object src/CMakeFiles/hccl.dir/ops/all_to_all_v/selector/alltoallv_auto_selector.cc.o
[ 64%] Building CXX object src/CMakeFiles/hccl.dir/ops/all_to_all_v/selector/alltoallvc_auto_selector.cc.o
[ 64%] Building CXX object src/CMakeFiles/hccl.dir/ops/all_to_all_v/template/aicpu/ins_temp_all_to_all_v_mesh_1D.cc.o
[ 65%] Building CXX object src/CMakeFiles/hccl.dir/ops/all_to_all_v/template/aicpu/ins_temp_ubx_all_to_all_v_mesh_1D.cc.o
[ 65%] Building CXX object src/CMakeFiles/hccl.dir/ops/all_to_all_v/template/aicpu/ins_temp_dpu_alltoall_mesh.cc.o
[ 65%] Building CXX object src/CMakeFiles/hccl.dir/ops/all_to_all_v/template/aiv/aiv_temp_all_to_all_mesh_1D.cc.o
[ 65%] Building CXX object src/CMakeFiles/hccl.dir/ops/all_to_all_v/template/aiv/aiv_temp_all_to_all_v_mesh_1D.cc.o
[ 66%] Building CXX object src/CMakeFiles/hccl.dir/ops/all_to_all_v/template/ccu/ccu_temp_all_to_all_mesh_1D.cc.o
[ 66%] Building CXX object src/CMakeFiles/hccl.dir/ops/all_to_all_v/template/ccu/kernel/ccu_kernel_all_to_all_mesh1d.cc.o
[ 66%] Building CXX object src/CMakeFiles/hccl.dir/ops/all_to_all_v/template/ccu/ccu_temp_all_to_all_v_mesh_1D.cc.o
[ 66%] Building CXX object src/CMakeFiles/hccl.dir/ops/all_to_all_v/template/ccu/kernel/ccu_kernel_all_to_all_v_mesh1d.cc.o
[ 67%] Building CXX object src/CMakeFiles/hccl.dir/ops/all_to_all_v/template/ccu/ccu_temp_all_to_all_v_mesh2die.cc.o
[ 67%] Building CXX object src/CMakeFiles/hccl.dir/ops/all_to_all_v/template/ccu/kernel/ccu_kernel_all_to_all_v_mesh2die.cc.o
[ 67%] Building CXX object src/CMakeFiles/hccl.dir/ops/all_to_all_v/template/ccu/ccu_temp_all_to_all_v_mesh_1D_multi_jetty.cc.o
[ 67%] Building CXX object src/CMakeFiles/hccl.dir/ops/all_to_all_v/template/ccu/kernel/ccu_kernel_all_to_all_v_mesh1d_multi_jetty.cc.o
[ 68%] Building CXX object src/CMakeFiles/hccl.dir/ops/all_to_all_v/template/ccu/ccu_temp_all_to_all_mesh2die.cc.o
[ 68%] Building CXX object src/CMakeFiles/hccl.dir/ops/all_to_all_v/template/ccu/kernel/ccu_kernel_all_to_all_mesh2die.cc.o
[ 68%] Building CXX object src/CMakeFiles/hccl.dir/ops/all_to_all_v/template/ccu/ccu_temp_all_to_all_mesh1d_multi_jetty.cc.o
[ 68%] Building CXX object src/CMakeFiles/hccl.dir/ops/all_to_all_v/template/ccu/kernel/ccu_kernel_all_to_all_mesh1d_multi_jetty.cc.o
[ 69%] Building CXX object src/CMakeFiles/hccl.dir/ops/all_to_all_v/template/ccu/ccu_temp_all_to_all_mesh1d_2Die.cc.o
[ 69%] Building CXX object src/CMakeFiles/hccl.dir/ops/all_to_all_v/template/ccu/ccu_temp_all_to_all_v_mesh1d_2Die.cc.o
[ 69%] Building CXX object src/CMakeFiles/hccl.dir/ops/all_to_all_v/template/ccu/kernel/ccu_kernel_all_to_all_v_mesh1d_2die.cc.o
[ 69%] Building CXX object src/CMakeFiles/hccl.dir/ops/all_to_all_v/all_to_all_v_op.cc.o
[ 70%] Building CXX object src/CMakeFiles/hccl.dir/ops/broadcast/executor/ins_v2_broadcast_sole_executor.cc.o
[ 70%] Building CXX object src/CMakeFiles/hccl.dir/ops/broadcast/executor/ins_v2_broadcast_parallel_executor.cc.o
[ 70%] Building CXX object src/CMakeFiles/hccl.dir/ops/broadcast/executor/ins_v2_broadcast_sequence_executor.cc.o
[ 71%] Building CXX object src/CMakeFiles/hccl.dir/ops/broadcast/executor/ins_v2_broadcast_omnipipe_2d_executor.cc.o
[ 71%] Building CXX object src/CMakeFiles/hccl.dir/ops/broadcast/selector/broadcast_auto_selector.cc.o
[ 71%] Building CXX object src/CMakeFiles/hccl.dir/ops/broadcast/template/aicpu/ins_temp_allgather_mesh_1D_intra.cc.o
[ 71%] Building CXX object src/CMakeFiles/hccl.dir/ops/broadcast/template/aicpu/ins_temp_scatter_mesh_1D_intra.cc.o
[ 72%] Building CXX object src/CMakeFiles/hccl.dir/ops/broadcast/template/aicpu/ins_temp_broadcast_mesh_1D_two_shot.cc.o
[ 72%] Building CXX object src/CMakeFiles/hccl.dir/ops/broadcast/template/aicpu/ins_temp_broadcast_nhr.cc.o
[ 72%] Building CXX object src/CMakeFiles/hccl.dir/ops/broadcast/template/aicpu/ins_temp_scatter_nhr_dpu_inter.cc.o
[ 72%] Building CXX object src/CMakeFiles/hccl.dir/ops/broadcast/template/aicpu/ins_temp_allgather_nhr_dpu_inter.cc.o
[ 73%] Building CXX object src/CMakeFiles/hccl.dir/ops/broadcast/template/aiv/aiv_temp_broadcast_mesh_1D.cc.o
[ 73%] Building CXX object src/CMakeFiles/hccl.dir/ops/broadcast/template/ccu/kernel/ccu_kernel_broadcast_mesh1d_mem2mem.cc.o
[ 73%] Building CXX object src/CMakeFiles/hccl.dir/ops/broadcast/template/ccu/kernel/ccu_kernel_broadcast_mesh1d.cc.o
[ 73%] Building CXX object src/CMakeFiles/hccl.dir/ops/broadcast/template/ccu/kernel/ccu_kernel_broadcast_nhr1d_mem2mem.cc.o
[ 74%] Building CXX object src/CMakeFiles/hccl.dir/ops/broadcast/template/ccu/ccu_temp_broadcast_mesh_1D_mem2mem.cc.o
[ 74%] Building CXX object src/CMakeFiles/hccl.dir/ops/broadcast/template/ccu/ccu_temp_broadcast_mesh_1D.cc.o
[ 74%] Building CXX object src/CMakeFiles/hccl.dir/ops/broadcast/template/ccu/ccu_temp_broadcast_nhr_1D_mem2mem.cc.o
[ 74%] Building CXX object src/CMakeFiles/hccl.dir/ops/broadcast/broadcast_op.cc.o
[ 75%] Building CXX object src/CMakeFiles/hccl.dir/ops/all_reduce/executor/ins_v2_all_reduce_sole_executor.cc.o
[ 75%] Building CXX object src/CMakeFiles/hccl.dir/ops/all_reduce/executor/ins_v2_all_reduce_parallel_executor.cc.o
[ 75%] Building CXX object src/CMakeFiles/hccl.dir/ops/all_reduce/executor/ins_v2_all_reduce_sequence_executor_aicpu.cc.o
[ 75%] Building CXX object src/CMakeFiles/hccl.dir/ops/all_reduce/executor/ins_v2_all_reduce_sequence_executor_aicpu_3level.cc.o
[ 76%] Building CXX object src/CMakeFiles/hccl.dir/ops/all_reduce/executor/ins_v2_all_reduce_two_shot_sole_executor.cc.o
[ 76%] Building CXX object src/CMakeFiles/hccl.dir/ops/all_reduce/executor/ins_v2_all_reduce_concurrent_executor.cc.o
[ 76%] Building CXX object src/CMakeFiles/hccl.dir/ops/all_reduce/executor/ins_v2_allreduce_sequence2die_executor.cc.o
[ 76%] Building CXX object src/CMakeFiles/hccl.dir/ops/all_reduce/executor/ins_v2_all_reduce_sequence_executor.cc.o
[ 77%] Building CXX object src/CMakeFiles/hccl.dir/ops/all_reduce/executor/ins_v2_all_reduce_omnipipe_executor.cc.o
[ 77%] Building CXX object src/CMakeFiles/hccl.dir/ops/all_reduce/executor/ins_v2_all_reduce_order_preserved_executor.cc.o
[ 77%] Building CXX object src/CMakeFiles/hccl.dir/ops/all_reduce/executor/ins_v2_all_reduce_omnipipe_2d_executor.cc.o
[ 77%] Building CXX object src/CMakeFiles/hccl.dir/ops/all_reduce/selector/all_reduce_auto_selector.cc.o
[ 78%] Building CXX object src/CMakeFiles/hccl.dir/ops/all_reduce/template/aicpu/ins_temp_all_reduce_mesh_1D_one_shot.cc.o
[ 78%] Building CXX object src/CMakeFiles/hccl.dir/ops/all_reduce/template/aicpu/ins_temp_all_reduce_mesh_1D_two_shot.cc.o
[ 78%] Building CXX object src/CMakeFiles/hccl.dir/ops/all_reduce/template/aicpu/ins_temp_all_reduce_nhr.cc.o
[ 78%] Building CXX object src/CMakeFiles/hccl.dir/ops/all_reduce/template/aicpu/ins_temp_all_reduce_aicpu_reduce_nhr.cc.o
[ 79%] Building CXX object src/CMakeFiles/hccl.dir/ops/all_reduce/template/aicpu/ins_temp_all_reduce_mesh_1D_two_shot_mesh_chunk.cc.o
[ 79%] Building CXX object src/CMakeFiles/hccl.dir/ops/all_reduce/template/aicpu/ins_temp_all_gather_mesh_1D_intra.cc.o
[ 79%] Building CXX object src/CMakeFiles/hccl.dir/ops/all_reduce/template/aicpu/ins_temp_reduce_scatter_mesh_1D_intra.cc.o
[ 79%] Building CXX object src/CMakeFiles/hccl.dir/ops/all_reduce/template/aicpu/ins_temp_all_gather_nhr_dpu_inter.cc.o
[ 80%] Building CXX object src/CMakeFiles/hccl.dir/ops/all_reduce/template/aicpu/ins_temp_reduce_scatter_mesh_1D_dpu_inter.cc.o
[ 80%] Building CXX object src/CMakeFiles/hccl.dir/ops/all_reduce/template/aiv/aiv_temp_all_reduce_mesh_1D_oneshot.cc.o
[ 80%] Building CXX object src/CMakeFiles/hccl.dir/ops/all_reduce/template/aiv/aiv_temp_all_reduce_mesh_1D_twoshot.cc.o
[ 80%] Building CXX object src/CMakeFiles/hccl.dir/ops/all_reduce/template/ccu/kernel/ccu_kernel_all_reduce_mesh1d_one_shot.cc.o
[ 81%] Building CXX object src/CMakeFiles/hccl.dir/ops/all_reduce/template/ccu/kernel/ccu_kernel_all_reduce_mesh1d.cc.o
[ 81%] Building CXX object src/CMakeFiles/hccl.dir/ops/all_reduce/template/ccu/kernel/ccu_kernel_all_reduce_mesh1d_mem2mem.cc.o
[ 81%] Building CXX object src/CMakeFiles/hccl.dir/ops/all_reduce/template/ccu/kernel/ccu_kernel_all_reduce_nhr1d_mem2mem.cc.o
[ 81%] Building CXX object src/CMakeFiles/hccl.dir/ops/all_reduce/template/ccu/kernel/ccu_kernel_all_reduce_nhr_mem2mem_1D_multi_jetty.cc.o
[ 82%] Building CXX object src/CMakeFiles/hccl.dir/ops/all_reduce/template/ccu/kernel/ccu_kernel_all_reduce_mesh_1D_2die_oneshot.cc.o
[ 82%] Building CXX object src/CMakeFiles/hccl.dir/ops/all_reduce/template/ccu/kernel/ccu_kernel_all_reduce_mesh1d_mem2mem_2die_oneshot.cc.o
[ 82%] Building CXX object src/CMakeFiles/hccl.dir/ops/all_reduce/template/ccu/ccu_temp_all_reduce_mesh_1D_one_shot.cc.o
[ 82%] Building CXX object src/CMakeFiles/hccl.dir/ops/all_reduce/template/ccu/ccu_temp_all_reduce_mesh_1D.cc.o
[ 83%] Building CXX object src/CMakeFiles/hccl.dir/ops/all_reduce/template/ccu/ccu_temp_all_reduce_mesh_1D_mem2mem.cc.o
[ 83%] Building CXX object src/CMakeFiles/hccl.dir/ops/all_reduce/template/ccu/ccu_temp_all_reduce_nhr_1D_mem2mem.cc.o
[ 83%] Building CXX object src/CMakeFiles/hccl.dir/ops/all_reduce/template/ccu/ccu_temp_all_reduce_nhr_mem2mem_1D_multi_jetty.cc.o
[ 83%] Building CXX object src/CMakeFiles/hccl.dir/ops/all_reduce/template/ccu/ccu_temp_all_reduce_mesh_1D_2die_oneshot.cc.o
[ 84%] Building CXX object src/CMakeFiles/hccl.dir/ops/all_reduce/template/ccu/ccu_temp_all_reduce_mesh_1D_mem2mem_2die_oneshot.cc.o
[ 84%] Building CXX object src/CMakeFiles/hccl.dir/ops/all_reduce/all_reduce_op.cc.o
[ 84%] Building CXX object src/CMakeFiles/hccl.dir/ops/send/selector/send_auto_selector.cc.o
[ 84%] Building CXX object src/CMakeFiles/hccl.dir/ops/send/executor/ins_send_executor.cc.o
[ 85%] Building CXX object src/CMakeFiles/hccl.dir/ops/send/executor/ins_v2_send_sole_executor.cc.o
[ 85%] Building CXX object src/CMakeFiles/hccl.dir/ops/send/executor/ins_v2_send_executor.cc.o
[ 85%] Building CXX object src/CMakeFiles/hccl.dir/ops/send/executor/ins_send_dpu_executor.cc.o
[ 85%] Building CXX object src/CMakeFiles/hccl.dir/ops/send/template/host_nic/ins_temp_send_host_nic_dpu.cc.o
[ 86%] Building CXX object src/CMakeFiles/hccl.dir/ops/send/template/ins_temp_send_dpu.cc.o
[ 86%] Building CXX object src/CMakeFiles/hccl.dir/ops/send/send_op.cc.o
[ 86%] Building CXX object src/CMakeFiles/hccl.dir/ops/recv/executor/ins_recv_executor.cc.o
[ 86%] Building CXX object src/CMakeFiles/hccl.dir/ops/recv/executor/ins_v2_recv_sole_executor.cc.o
[ 87%] Building CXX object src/CMakeFiles/hccl.dir/ops/recv/executor/ins_v2_recv_executor.cc.o
[ 87%] Building CXX object src/CMakeFiles/hccl.dir/ops/recv/executor/ins_recv_dpu_executor.cc.o
[ 87%] Building CXX object src/CMakeFiles/hccl.dir/ops/recv/selector/recv_auto_selector.cc.o
[ 87%] Building CXX object src/CMakeFiles/hccl.dir/ops/recv/template/host_nic/ins_temp_recv_host_nic_dpu.cc.o
[ 88%] Building CXX object src/CMakeFiles/hccl.dir/ops/recv/template/ins_temp_recv_dpu.cc.o
[ 88%] Building CXX object src/CMakeFiles/hccl.dir/ops/recv/recv_op.cc.o
[ 88%] Building CXX object src/CMakeFiles/hccl.dir/ops/reduce_scatter_v/executor/ins_v2_reduce_scatter_v_sole_executor.cc.o
[ 88%] Building CXX object src/CMakeFiles/hccl.dir/ops/reduce_scatter_v/selector/reduce_scatter_v_auto_selector.cc.o
[ 89%] Building CXX object src/CMakeFiles/hccl.dir/ops/reduce_scatter_v/template/aicpu/ins_temp_reduce_scatter_v_mesh_1D.cc.o
[ 89%] Building CXX object src/CMakeFiles/hccl.dir/ops/reduce_scatter_v/template/ccu/kernel/ccu_kernel_reduce_scatter_v_mesh1d_mem2mem.cc.o
[ 89%] Building CXX object src/CMakeFiles/hccl.dir/ops/reduce_scatter_v/template/ccu/ccu_temp_reduce_scatter_v_mesh_1D_mem2mem.cc.o
[ 89%] Building CXX object src/CMakeFiles/hccl.dir/ops/reduce_scatter_v/reduce_scatter_v_op.cc.o
[ 90%] Building CXX object src/CMakeFiles/hccl.dir/ops/all_gather_v/executor/ins_v2_all_gather_v_sole_executor.cc.o
[ 90%] Building CXX object src/CMakeFiles/hccl.dir/ops/all_gather_v/selector/all_gather_v_auto_selector.cc.o
[ 90%] Building CXX object src/CMakeFiles/hccl.dir/ops/all_gather_v/template/aicpu/ins_temp_all_gather_v_mesh_1D.cc.o
[ 90%] Building CXX object src/CMakeFiles/hccl.dir/ops/all_gather_v/template/ccu/kernel/ccu_kernel_all_gather_v_mesh1d_mem2mem.cc.o
[ 91%] Building CXX object src/CMakeFiles/hccl.dir/ops/all_gather_v/template/ccu/ccu_temp_all_gather_v_mesh_1D_mem2mem.cc.o
[ 91%] Building CXX object src/CMakeFiles/hccl.dir/ops/all_gather_v/all_gather_v_op.cc.o
[ 91%] Building CXX object src/CMakeFiles/hccl.dir/ops/reduce/executor/reduce_sole_executor.cc.o
[ 91%] Building CXX object src/CMakeFiles/hccl.dir/ops/reduce/executor/reduce_parallel_executor.cc.o
[ 92%] Building CXX object src/CMakeFiles/hccl.dir/ops/reduce/executor/ins_v2_reduce_sequence_executor.cc.o
[ 92%] Building CXX object src/CMakeFiles/hccl.dir/ops/reduce/selector/reduce_auto_selector.cc.o
[ 92%] Building CXX object src/CMakeFiles/hccl.dir/ops/reduce/template/aicpu/reduce_mesh_1D.cc.o
[ 92%] Building CXX object src/CMakeFiles/hccl.dir/ops/reduce/template/aicpu/reduce_mesh_1D_two_shot.cc.o
[ 93%] Building CXX object src/CMakeFiles/hccl.dir/ops/reduce/template/aicpu/reduce_nhr.cc.o
[ 93%] Building CXX object src/CMakeFiles/hccl.dir/ops/reduce/template/aicpu/ins_temp_gather_mesh_1D_intra.cc.o
[ 93%] Building CXX object src/CMakeFiles/hccl.dir/ops/reduce/template/aicpu/reduce_aicpu_reduce_nhr.cc.o
[ 93%] Building CXX object src/CMakeFiles/hccl.dir/ops/reduce/template/aicpu/ins_temp_gather_dpu_inter.cc.o
[ 94%] Building CXX object src/CMakeFiles/hccl.dir/ops/reduce/template/aiv/aiv_temp_reduce_mesh_1D.cc.o
[ 94%] Building CXX object src/CMakeFiles/hccl.dir/ops/reduce/template/ccu/kernel/ccu_kernel_reduce_mesh1d_mem2mem.cc.o
[ 94%] Building CXX object src/CMakeFiles/hccl.dir/ops/reduce/template/ccu/kernel/ccu_kernel_reduce_mesh1d.cc.o
[ 94%] Building CXX object src/CMakeFiles/hccl.dir/ops/reduce/template/ccu/kernel/ccu_kernel_reduce_nhr1d_mem2mem.cc.o
[ 95%] Building CXX object src/CMakeFiles/hccl.dir/ops/reduce/template/ccu/kernel/ccu_kernel_reduce_mesh1d_twoshot_mem2mem.cc.o
[ 95%] Building CXX object src/CMakeFiles/hccl.dir/ops/reduce/template/ccu/ccu_temp_reduce_mesh_1D_mem2mem.cc.o
[ 95%] Building CXX object src/CMakeFiles/hccl.dir/ops/reduce/template/ccu/ccu_temp_reduce_mesh_1D.cc.o
[ 96%] Building CXX object src/CMakeFiles/hccl.dir/ops/reduce/template/ccu/ccu_temp_reduce_nhr_1D_mem2mem.cc.o
[ 96%] Building CXX object src/CMakeFiles/hccl.dir/ops/reduce/template/ccu/ccu_temp_reduce_mesh_1D_twoshot_mem2mem.cc.o
[ 96%] Building CXX object src/CMakeFiles/hccl.dir/ops/reduce/reduce_op.cc.o
[ 96%] Building CXX object src/CMakeFiles/hccl.dir/ops/batch_send_recv/executor/ins_v2_batch_send_recv_executor.cc.o
[ 97%] Building CXX object src/CMakeFiles/hccl.dir/ops/batch_send_recv/executor/ins_v2_batch_send_recv_sole_executor.cc.o
[ 97%] Building CXX object src/CMakeFiles/hccl.dir/ops/batch_send_recv/selector/batch_send_recv_auto_selector.cc.o
[ 97%] Building CXX object src/CMakeFiles/hccl.dir/ops/batch_send_recv/template/ins_temp_batch_send_recv_dpu.cc.o
[ 97%] Building CXX object src/CMakeFiles/hccl.dir/ops/batch_send_recv/batch_send_recv_op.cc.o
[ 98%] Building CXX object src/CMakeFiles/hccl.dir/ops/interface_graph_mode/calc_resource_graph_mode.cc.o
[ 98%] Building CXX object src/CMakeFiles/hccl.dir/ops/barrier/executor/ins_v2_barrier_sequence_executor.cc.o
[ 98%] Building CXX object src/CMakeFiles/hccl.dir/ops/barrier/executor/ins_v2_barrier_sole_executor.cc.o
[ 98%] Building CXX object src/CMakeFiles/hccl.dir/ops/barrier/selector/barrier_auto_selector.cc.o
[ 99%] Building CXX object src/CMakeFiles/hccl.dir/ops/barrier/template/aicpu/ins_temp_barrier_mesh_1D.cc.o
[ 99%] Building CXX object src/CMakeFiles/hccl.dir/ops/barrier/template/aicpu/ins_temp_barrier_nhr_dpu.cc.o
[ 99%] Building CXX object src/CMakeFiles/hccl.dir/ops/barrier/template/aicpu/ins_temp_barrier_nhr_aicpu.cc.o
[ 99%] Building CXX object src/CMakeFiles/hccl.dir/ops/barrier/barrier_op.cc.o
[100%] Linking CXX shared library libhccl.so
[100%] Built target hccl
[  1%] Built target version_hccl_info
[  1%] Performing build step for 'hccl_device'
[  1%] Built target aicpu_kernel_json
[  4%] Built target hccl_compat
[  4%] Built target hccl_aiv_scatter_op_910_95
[  6%] Built target opgraph_hccl
[  6%] Built target hccl_aiv_reduce_scatter_op_910_95
[  6%] Built target hccl_rs_superkernel_mesh_1d_int8_v2
[  6%] Built target hccl_rs_superkernel_mesh_1d_int16_v2
[  6%] Built target hccl_rs_superkernel_mesh_1d_int32_v2
[  3%] Built target hccl_kernel_compat
[  7%] Built target hccl_rs_superkernel_mesh_1d_float32_v2
[  7%] Built target hccl_rs_superkernel_mesh_1d_float16_v2
[  7%] Built target hccl_rs_superkernel_mesh_1d_bfloat16_v2
[  3%] Built target hccl_aiv_scatter_op_910_95
[  7%] Built target hccl_aiv_all_gather_op_910_95
[  7%] Built target hccl_ag_superkernel_mesh_1d_int8_v2
[  4%] Built target hccl_aiv_reduce_scatter_op_910_95
[  4%] Built target hccl_rs_superkernel_mesh_1d_int8_v2
[  7%] Built target hccl_ag_superkernel_mesh_1d_int16_v2
[  8%] Built target hccl_ag_superkernel_mesh_1d_int32_v2
[  8%] Built target hccl_ag_superkernel_mesh_1d_float16_v2
[  9%] Built target hccl_ag_superkernel_mesh_1d_bfloat16_v2
[  4%] Built target hccl_rs_superkernel_mesh_1d_int16_v2
[  9%] Built target hccl_ag_superkernel_mesh_1d_float32_v2
[  9%] Built target hccl_ag_superkernel_mesh_1d_uint8_v2
[  9%] Built target hccl_ag_superkernel_mesh_1d_uint16_v2
[  5%] Built target hccl_rs_superkernel_mesh_1d_int32_v2
[  9%] Built target hccl_ag_superkernel_mesh_1d_int64_v2
[ 10%] Built target hccl_ag_superkernel_mesh_1d_uint32_v2
[ 10%] Built target hccl_ag_superkernel_mesh_1d_uint64_v2
[  5%] Built target hccl_rs_superkernel_mesh_1d_float16_v2
[  6%] Built target hccl_rs_superkernel_mesh_1d_float32_v2
[ 10%] Built target hccl_aiv_all_to_all_v_op_910_95
[ 10%] Built target hccl_aiv_all_to_all_op_910_95
[  7%] Built target hccl_rs_superkernel_mesh_1d_bfloat16_v2
[ 10%] Built target hccl_a2a_superkernel_mesh_1d_int8_v2
[  7%] Built target hccl_aiv_all_gather_op_910_95
[ 11%] Built target hccl_a2a_superkernel_mesh_1d_int16_v2
[  7%] Built target hccl_ag_superkernel_mesh_1d_int8_v2
[  8%] Built target hccl_ag_superkernel_mesh_1d_int16_v2
[ 11%] Built target hccl_a2a_superkernel_mesh_1d_int32_v2
[ 11%] Built target hccl_a2a_superkernel_mesh_1d_float16_v2
[  8%] Built target hccl_ag_superkernel_mesh_1d_int32_v2
[ 11%] Built target hccl_a2a_superkernel_mesh_1d_uint8_v2
[ 11%] Built target hccl_a2a_superkernel_mesh_1d_float32_v2
[ 11%] Built target hccl_a2a_superkernel_mesh_1d_bfloat16_v2
[  9%] Built target hccl_ag_superkernel_mesh_1d_float16_v2
[ 12%] Built target hccl_a2a_superkernel_mesh_1d_uint16_v2
[  9%] Built target hccl_ag_superkernel_mesh_1d_float32_v2
[ 12%] Built target hccl_a2a_superkernel_mesh_1d_uint32_v2
[ 12%] Built target hccl_a2a_superkernel_mesh_1d_int64_v2
[  9%] Built target hccl_ag_superkernel_mesh_1d_bfloat16_v2
[ 10%] Built target hccl_ag_superkernel_mesh_1d_uint8_v2
[ 12%] Built target hccl_a2a_superkernel_mesh_1d_uint64_v2
[ 10%] Built target hccl_ag_superkernel_mesh_1d_uint32_v2
[ 11%] Built target hccl_ag_superkernel_mesh_1d_uint16_v2
[ 12%] Built target hccl_aiv_broadcast_op_910_95
[ 12%] Built target hccl_ag_superkernel_mesh_1d_int64_v2
[ 13%] Built target hccl_aiv_all_reduce_op_910_95
[ 12%] Built target hccl_ag_superkernel_mesh_1d_uint64_v2
[ 13%] Built target hccl_aiv_all_to_all_v_op_910_95
[ 13%] Built target hccl_ar_superkernel_mesh_1d_oneshot_int8_v2
[ 13%] Built target hccl_aiv_all_to_all_op_910_95
[ 14%] Built target hccl_ar_superkernel_mesh_1d_oneshot_int16_v2
[ 14%] Built target hccl_ar_superkernel_mesh_1d_oneshot_int32_v2
[ 14%] Built target hccl_a2a_superkernel_mesh_1d_int8_v2
[ 14%] Built target hccl_ar_superkernel_mesh_1d_oneshot_float16_v2
[ 14%] Built target hccl_a2a_superkernel_mesh_1d_int16_v2
[ 14%] Built target hccl_ar_superkernel_mesh_1d_oneshot_float32_v2
[ 15%] Built target hccl_a2a_superkernel_mesh_1d_int32_v2
[ 14%] Built target hccl_ar_superkernel_mesh_1d_oneshot_bfloat16_v2
[ 15%] Built target hccl_a2a_superkernel_mesh_1d_float16_v2
[ 16%] Built target hccl_a2a_superkernel_mesh_1d_float32_v2
[ 17%] Built target hccl_a2a_superkernel_mesh_1d_bfloat16_v2
[ 15%] Built target hccl_ar_superkernel_mesh_1d_twoshot_int8_v2
[ 15%] Built target hccl_ar_superkernel_mesh_1d_twoshot_int16_v2
[ 18%] Built target hccl_a2a_superkernel_mesh_1d_uint8_v2
[ 18%] Built target hccl_a2a_superkernel_mesh_1d_uint16_v2
[ 15%] Built target hccl_ar_superkernel_mesh_1d_twoshot_int32_v2
[ 16%] Built target hccl_ar_superkernel_mesh_1d_twoshot_float16_v2
[ 19%] Built target hccl_a2a_superkernel_mesh_1d_uint32_v2
[ 19%] Built target hccl_a2a_superkernel_mesh_1d_int64_v2
[ 16%] Built target hccl_ar_superkernel_mesh_1d_twoshot_float32_v2
[ 19%] Built target hccl_a2a_superkernel_mesh_1d_uint64_v2
[ 16%] Built target hccl_ar_superkernel_mesh_1d_twoshot_bfloat16_v2
[ 19%] Built target hccl_aiv_broadcast_op_910_95
[ 20%] Built target hccl_aiv_all_reduce_op_910_95
[ 21%] Built target hccl_ar_superkernel_mesh_1d_oneshot_int8_v2
[ 22%] Built target hccl_ar_superkernel_mesh_1d_oneshot_int16_v2
[ 17%] Built target hccl_aiv_send_op_910_95
[ 18%] Built target hccl_aiv_recv_op_910_95
[ 18%] Built target hccl_aiv_reduce_op_910_95
[ 22%] Built target hccl_ar_superkernel_mesh_1d_oneshot_int32_v2
[ 23%] Built target hccl_ar_superkernel_mesh_1d_oneshot_float16_v2
[ 18%] Built target generate_es_hccl_code
[ 23%] Built target hccl_ar_superkernel_mesh_1d_oneshot_float32_v2
[ 23%] Built target hccl_ar_superkernel_mesh_1d_twoshot_int8_v2
[ 23%] Built target hccl_ar_superkernel_mesh_1d_oneshot_bfloat16_v2
[ 19%] Built target generate_es_hccl_whl
[ 23%] Built target hccl_ar_superkernel_mesh_1d_twoshot_int16_v2
[ 24%] Built target hccl_ar_superkernel_mesh_1d_twoshot_int32_v2
[ 25%] Built target hccl_ar_superkernel_mesh_1d_twoshot_float16_v2
[ 20%] Built target es_hccl_obj
[ 25%] Built target hccl_ar_superkernel_mesh_1d_twoshot_float32_v2
[ 25%] Built target hccl_ar_superkernel_mesh_1d_twoshot_bfloat16_v2
[ 26%] Built target hccl_aiv_send_op_910_95
[ 20%] Built target es_hccl_so
[ 27%] Built target hccl_aiv_recv_op_910_95
[ 27%] Built target hccl_aiv_reduce_op_910_95
[ 20%] Built target es_hccl_a
[ 21%] Built target install_es_hccl
[ 21%] ES package 'es_hccl' build completed (single-file mode)
[ 21%] Built target build_es_hccl
[ 98%] Built target scatter_aicpu_kernel
[ 98%] Built target generate_device_aicpu_package
[100%] Built target sign_aicpu_hccl
[ 21%] Performing install step for 'hccl_device'
CPack: Create package using TGZ
CPack: Install projects
CPack: - Run preinstall target for: hccl_device
CPack: - Install project: hccl_device []
CPack: -   Install component: hccl
CPack: Create package
[ 98%] Built target hccl
CPack: - package: /home/xuan/WorkSpace/hccl/build/device_build/device-hccl.tar.gz generated.
[ 98%] Completed 'hccl_device'
[100%] Built target hccl_device
Run CPack packaging tool...
CPack: Create package using External
CPack: Install projects
CPack: - Run preinstall target for: hccl
CPack: - Install project: hccl []
CPack: -   Install component: hccl
CPack: Executing pre-build script: /home/xuan/WorkSpace/hccl/third_party/cann-cmake/scripts/package/pre_package.cmake
-- Running pre-build script: extracting archive...
-- run skip
CPack: Create package
-- CPACK_CMAKE_SOURCE_DIR = /home/xuan/WorkSpace/hccl
-- CPACK_CMAKE_CURRENT_SOURCE_DIR = 
-- CPACK_CMAKE_BINARY_DIR = /home/xuan/WorkSpace/hccl/build
-- CPACK_CMAKE_INSTALL_PREFIX = /home/xuan/WorkSpace/hccl/build_out
-- CMAKE_COMMAND = /snap/cmake/1556/bin/cmake
-- CPACK_TEMPORARY_DIRECTORY = /home/xuan/WorkSpace/hccl/build/_CPack_Packages/linux/External/cann-hccl_9.1.0_linux-x86_64
-- CPACK_VERSION_SRC = 
-- Install configuration: "Release"
-- Installing: /home/xuan/WorkSpace/hccl/build/_CPack_Packages/makeself_staging/share/info/hccl/script
-- Installing: /home/xuan/WorkSpace/hccl/build/_CPack_Packages/makeself_staging/share/info/hccl/script/help.info
-- Installing: /home/xuan/WorkSpace/hccl/build/_CPack_Packages/makeself_staging/share/info/hccl/script/hccl_func.sh
-- Installing: /home/xuan/WorkSpace/hccl/build/_CPack_Packages/makeself_staging/share/info/hccl/script/run_hccl_install.sh
-- Installing: /home/xuan/WorkSpace/hccl/build/_CPack_Packages/makeself_staging/share/info/hccl/script/run_hccl_uninstall.sh
-- Installing: /home/xuan/WorkSpace/hccl/build/_CPack_Packages/makeself_staging/share/info/hccl/script/uninstall.sh
-- Installing: /home/xuan/WorkSpace/hccl/build/_CPack_Packages/makeself_staging/share/info/hccl/script/run_hccl_upgrade.sh
-- Installing: /home/xuan/WorkSpace/hccl/build/_CPack_Packages/makeself_staging/share/info/hccl/script/hccl_custom_uninstall.sh
-- Installing: /home/xuan/WorkSpace/hccl/build/_CPack_Packages/makeself_staging/share/info/hccl/script/ver_check.sh
-- Installing: /home/xuan/WorkSpace/hccl/build/_CPack_Packages/makeself_staging/share/info/hccl/script/install.sh
-- Installing: /home/xuan/WorkSpace/hccl/build/_CPack_Packages/makeself_staging/share/info/hccl/script/hccl_custom_remove_softlink.sh
-- Installing: /home/xuan/WorkSpace/hccl/build/_CPack_Packages/makeself_staging/share/info/hccl/script/hccl_custom_create_softlink.sh
-- Installing: /home/xuan/WorkSpace/hccl/build/_CPack_Packages/makeself_staging/share/info/hccl/script/hccl_custom_install.sh
-- Installing: /home/xuan/WorkSpace/hccl/build/_CPack_Packages/makeself_staging/share/info/hccl/script/check_version_required.awk
-- Installing: /home/xuan/WorkSpace/hccl/build/_CPack_Packages/makeself_staging/share/info/hccl/script/common_func.inc
-- Installing: /home/xuan/WorkSpace/hccl/build/_CPack_Packages/makeself_staging/share/info/hccl/script/common_interface.sh
-- Installing: /home/xuan/WorkSpace/hccl/build/_CPack_Packages/makeself_staging/share/info/hccl/script/common_interface.csh
-- Installing: /home/xuan/WorkSpace/hccl/build/_CPack_Packages/makeself_staging/share/info/hccl/script/common_interface.fish
-- Installing: /home/xuan/WorkSpace/hccl/build/_CPack_Packages/makeself_staging/share/info/hccl/script/version_compatiable.inc
-- Installing: /home/xuan/WorkSpace/hccl/build/_CPack_Packages/makeself_staging/share/info/hccl/script/merge_binary_info_config.py
-- Installing: /home/xuan/WorkSpace/hccl/build/_CPack_Packages/makeself_staging/share/info/hccl/version.info
-- Installing: /home/xuan/WorkSpace/hccl/build/_CPack_Packages/makeself_staging/x86_64-linux/conf/path.cfg
-- Installing: /home/xuan/WorkSpace/hccl/build/_CPack_Packages/makeself_staging/share/info/hccl/script/install_common_parser.sh
-- Installing: /home/xuan/WorkSpace/hccl/build/_CPack_Packages/makeself_staging/share/info/hccl/script/common_func_v2.inc
-- Installing: /home/xuan/WorkSpace/hccl/build/_CPack_Packages/makeself_staging/share/info/hccl/script/common_installer.inc
-- Installing: /home/xuan/WorkSpace/hccl/build/_CPack_Packages/makeself_staging/share/info/hccl/script/script_operator.inc
-- Installing: /home/xuan/WorkSpace/hccl/build/_CPack_Packages/makeself_staging/share/info/hccl/script/version_cfg.inc
-- Installing: /home/xuan/WorkSpace/hccl/build/_CPack_Packages/makeself_staging/share/info/hccl/script/multi_version.inc
-- Installing: /home/xuan/WorkSpace/hccl/build/_CPack_Packages/makeself_staging/opp/built-in/op_impl/aicpu/config/libscatter_aicpu_kernel.json
-- Installing: /home/xuan/WorkSpace/hccl/build/_CPack_Packages/makeself_staging/x86_64-linux/lib64/libhccl.so
-- Installing: /home/xuan/WorkSpace/hccl/build/_CPack_Packages/makeself_staging/opp/built-in/op_graph/inc/ops_proto_hccl.h
-- Installing: /home/xuan/WorkSpace/hccl/build/_CPack_Packages/makeself_staging/opp/built-in/op_graph/lib/linux/x86_64/libopgraph_hccl.so
-- Installing: /home/xuan/WorkSpace/hccl/build/_CPack_Packages/makeself_staging/x86_64-linux/include/es//es_hccl
-- Installing: /home/xuan/WorkSpace/hccl/build/_CPack_Packages/makeself_staging/x86_64-linux/include/es//es_hccl/es_log.h
-- Installing: /home/xuan/WorkSpace/hccl/build/_CPack_Packages/makeself_staging/x86_64-linux/include/es//es_hccl/es_HcomBroadcast_c.h
-- Installing: /home/xuan/WorkSpace/hccl/build/_CPack_Packages/makeself_staging/x86_64-linux/include/es//es_hccl/es_HcomReceive_c.h
-- Installing: /home/xuan/WorkSpace/hccl/build/_CPack_Packages/makeself_staging/x86_64-linux/include/es//es_hccl/es_HcomAllToAll_c.h
-- Installing: /home/xuan/WorkSpace/hccl/build/_CPack_Packages/makeself_staging/x86_64-linux/include/es//es_hccl/es_HcomReduceScatter_c.h
-- Installing: /home/xuan/WorkSpace/hccl/build/_CPack_Packages/makeself_staging/x86_64-linux/include/es//es_hccl/es_HcomAllGather.h
-- Installing: /home/xuan/WorkSpace/hccl/build/_CPack_Packages/makeself_staging/x86_64-linux/include/es//es_hccl/es_HcomSend_c.h
-- Installing: /home/xuan/WorkSpace/hccl/build/_CPack_Packages/makeself_staging/x86_64-linux/include/es//es_hccl/es_hccl_ops_c.h
-- Installing: /home/xuan/WorkSpace/hccl/build/_CPack_Packages/makeself_staging/x86_64-linux/include/es//es_hccl/es_HcomAllGather_c.h
-- Installing: /home/xuan/WorkSpace/hccl/build/_CPack_Packages/makeself_staging/x86_64-linux/include/es//es_hccl/es_HcomReceive.h
-- Installing: /home/xuan/WorkSpace/hccl/build/_CPack_Packages/makeself_staging/x86_64-linux/include/es//es_hccl/es_HcomReduceScatter.h
-- Installing: /home/xuan/WorkSpace/hccl/build/_CPack_Packages/makeself_staging/x86_64-linux/include/es//es_hccl/es_HcomBroadcast.h
-- Installing: /home/xuan/WorkSpace/hccl/build/_CPack_Packages/makeself_staging/x86_64-linux/include/es//es_hccl/es_HcomSend.h
-- Installing: /home/xuan/WorkSpace/hccl/build/_CPack_Packages/makeself_staging/x86_64-linux/include/es//es_hccl/es_HcomReduce.h
-- Installing: /home/xuan/WorkSpace/hccl/build/_CPack_Packages/makeself_staging/x86_64-linux/include/es//es_hccl/es_HcomAllToAllV_c.h
-- Installing: /home/xuan/WorkSpace/hccl/build/_CPack_Packages/makeself_staging/x86_64-linux/include/es//es_hccl/es_HcomReduce_c.h
-- Installing: /home/xuan/WorkSpace/hccl/build/_CPack_Packages/makeself_staging/x86_64-linux/include/es//es_hccl/es_HcomReduceScatterV.h
-- Installing: /home/xuan/WorkSpace/hccl/build/_CPack_Packages/makeself_staging/x86_64-linux/include/es//es_hccl/es_hccl_ops.h
-- Installing: /home/xuan/WorkSpace/hccl/build/_CPack_Packages/makeself_staging/x86_64-linux/include/es//es_hccl/es_HcomAllToAllVC_c.h
-- Installing: /home/xuan/WorkSpace/hccl/build/_CPack_Packages/makeself_staging/x86_64-linux/include/es//es_hccl/es_HcomAllToAllVC.h
-- Installing: /home/xuan/WorkSpace/hccl/build/_CPack_Packages/makeself_staging/x86_64-linux/include/es//es_hccl/es_HcomAllReduce_c.h
-- Installing: /home/xuan/WorkSpace/hccl/build/_CPack_Packages/makeself_staging/x86_64-linux/include/es//es_hccl/es_HcomAllToAll.h
-- Installing: /home/xuan/WorkSpace/hccl/build/_CPack_Packages/makeself_staging/x86_64-linux/include/es//es_hccl/es_HcomAllGatherV_c.h
-- Installing: /home/xuan/WorkSpace/hccl/build/_CPack_Packages/makeself_staging/x86_64-linux/include/es//es_hccl/es_HcomReduceScatterV_c.h
-- Installing: /home/xuan/WorkSpace/hccl/build/_CPack_Packages/makeself_staging/x86_64-linux/include/es//es_hccl/es_HcomAllReduce.h
-- Installing: /home/xuan/WorkSpace/hccl/build/_CPack_Packages/makeself_staging/x86_64-linux/include/es//es_hccl/es_HcomAllToAllV.h
-- Installing: /home/xuan/WorkSpace/hccl/build/_CPack_Packages/makeself_staging/x86_64-linux/include/es//es_hccl/es_HcomAllGatherV.h
-- Installing: /home/xuan/WorkSpace/hccl/build/_CPack_Packages/makeself_staging/ops_hccl/es_packages/whl
-- Installing: /home/xuan/WorkSpace/hccl/build/_CPack_Packages/makeself_staging/ops_hccl/es_packages/whl/es_hccl-1.0.0-py3-none-any.whl
-- Installing: /home/xuan/WorkSpace/hccl/build/_CPack_Packages/makeself_staging/x86_64-linux/lib64/libes_hccl.so
-- Installing: /home/xuan/WorkSpace/hccl/build/_CPack_Packages/makeself_staging/x86_64-linux/lib64/libhccl_compat.so
-- Installing: /home/xuan/WorkSpace/hccl/build/_CPack_Packages/makeself_staging/x86_64-linux/lib64/hccl_aiv_scatter_op_910_95.o
-- Installing: /home/xuan/WorkSpace/hccl/build/_CPack_Packages/makeself_staging/x86_64-linux/lib64/hccl_aiv_reduce_scatter_op_910_95.o
-- Installing: /home/xuan/WorkSpace/hccl/build/_CPack_Packages/makeself_staging/x86_64-linux/lib64/hccl_rs_superkernel_mesh_1d_int8_v2.o
-- Installing: /home/xuan/WorkSpace/hccl/build/_CPack_Packages/makeself_staging/x86_64-linux/lib64/hccl_rs_superkernel_mesh_1d_int16_v2.o
-- Installing: /home/xuan/WorkSpace/hccl/build/_CPack_Packages/makeself_staging/x86_64-linux/lib64/hccl_rs_superkernel_mesh_1d_int32_v2.o
-- Installing: /home/xuan/WorkSpace/hccl/build/_CPack_Packages/makeself_staging/x86_64-linux/lib64/hccl_rs_superkernel_mesh_1d_float16_v2.o
-- Installing: /home/xuan/WorkSpace/hccl/build/_CPack_Packages/makeself_staging/x86_64-linux/lib64/hccl_rs_superkernel_mesh_1d_float32_v2.o
-- Installing: /home/xuan/WorkSpace/hccl/build/_CPack_Packages/makeself_staging/x86_64-linux/lib64/hccl_rs_superkernel_mesh_1d_bfloat16_v2.o
-- Installing: /home/xuan/WorkSpace/hccl/build/_CPack_Packages/makeself_staging/x86_64-linux/lib64/hccl_aiv_all_gather_op_910_95.o
-- Installing: /home/xuan/WorkSpace/hccl/build/_CPack_Packages/makeself_staging/x86_64-linux/lib64/hccl_ag_superkernel_mesh_1d_int8_v2.o
-- Installing: /home/xuan/WorkSpace/hccl/build/_CPack_Packages/makeself_staging/x86_64-linux/lib64/hccl_ag_superkernel_mesh_1d_int16_v2.o
-- Installing: /home/xuan/WorkSpace/hccl/build/_CPack_Packages/makeself_staging/x86_64-linux/lib64/hccl_ag_superkernel_mesh_1d_int32_v2.o
-- Installing: /home/xuan/WorkSpace/hccl/build/_CPack_Packages/makeself_staging/x86_64-linux/lib64/hccl_ag_superkernel_mesh_1d_float16_v2.o
-- Installing: /home/xuan/WorkSpace/hccl/build/_CPack_Packages/makeself_staging/x86_64-linux/lib64/hccl_ag_superkernel_mesh_1d_float32_v2.o
-- Installing: /home/xuan/WorkSpace/hccl/build/_CPack_Packages/makeself_staging/x86_64-linux/lib64/hccl_ag_superkernel_mesh_1d_bfloat16_v2.o
-- Installing: /home/xuan/WorkSpace/hccl/build/_CPack_Packages/makeself_staging/x86_64-linux/lib64/hccl_ag_superkernel_mesh_1d_uint8_v2.o
-- Installing: /home/xuan/WorkSpace/hccl/build/_CPack_Packages/makeself_staging/x86_64-linux/lib64/hccl_ag_superkernel_mesh_1d_uint16_v2.o
-- Installing: /home/xuan/WorkSpace/hccl/build/_CPack_Packages/makeself_staging/x86_64-linux/lib64/hccl_ag_superkernel_mesh_1d_uint32_v2.o
-- Installing: /home/xuan/WorkSpace/hccl/build/_CPack_Packages/makeself_staging/x86_64-linux/lib64/hccl_ag_superkernel_mesh_1d_int64_v2.o
-- Installing: /home/xuan/WorkSpace/hccl/build/_CPack_Packages/makeself_staging/x86_64-linux/lib64/hccl_ag_superkernel_mesh_1d_uint64_v2.o
-- Installing: /home/xuan/WorkSpace/hccl/build/_CPack_Packages/makeself_staging/x86_64-linux/lib64/hccl_aiv_all_to_all_v_op_910_95.o
-- Installing: /home/xuan/WorkSpace/hccl/build/_CPack_Packages/makeself_staging/x86_64-linux/lib64/hccl_aiv_all_to_all_op_910_95.o
-- Installing: /home/xuan/WorkSpace/hccl/build/_CPack_Packages/makeself_staging/x86_64-linux/lib64/hccl_a2a_superkernel_mesh_1d_int8_v2.o
-- Installing: /home/xuan/WorkSpace/hccl/build/_CPack_Packages/makeself_staging/x86_64-linux/lib64/hccl_a2a_superkernel_mesh_1d_int16_v2.o
-- Installing: /home/xuan/WorkSpace/hccl/build/_CPack_Packages/makeself_staging/x86_64-linux/lib64/hccl_a2a_superkernel_mesh_1d_int32_v2.o
-- Installing: /home/xuan/WorkSpace/hccl/build/_CPack_Packages/makeself_staging/x86_64-linux/lib64/hccl_a2a_superkernel_mesh_1d_float16_v2.o
-- Installing: /home/xuan/WorkSpace/hccl/build/_CPack_Packages/makeself_staging/x86_64-linux/lib64/hccl_a2a_superkernel_mesh_1d_float32_v2.o
-- Installing: /home/xuan/WorkSpace/hccl/build/_CPack_Packages/makeself_staging/x86_64-linux/lib64/hccl_a2a_superkernel_mesh_1d_bfloat16_v2.o
-- Installing: /home/xuan/WorkSpace/hccl/build/_CPack_Packages/makeself_staging/x86_64-linux/lib64/hccl_a2a_superkernel_mesh_1d_uint8_v2.o
-- Installing: /home/xuan/WorkSpace/hccl/build/_CPack_Packages/makeself_staging/x86_64-linux/lib64/hccl_a2a_superkernel_mesh_1d_uint16_v2.o
-- Installing: /home/xuan/WorkSpace/hccl/build/_CPack_Packages/makeself_staging/x86_64-linux/lib64/hccl_a2a_superkernel_mesh_1d_uint32_v2.o
-- Installing: /home/xuan/WorkSpace/hccl/build/_CPack_Packages/makeself_staging/x86_64-linux/lib64/hccl_a2a_superkernel_mesh_1d_int64_v2.o
-- Installing: /home/xuan/WorkSpace/hccl/build/_CPack_Packages/makeself_staging/x86_64-linux/lib64/hccl_a2a_superkernel_mesh_1d_uint64_v2.o
-- Installing: /home/xuan/WorkSpace/hccl/build/_CPack_Packages/makeself_staging/x86_64-linux/lib64/hccl_aiv_broadcast_op_910_95.o
-- Installing: /home/xuan/WorkSpace/hccl/build/_CPack_Packages/makeself_staging/x86_64-linux/lib64/hccl_aiv_all_reduce_op_910_95.o
-- Installing: /home/xuan/WorkSpace/hccl/build/_CPack_Packages/makeself_staging/x86_64-linux/lib64/hccl_ar_superkernel_mesh_1d_oneshot_int8_v2.o
-- Installing: /home/xuan/WorkSpace/hccl/build/_CPack_Packages/makeself_staging/x86_64-linux/lib64/hccl_ar_superkernel_mesh_1d_oneshot_int16_v2.o
-- Installing: /home/xuan/WorkSpace/hccl/build/_CPack_Packages/makeself_staging/x86_64-linux/lib64/hccl_ar_superkernel_mesh_1d_oneshot_int32_v2.o
-- Installing: /home/xuan/WorkSpace/hccl/build/_CPack_Packages/makeself_staging/x86_64-linux/lib64/hccl_ar_superkernel_mesh_1d_oneshot_float16_v2.o
-- Installing: /home/xuan/WorkSpace/hccl/build/_CPack_Packages/makeself_staging/x86_64-linux/lib64/hccl_ar_superkernel_mesh_1d_oneshot_float32_v2.o
-- Installing: /home/xuan/WorkSpace/hccl/build/_CPack_Packages/makeself_staging/x86_64-linux/lib64/hccl_ar_superkernel_mesh_1d_oneshot_bfloat16_v2.o
-- Installing: /home/xuan/WorkSpace/hccl/build/_CPack_Packages/makeself_staging/x86_64-linux/lib64/hccl_ar_superkernel_mesh_1d_twoshot_int8_v2.o
-- Installing: /home/xuan/WorkSpace/hccl/build/_CPack_Packages/makeself_staging/x86_64-linux/lib64/hccl_ar_superkernel_mesh_1d_twoshot_int16_v2.o
-- Installing: /home/xuan/WorkSpace/hccl/build/_CPack_Packages/makeself_staging/x86_64-linux/lib64/hccl_ar_superkernel_mesh_1d_twoshot_int32_v2.o
-- Installing: /home/xuan/WorkSpace/hccl/build/_CPack_Packages/makeself_staging/x86_64-linux/lib64/hccl_ar_superkernel_mesh_1d_twoshot_float16_v2.o
-- Installing: /home/xuan/WorkSpace/hccl/build/_CPack_Packages/makeself_staging/x86_64-linux/lib64/hccl_ar_superkernel_mesh_1d_twoshot_float32_v2.o
-- Installing: /home/xuan/WorkSpace/hccl/build/_CPack_Packages/makeself_staging/x86_64-linux/lib64/hccl_ar_superkernel_mesh_1d_twoshot_bfloat16_v2.o
-- Installing: /home/xuan/WorkSpace/hccl/build/_CPack_Packages/makeself_staging/x86_64-linux/lib64/hccl_aiv_send_op_910_95.o
-- Installing: /home/xuan/WorkSpace/hccl/build/_CPack_Packages/makeself_staging/x86_64-linux/lib64/hccl_aiv_recv_op_910_95.o
-- Installing: /home/xuan/WorkSpace/hccl/build/_CPack_Packages/makeself_staging/x86_64-linux/lib64/hccl_aiv_reduce_op_910_95.o
-- Installing: /home/xuan/WorkSpace/hccl/build/_CPack_Packages/makeself_staging/opp/built-in/op_impl/aicpu/kernel/aicpu_hccl.tar.gz
-- Installing: /home/xuan/WorkSpace/hccl/build/_CPack_Packages/makeself_staging/x86_64-linux/include/hccl/hccl.h
-- Installing: /home/xuan/WorkSpace/hccl/build/_CPack_Packages/makeself_staging/x86_64-linux/include/hccl/hccl_mc2.h
-- Filelist generated successfully: [2026-07-21 17:22:46] [INFO] [/home/xuan/WorkSpace/hccl/third_party/cann-cmake/scripts/package/package.py] [961] /home/xuan/WorkSpace/hccl/third_party/cann-cmake/scripts/package/package.py --pkg_name hccl --chip_name --os_arch linux-x86_64 --version_dir --delivery_dir /home/xuan/WorkSpace/hccl/build --source_dir /home/xuan/WorkSpace/hccl
[2026-07-21 17:22:46] [INFO] [/home/xuan/WorkSpace/hccl/third_party/cann-cmake/scripts/package/package.py] [536] package cann-hccl_9.1.0_linux-x86_64.run generate filelist.csv and makeself cmd successfully!
-- script output: --gzip --complevel 4 --nomd5 --sha256 --nooverwrite --chown --tar-format gnu --tar-extra --numeric-owner --tar-quietly cann-hccl_9.1.0_linux-x86_64.run "CANN_HCCL_RUN_PACKAGE"
-- makeself: --gzip;--complevel;4;--nomd5;--sha256;--nooverwrite;--chown;--tar-format;gnu;--tar-extra;--numeric-owner;--tar-quietly;/home/xuan/WorkSpace/hccl/build/_CPack_Packages/makeself_staging;cann-hccl_9.1.0_linux-x86_64.run;"CANN_HCCL_RUN_PACKAGE"
-- package: cann-hccl_9.1.0_linux-x86_64.run

About to compress 20872 KB of data...
Adding files to archive named "cann-hccl_9.1.0_linux-x86_64.run"...
CRC: 1199282423
SHA256: 817f1e76e6c89f15676a24df7c7b0d315aa24e9feb5f0b8294796f26f9eed9dc
Skipping md5sum at user request

Self-extractable archive "cann-hccl_9.1.0_linux-x86_64.run" successfully created.
-- Build pkg success: /home/xuan/WorkSpace/hccl/build_out/cann-hccl_9.1.0_linux-x86_64.run
CPack: - package: /home/xuan/WorkSpace/hccl/build/cann-hccl_9.1.0_linux-x86_64.json generated.
