This file contains any messages produced by compilers while
running configure, to aid debugging if configure makes a mistake.

It was created by universal-ctags configure 6.2.0, which was
generated by GNU Autoconf 2.72.  Invocation command line was

  $ /root/.ppkg/run/2404/linux-musl-x86_64/uctags/src/configure --prefix=/root/.ppkg/installed/linux-musl-x86_64/9c748f62cb7f8d4ca5e371beb76ad7ab781ac910a87f519f979c4a86e54d9950 --disable-option-checking --disable-nls --disable-rpath --enable-largefile --disable-debug --enable-shared --disable-static CC=/root/.ppkg/core/wrapper-target-cc 'CFLAGS= -Os ' CXX=/root/.ppkg/core/wrapper-target-c++ 'CXXFLAGS= -Os ' 'CPP=/root/.ppkg/core/wrapper-target-cc -E' 'CPPFLAGS=-I/root/.ppkg/run/2404/linux-musl-x86_64/uctags/include -DNDEBUG -I/root/.ppkg/installed/linux-musl-x86_64/libjansson/include -I/root/.ppkg/installed/linux-musl-x86_64/libyaml/include -I/root/.ppkg/installed/linux-musl-x86_64/libiconv/include -I/root/.ppkg/installed/linux-musl-x86_64/libz/include -I/root/.ppkg/installed/linux-musl-x86_64/libxml2/include ' 'LDFLAGS=-static --static -ffunction-sections -fdata-sections -Wl,--gc-sections -L/root/.ppkg/run/2404/linux-musl-x86_64/uctags/lib -Wl,--as-needed -flto -Wl,-s -L/root/.ppkg/installed/linux-musl-x86_64/libjansson/lib -Wl,-rpath,/root/.ppkg/installed/linux-musl-x86_64/libjansson/lib -L/root/.ppkg/installed/linux-musl-x86_64/libyaml/lib -Wl,-rpath,/root/.ppkg/installed/linux-musl-x86_64/libyaml/lib -L/root/.ppkg/installed/linux-musl-x86_64/libiconv/lib -Wl,-rpath,/root/.ppkg/installed/linux-musl-x86_64/libiconv/lib -L/root/.ppkg/installed/linux-musl-x86_64/libz/lib -Wl,-rpath,/root/.ppkg/installed/linux-musl-x86_64/libz/lib -L/root/.ppkg/installed/linux-musl-x86_64/libxml2/lib -Wl,-rpath,/root/.ppkg/installed/linux-musl-x86_64/libxml2/lib' AR=/usr/bin/ar RANLIB=/usr/bin/ranlib PKG_CONFIG=/root/.uppm/installed/pkg-config/bin/pkg-config PKG_CONFIG_PATH=/root/.ppkg/run/2404/linux-musl-x86_64/uctags/lib/pkgconfig::/root/.ppkg/installed/linux-musl-x86_64/libjansson/lib/pkgconfig:/root/.ppkg/installed/linux-musl-x86_64/libyaml/lib/pkgconfig:/root/.ppkg/installed/linux-musl-x86_64/libiconv/lib/pkgconfig:/root/.ppkg/installed/linux-musl-x86_64/libz/lib/pkgconfig:/root/.ppkg/installed/linux-musl-x86_64/libxml2/lib/pkgconfig PKG_CONFIG_LIBDIR=/root/.ppkg/run/2404/linux-musl-x86_64/uctags/lib/pkgconfig CC_FOR_BUILD=/root/.ppkg/core/wrapper-native-cc

## --------- ##
## Platform. ##
## --------- ##

hostname = runnervm3jyl0
uname -m = x86_64
uname -r = 6.17.0-1015-azure
uname -s = Linux
uname -v = #15~24.04.1-Ubuntu SMP Wed May  6 22:37:49 UTC 2026

/usr/bin/uname -p = unknown
/bin/uname -X     = unknown

/bin/arch              = x86_64
/usr/bin/arch -k       = unknown
/usr/convex/getsysinfo = unknown
/usr/bin/hostinfo      = unknown
/bin/machine           = unknown
/usr/bin/oslevel       = unknown
/bin/universe          = unknown

PATH: /root/.ppkg/run/2404/linux-musl-x86_64/uctags/bin/
PATH: /root/.ppkg/native/automake/bin/
PATH: /root/.ppkg/native/autoconf/bin/
PATH: /root/.ppkg/native/autoconf/bin/
PATH: /root/.uppm/installed/tree/bin/
PATH: /root/.uppm/installed/patchelf/bin/
PATH: /root/.uppm/installed/pkg-config/bin/
PATH: /root/.uppm/installed/gmake/bin/
PATH: /root/.uppm/installed/gm4/bin/
PATH: /root/.uppm/installed/gmake/bin/
PATH: /root/.uppm/installed/perl/bin/
PATH: /root/.uppm/installed/gm4/bin/
PATH: /root/.uppm/installed/gmake/bin/
PATH: /root/.uppm/installed/perl/bin/
PATH: /root/.uppm/installed/perl/bin/
PATH: /root/.uppm/installed/gm4/bin/
PATH: /root/.uppm/installed/gmake/bin/
PATH: /root/.uppm/installed/git/bin/
PATH: /root/.ppkg/installed/linux-musl-x86_64/libxml2/bin/
PATH: /root/.ppkg/installed/linux-musl-x86_64/libiconv/bin/
PATH: /root/.ppkg/core/bin/
PATH: /root/.uppm/installed/bash/bin/
PATH: /root/.uppm/installed/coreutils/bin/
PATH: /root/.uppm/installed/findutils/bin/
PATH: /root/.uppm/installed/gawk/bin/
PATH: /root/.uppm/installed/gsed/bin/
PATH: /root/.uppm/installed/grep/bin/
PATH: /root/.uppm/installed/bsdtar/bin/
PATH: /root/.uppm/installed/git/bin/
PATH: /root/.uppm/installed/curl/bin/
PATH: /root/.uppm/installed/tree/bin/
PATH: /root/.uppm/installed/sysinfo/bin/
PATH: /root/.uppm/installed/fzf/bin/
PATH: /root/.uppm/installed/jq/bin/
PATH: /root/.uppm/installed/yq/bin/
PATH: /root/.uppm/installed/d2/bin/
PATH: /root/.uppm/installed/dot_static/bin/
PATH: /root/.uppm/installed/bat/bin/
PATH: /root/perl5/bin/
PATH: /root/.local/bin/
PATH: /root/.cargo/bin/
PATH: /usr/local/sbin/
PATH: /usr/local/bin/
PATH: /usr/sbin/
PATH: /usr/bin/
PATH: /sbin/
PATH: /bin/


## ----------- ##
## Core tests. ##
## ----------- ##

configure:3692: looking for aux files: compile config.guess config.sub missing install-sh
configure:3705:  trying /root/.ppkg/run/2404/linux-musl-x86_64/uctags/src/
configure:3734:   /root/.ppkg/run/2404/linux-musl-x86_64/uctags/src/compile found
configure:3734:   /root/.ppkg/run/2404/linux-musl-x86_64/uctags/src/config.guess found
configure:3734:   /root/.ppkg/run/2404/linux-musl-x86_64/uctags/src/config.sub found
configure:3734:   /root/.ppkg/run/2404/linux-musl-x86_64/uctags/src/missing found
configure:3716:   /root/.ppkg/run/2404/linux-musl-x86_64/uctags/src/install-sh found
configure:3881: checking for a BSD-compatible install
configure:3955: result: /root/.uppm/installed/coreutils/bin/install -c
configure:3966: checking whether sleep supports fractional seconds
configure:3982: result: yes
configure:3985: checking filesystem timestamp resolution
configure:4120: result: 0.01
configure:4125: checking whether build environment is sane
configure:4170: result: yes
configure:4341: checking for a race-free mkdir -p
configure:4384: result: /root/.uppm/installed/coreutils/bin/mkdir -p
configure:4391: checking for gawk
configure:4412: found /root/.uppm/installed/gawk/bin/gawk
configure:4424: result: gawk
configure:4435: checking whether make sets $(MAKE)
configure:4459: result: yes
configure:4485: checking whether make supports nested variables
configure:4504: result: yes
configure:4518: checking xargs -n works
configure:4534: result: yes
configure:4619: checking whether UID '0' is supported by ustar format
configure:4625: result: yes
configure:4632: checking whether GID '0' is supported by ustar format
configure:4638: result: yes
configure:4646: checking how to create a ustar tar archive
configure:4657: tar --version
tar (busybox) 1.37.0
configure:4660: $? = 0
configure:4700: tardir=conftest.dir && eval tar --format=ustar -chf - "$tardir" >conftest.tar
tar: unrecognized option: format=ustar
BusyBox v1.37.0 (2025-12-16 14:19:28 UTC) multi-call binary.

Usage: tar c|x|t [-ZzJjahmvokO] [-f TARFILE] [-C DIR] [-T FILE] [-X FILE] [LONGOPT]... [FILE]...

Create, extract, or list files from a tar file

	c	Create
	x	Extract
	t	List
	-f FILE	Name of TARFILE ('-' for stdin/out)
	-C DIR	Change to DIR before operation
	-v	Verbose
	-O	Extract to stdout
	-m	Don't restore mtime
	-o	Don't restore user:group
	-k	Don't replace existing files
	-Z	(De)compress using compress
	-z	(De)compress using gzip
	-J	(De)compress using xz
	-j	(De)compress using bzip2
	--lzma	(De)compress using lzma
	-a	(De)compress based on extension
	-h	Follow symlinks
	-T FILE	File with names to include
	-X FILE	File with glob patterns to exclude
	--exclude PATTERN	Glob pattern to exclude
	--overwrite		Replace existing files
	--strip-components NUM	NUM of leading components to strip
	--no-recursion		Don't descend in directories
	--numeric-owner		Use numeric user:group
	--no-same-permissions	Don't restore access permissions
configure:4703: $? = 1
configure:4700: tardir=conftest.dir && eval pax -L -x ustar -w "$tardir" >conftest.tar
/root/.ppkg/run/2404/linux-musl-x86_64/uctags/src/configure: eval: line 4701: pax: not found
configure:4703: $? = 127
configure:4700: tardir=conftest.dir && eval find "$tardir" -print | cpio -o -H ustar -L >conftest.tar
BusyBox v1.37.0 (2025-12-16 14:19:28 UTC) multi-call binary.

Usage: cpio [-dmvu] [-F FILE] [-R USER[:GRP]] [-H newc] [-tio] [-p DIR] [EXTR_FILE]...

Extract (-i) or list (-t) files from a cpio archive on stdin, or
take file list from stdin and create an archive (-o) or copy files (-p)

Main operation mode:
	-t	List
	-i	Extract EXTR_FILEs (or all)
	-o	Create (requires -H newc)
	-p DIR	Copy files to DIR
Options:
	-H newc	Archive format
	-d	Make leading directories
	-m	Restore mtime
	-v	Verbose
	-u	Overwrite
	-F FILE	Input (-t,-i,-p) or output (-o) file
	-R USER[:GRP]	Set owner of created files
	-L	Dereference symlinks
	-0	NUL terminated input
	--ignore-devno
	--renumber-inodes
configure:4703: $? = 1
configure:4700: tardir=conftest.dir && eval false >conftest.tar
configure:4703: $? = 1
configure:4730: result: none
configure:4771: checking build system type
configure:4787: result: x86_64-pc-linux-musl
configure:4807: checking host system type
configure:4822: result: x86_64-pc-linux-musl
configure:5123: checking for gcc
configure:5156: result: /root/.ppkg/core/wrapper-target-cc
configure:5515: checking for C compiler version
configure:5524: /root/.ppkg/core/wrapper-target-cc --version >&5
gcc (Alpine 15.2.0) 15.2.0
Copyright (C) 2025 Free Software Foundation, Inc.
This is free software; see the source for copying conditions.  There is NO
warranty; not even for MERCHANTABILITY or FITNESS FOR A PARTICULAR PURPOSE.

configure:5535: $? = 0
configure:5524: /root/.ppkg/core/wrapper-target-cc -v >&5
Using built-in specs.
COLLECT_GCC=/usr/bin/gcc
COLLECT_LTO_WRAPPER=/usr/libexec/gcc/x86_64-alpine-linux-musl/15.2.0/lto-wrapper
Target: x86_64-alpine-linux-musl
Configured with: /home/buildozer/aports/main/gcc/src/gcc-15.2.0/configure --prefix=/usr --mandir=/usr/share/man --infodir=/usr/share/info --build=x86_64-alpine-linux-musl --host=x86_64-alpine-linux-musl --target=x86_64-alpine-linux-musl --enable-checking=release --disable-cet --disable-fixed-point --disable-libstdcxx-pch --disable-multilib --disable-nls --disable-werror --disable-symvers --enable-__cxa_atexit --enable-default-pie --enable-default-ssp --enable-languages=c,c++,d,objc,go,fortran,ada --enable-link-serialization=2 --enable-linker-build-id --disable-libssp --enable-libsanitizer --enable-shared --enable-threads --enable-tls --with-bugurl=https://gitlab.alpinelinux.org/alpine/aports/-/issues --with-system-zlib --with-linker-hash-style=gnu --with-pkgversion='Alpine 15.2.0'
Thread model: posix
Supported LTO compression algorithms: zlib
gcc version 15.2.0 (Alpine 15.2.0) 
configure:5535: $? = 0
configure:5524: /root/.ppkg/core/wrapper-target-cc -V >&5
gcc: error: unrecognized command-line option '-V'
gcc: fatal error: no input files
compilation terminated.
configure:5535: $? = 1
configure:5524: /root/.ppkg/core/wrapper-target-cc -qversion >&5
gcc: error: unrecognized command-line option '-qversion'; did you mean '--version'?
gcc: fatal error: no input files
compilation terminated.
configure:5535: $? = 1
configure:5524: /root/.ppkg/core/wrapper-target-cc -version >&5
gcc: error: unrecognized command-line option '-version'
gcc: fatal error: no input files
compilation terminated.
configure:5535: $? = 1
configure:5555: checking whether the C compiler works
configure:5577: /root/.ppkg/core/wrapper-target-cc  -Os  -I/root/.ppkg/run/2404/linux-musl-x86_64/uctags/include -DNDEBUG -I/root/.ppkg/installed/linux-musl-x86_64/libjansson/include -I/root/.ppkg/installed/linux-musl-x86_64/libyaml/include -I/root/.ppkg/installed/linux-musl-x86_64/libiconv/include -I/root/.ppkg/installed/linux-musl-x86_64/libz/include -I/root/.ppkg/installed/linux-musl-x86_64/libxml2/include  -static --static -ffunction-sections -fdata-sections -Wl,--gc-sections -L/root/.ppkg/run/2404/linux-musl-x86_64/uctags/lib -Wl,--as-needed -flto -Wl,-s -L/root/.ppkg/installed/linux-musl-x86_64/libjansson/lib -Wl,-rpath,/root/.ppkg/installed/linux-musl-x86_64/libjansson/lib -L/root/.ppkg/installed/linux-musl-x86_64/libyaml/lib -Wl,-rpath,/root/.ppkg/installed/linux-musl-x86_64/libyaml/lib -L/root/.ppkg/installed/linux-musl-x86_64/libiconv/lib -Wl,-rpath,/root/.ppkg/installed/linux-musl-x86_64/libiconv/lib -L/root/.ppkg/installed/linux-musl-x86_64/libz/lib -Wl,-rpath,/root/.ppkg/installed/linux-musl-x86_64/libz/lib -L/root/.ppkg/installed/linux-musl-x86_64/libxml2/lib -Wl,-rpath,/root/.ppkg/installed/linux-musl-x86_64/libxml2/lib conftest.c  >&5
configure:5581: $? = 0
configure:5632: result: yes
configure:5636: checking for C compiler default output file name
configure:5638: result: a.out
configure:5644: checking for suffix of executables
configure:5651: /root/.ppkg/core/wrapper-target-cc -o conftest  -Os  -I/root/.ppkg/run/2404/linux-musl-x86_64/uctags/include -DNDEBUG -I/root/.ppkg/installed/linux-musl-x86_64/libjansson/include -I/root/.ppkg/installed/linux-musl-x86_64/libyaml/include -I/root/.ppkg/installed/linux-musl-x86_64/libiconv/include -I/root/.ppkg/installed/linux-musl-x86_64/libz/include -I/root/.ppkg/installed/linux-musl-x86_64/libxml2/include  -static --static -ffunction-sections -fdata-sections -Wl,--gc-sections -L/root/.ppkg/run/2404/linux-musl-x86_64/uctags/lib -Wl,--as-needed -flto -Wl,-s -L/root/.ppkg/installed/linux-musl-x86_64/libjansson/lib -Wl,-rpath,/root/.ppkg/installed/linux-musl-x86_64/libjansson/lib -L/root/.ppkg/installed/linux-musl-x86_64/libyaml/lib -Wl,-rpath,/root/.ppkg/installed/linux-musl-x86_64/libyaml/lib -L/root/.ppkg/installed/linux-musl-x86_64/libiconv/lib -Wl,-rpath,/root/.ppkg/installed/linux-musl-x86_64/libiconv/lib -L/root/.ppkg/installed/linux-musl-x86_64/libz/lib -Wl,-rpath,/root/.ppkg/installed/linux-musl-x86_64/libz/lib -L/root/.ppkg/installed/linux-musl-x86_64/libxml2/lib -Wl,-rpath,/root/.ppkg/installed/linux-musl-x86_64/libxml2/lib conftest.c  >&5
configure:5655: $? = 0
configure:5679: result: 
configure:5703: checking whether we are cross compiling
configure:5711: /root/.ppkg/core/wrapper-target-cc -o conftest  -Os  -I/root/.ppkg/run/2404/linux-musl-x86_64/uctags/include -DNDEBUG -I/root/.ppkg/installed/linux-musl-x86_64/libjansson/include -I/root/.ppkg/installed/linux-musl-x86_64/libyaml/include -I/root/.ppkg/installed/linux-musl-x86_64/libiconv/include -I/root/.ppkg/installed/linux-musl-x86_64/libz/include -I/root/.ppkg/installed/linux-musl-x86_64/libxml2/include  -static --static -ffunction-sections -fdata-sections -Wl,--gc-sections -L/root/.ppkg/run/2404/linux-musl-x86_64/uctags/lib -Wl,--as-needed -flto -Wl,-s -L/root/.ppkg/installed/linux-musl-x86_64/libjansson/lib -Wl,-rpath,/root/.ppkg/installed/linux-musl-x86_64/libjansson/lib -L/root/.ppkg/installed/linux-musl-x86_64/libyaml/lib -Wl,-rpath,/root/.ppkg/installed/linux-musl-x86_64/libyaml/lib -L/root/.ppkg/installed/linux-musl-x86_64/libiconv/lib -Wl,-rpath,/root/.ppkg/installed/linux-musl-x86_64/libiconv/lib -L/root/.ppkg/installed/linux-musl-x86_64/libz/lib -Wl,-rpath,/root/.ppkg/installed/linux-musl-x86_64/libz/lib -L/root/.ppkg/installed/linux-musl-x86_64/libxml2/lib -Wl,-rpath,/root/.ppkg/installed/linux-musl-x86_64/libxml2/lib conftest.c  >&5
configure:5715: $? = 0
configure:5722: ./conftest
configure:5726: $? = 0
configure:5741: result: no
configure:5747: checking for suffix of object files
configure:5770: /root/.ppkg/core/wrapper-target-cc -c  -Os  -I/root/.ppkg/run/2404/linux-musl-x86_64/uctags/include -DNDEBUG -I/root/.ppkg/installed/linux-musl-x86_64/libjansson/include -I/root/.ppkg/installed/linux-musl-x86_64/libyaml/include -I/root/.ppkg/installed/linux-musl-x86_64/libiconv/include -I/root/.ppkg/installed/linux-musl-x86_64/libz/include -I/root/.ppkg/installed/linux-musl-x86_64/libxml2/include  conftest.c >&5
configure:5774: $? = 0
configure:5798: result: o
configure:5802: checking whether the compiler supports GNU C
configure:5822: /root/.ppkg/core/wrapper-target-cc -c  -Os  -I/root/.ppkg/run/2404/linux-musl-x86_64/uctags/include -DNDEBUG -I/root/.ppkg/installed/linux-musl-x86_64/libjansson/include -I/root/.ppkg/installed/linux-musl-x86_64/libyaml/include -I/root/.ppkg/installed/linux-musl-x86_64/libiconv/include -I/root/.ppkg/installed/linux-musl-x86_64/libz/include -I/root/.ppkg/installed/linux-musl-x86_64/libxml2/include  conftest.c >&5
configure:5822: $? = 0
configure:5834: result: yes
configure:5845: checking whether /root/.ppkg/core/wrapper-target-cc accepts -g
configure:5866: /root/.ppkg/core/wrapper-target-cc -c -g -I/root/.ppkg/run/2404/linux-musl-x86_64/uctags/include -DNDEBUG -I/root/.ppkg/installed/linux-musl-x86_64/libjansson/include -I/root/.ppkg/installed/linux-musl-x86_64/libyaml/include -I/root/.ppkg/installed/linux-musl-x86_64/libiconv/include -I/root/.ppkg/installed/linux-musl-x86_64/libz/include -I/root/.ppkg/installed/linux-musl-x86_64/libxml2/include  conftest.c >&5
configure:5866: $? = 0
configure:5913: result: yes
configure:5933: checking for /root/.ppkg/core/wrapper-target-cc option to enable C11 features
configure:5948: /root/.ppkg/core/wrapper-target-cc  -c  -Os  -I/root/.ppkg/run/2404/linux-musl-x86_64/uctags/include -DNDEBUG -I/root/.ppkg/installed/linux-musl-x86_64/libjansson/include -I/root/.ppkg/installed/linux-musl-x86_64/libyaml/include -I/root/.ppkg/installed/linux-musl-x86_64/libiconv/include -I/root/.ppkg/installed/linux-musl-x86_64/libz/include -I/root/.ppkg/installed/linux-musl-x86_64/libxml2/include  conftest.c >&5
configure:5948: $? = 0
configure:5967: result: none needed
configure:6091: checking whether /root/.ppkg/core/wrapper-target-cc understands -c and -o together
configure:6114: /root/.ppkg/core/wrapper-target-cc -c conftest.c -o conftest2.o
configure:6117: $? = 0
configure:6114: /root/.ppkg/core/wrapper-target-cc -c conftest.c -o conftest2.o
configure:6117: $? = 0
configure:6133: result: yes
configure:6151: checking whether the compiler is clang
configure:6173: /root/.ppkg/core/wrapper-target-cc -c  -Os  -I/root/.ppkg/run/2404/linux-musl-x86_64/uctags/include -DNDEBUG -I/root/.ppkg/installed/linux-musl-x86_64/libjansson/include -I/root/.ppkg/installed/linux-musl-x86_64/libyaml/include -I/root/.ppkg/installed/linux-musl-x86_64/libiconv/include -I/root/.ppkg/installed/linux-musl-x86_64/libz/include -I/root/.ppkg/installed/linux-musl-x86_64/libxml2/include  conftest.c >&5
configure:6173: $? = 0
configure:6184: result: no
configure:6188: checking for compiler option needed when checking for declarations
configure:6223: result: none
configure:6235: checking whether make supports the include directive
configure:6250: make -f confmf.GNU && cat confinc.out
this is the am__doit target
configure:6253: $? = 0
configure:6272: result: yes (GNU style)
configure:6298: checking dependency style of /root/.ppkg/core/wrapper-target-cc
configure:6411: result: gcc3
configure:6428: checking for inline
configure:6445: /root/.ppkg/core/wrapper-target-cc -c  -Os  -I/root/.ppkg/run/2404/linux-musl-x86_64/uctags/include -DNDEBUG -I/root/.ppkg/installed/linux-musl-x86_64/libjansson/include -I/root/.ppkg/installed/linux-musl-x86_64/libyaml/include -I/root/.ppkg/installed/linux-musl-x86_64/libiconv/include -I/root/.ppkg/installed/linux-musl-x86_64/libz/include -I/root/.ppkg/installed/linux-musl-x86_64/libxml2/include  conftest.c >&5
configure:6445: $? = 0
configure:6455: result: inline
configure:6479: checking for stdio.h
configure:6479: /root/.ppkg/core/wrapper-target-cc -c  -Os  -I/root/.ppkg/run/2404/linux-musl-x86_64/uctags/include -DNDEBUG -I/root/.ppkg/installed/linux-musl-x86_64/libjansson/include -I/root/.ppkg/installed/linux-musl-x86_64/libyaml/include -I/root/.ppkg/installed/linux-musl-x86_64/libiconv/include -I/root/.ppkg/installed/linux-musl-x86_64/libz/include -I/root/.ppkg/installed/linux-musl-x86_64/libxml2/include  conftest.c >&5
configure:6479: $? = 0
configure:6479: result: yes
configure:6479: checking for stdlib.h
configure:6479: /root/.ppkg/core/wrapper-target-cc -c  -Os  -I/root/.ppkg/run/2404/linux-musl-x86_64/uctags/include -DNDEBUG -I/root/.ppkg/installed/linux-musl-x86_64/libjansson/include -I/root/.ppkg/installed/linux-musl-x86_64/libyaml/include -I/root/.ppkg/installed/linux-musl-x86_64/libiconv/include -I/root/.ppkg/installed/linux-musl-x86_64/libz/include -I/root/.ppkg/installed/linux-musl-x86_64/libxml2/include  conftest.c >&5
configure:6479: $? = 0
configure:6479: result: yes
configure:6479: checking for string.h
configure:6479: /root/.ppkg/core/wrapper-target-cc -c  -Os  -I/root/.ppkg/run/2404/linux-musl-x86_64/uctags/include -DNDEBUG -I/root/.ppkg/installed/linux-musl-x86_64/libjansson/include -I/root/.ppkg/installed/linux-musl-x86_64/libyaml/include -I/root/.ppkg/installed/linux-musl-x86_64/libiconv/include -I/root/.ppkg/installed/linux-musl-x86_64/libz/include -I/root/.ppkg/installed/linux-musl-x86_64/libxml2/include  conftest.c >&5
configure:6479: $? = 0
configure:6479: result: yes
configure:6479: checking for inttypes.h
configure:6479: /root/.ppkg/core/wrapper-target-cc -c  -Os  -I/root/.ppkg/run/2404/linux-musl-x86_64/uctags/include -DNDEBUG -I/root/.ppkg/installed/linux-musl-x86_64/libjansson/include -I/root/.ppkg/installed/linux-musl-x86_64/libyaml/include -I/root/.ppkg/installed/linux-musl-x86_64/libiconv/include -I/root/.ppkg/installed/linux-musl-x86_64/libz/include -I/root/.ppkg/installed/linux-musl-x86_64/libxml2/include  conftest.c >&5
configure:6479: $? = 0
configure:6479: result: yes
configure:6479: checking for stdint.h
configure:6479: /root/.ppkg/core/wrapper-target-cc -c  -Os  -I/root/.ppkg/run/2404/linux-musl-x86_64/uctags/include -DNDEBUG -I/root/.ppkg/installed/linux-musl-x86_64/libjansson/include -I/root/.ppkg/installed/linux-musl-x86_64/libyaml/include -I/root/.ppkg/installed/linux-musl-x86_64/libiconv/include -I/root/.ppkg/installed/linux-musl-x86_64/libz/include -I/root/.ppkg/installed/linux-musl-x86_64/libxml2/include  conftest.c >&5
configure:6479: $? = 0
configure:6479: result: yes
configure:6479: checking for strings.h
configure:6479: /root/.ppkg/core/wrapper-target-cc -c  -Os  -I/root/.ppkg/run/2404/linux-musl-x86_64/uctags/include -DNDEBUG -I/root/.ppkg/installed/linux-musl-x86_64/libjansson/include -I/root/.ppkg/installed/linux-musl-x86_64/libyaml/include -I/root/.ppkg/installed/linux-musl-x86_64/libiconv/include -I/root/.ppkg/installed/linux-musl-x86_64/libz/include -I/root/.ppkg/installed/linux-musl-x86_64/libxml2/include  conftest.c >&5
configure:6479: $? = 0
configure:6479: result: yes
configure:6479: checking for sys/stat.h
configure:6479: /root/.ppkg/core/wrapper-target-cc -c  -Os  -I/root/.ppkg/run/2404/linux-musl-x86_64/uctags/include -DNDEBUG -I/root/.ppkg/installed/linux-musl-x86_64/libjansson/include -I/root/.ppkg/installed/linux-musl-x86_64/libyaml/include -I/root/.ppkg/installed/linux-musl-x86_64/libiconv/include -I/root/.ppkg/installed/linux-musl-x86_64/libz/include -I/root/.ppkg/installed/linux-musl-x86_64/libxml2/include  conftest.c >&5
configure:6479: $? = 0
configure:6479: result: yes
configure:6479: checking for sys/types.h
configure:6479: /root/.ppkg/core/wrapper-target-cc -c  -Os  -I/root/.ppkg/run/2404/linux-musl-x86_64/uctags/include -DNDEBUG -I/root/.ppkg/installed/linux-musl-x86_64/libjansson/include -I/root/.ppkg/installed/linux-musl-x86_64/libyaml/include -I/root/.ppkg/installed/linux-musl-x86_64/libiconv/include -I/root/.ppkg/installed/linux-musl-x86_64/libz/include -I/root/.ppkg/installed/linux-musl-x86_64/libxml2/include  conftest.c >&5
configure:6479: $? = 0
configure:6479: result: yes
configure:6479: checking for unistd.h
configure:6479: /root/.ppkg/core/wrapper-target-cc -c  -Os  -I/root/.ppkg/run/2404/linux-musl-x86_64/uctags/include -DNDEBUG -I/root/.ppkg/installed/linux-musl-x86_64/libjansson/include -I/root/.ppkg/installed/linux-musl-x86_64/libyaml/include -I/root/.ppkg/installed/linux-musl-x86_64/libiconv/include -I/root/.ppkg/installed/linux-musl-x86_64/libz/include -I/root/.ppkg/installed/linux-musl-x86_64/libxml2/include  conftest.c >&5
configure:6479: $? = 0
configure:6479: result: yes
configure:6479: checking for wchar.h
configure:6479: /root/.ppkg/core/wrapper-target-cc -c  -Os  -I/root/.ppkg/run/2404/linux-musl-x86_64/uctags/include -DNDEBUG -I/root/.ppkg/installed/linux-musl-x86_64/libjansson/include -I/root/.ppkg/installed/linux-musl-x86_64/libyaml/include -I/root/.ppkg/installed/linux-musl-x86_64/libiconv/include -I/root/.ppkg/installed/linux-musl-x86_64/libz/include -I/root/.ppkg/installed/linux-musl-x86_64/libxml2/include  conftest.c >&5
configure:6479: $? = 0
configure:6479: result: yes
configure:6479: checking for minix/config.h
configure:6479: /root/.ppkg/core/wrapper-target-cc -c  -Os  -I/root/.ppkg/run/2404/linux-musl-x86_64/uctags/include -DNDEBUG -I/root/.ppkg/installed/linux-musl-x86_64/libjansson/include -I/root/.ppkg/installed/linux-musl-x86_64/libyaml/include -I/root/.ppkg/installed/linux-musl-x86_64/libiconv/include -I/root/.ppkg/installed/linux-musl-x86_64/libz/include -I/root/.ppkg/installed/linux-musl-x86_64/libxml2/include  conftest.c >&5
conftest.c:51:10: fatal error: minix/config.h: No such file or directory
   51 | #include <minix/config.h>
      |          ^~~~~~~~~~~~~~~~
compilation terminated.
configure:6479: $? = 1
configure: failed program was:
| /* confdefs.h */
| #define PACKAGE_NAME "universal-ctags"
| #define PACKAGE_TARNAME "universal-ctags"
| #define PACKAGE_VERSION "6.2.0"
| #define PACKAGE_STRING "universal-ctags 6.2.0"
| #define PACKAGE_BUGREPORT ""
| #define PACKAGE_URL ""
| #define PACKAGE "universal-ctags"
| #define VERSION "6.2.0"
| #define DEFAULT_FILE_FORMAT 2
| #define ETAGS "etags"
| #define HAVE_STDIO_H 1
| #define HAVE_STDLIB_H 1
| #define HAVE_STRING_H 1
| #define HAVE_INTTYPES_H 1
| #define HAVE_STDINT_H 1
| #define HAVE_STRINGS_H 1
| #define HAVE_SYS_STAT_H 1
| #define HAVE_SYS_TYPES_H 1
| #define HAVE_UNISTD_H 1
| #define HAVE_WCHAR_H 1
| /* end confdefs.h.  */
| #include <stddef.h>
| #ifdef HAVE_STDIO_H
| # include <stdio.h>
| #endif
| #ifdef HAVE_STDLIB_H
| # include <stdlib.h>
| #endif
| #ifdef HAVE_STRING_H
| # include <string.h>
| #endif
| #ifdef HAVE_INTTYPES_H
| # include <inttypes.h>
| #endif
| #ifdef HAVE_STDINT_H
| # include <stdint.h>
| #endif
| #ifdef HAVE_STRINGS_H
| # include <strings.h>
| #endif
| #ifdef HAVE_SYS_TYPES_H
| # include <sys/types.h>
| #endif
| #ifdef HAVE_SYS_STAT_H
| # include <sys/stat.h>
| #endif
| #ifdef HAVE_UNISTD_H
| # include <unistd.h>
| #endif
| #include <minix/config.h>
configure:6479: result: no
configure:6479: checking for fnmatch.h
configure:6479: /root/.ppkg/core/wrapper-target-cc -c  -Os  -I/root/.ppkg/run/2404/linux-musl-x86_64/uctags/include -DNDEBUG -I/root/.ppkg/installed/linux-musl-x86_64/libjansson/include -I/root/.ppkg/installed/linux-musl-x86_64/libyaml/include -I/root/.ppkg/installed/linux-musl-x86_64/libiconv/include -I/root/.ppkg/installed/linux-musl-x86_64/libz/include -I/root/.ppkg/installed/linux-musl-x86_64/libxml2/include  conftest.c >&5
configure:6479: $? = 0
configure:6479: result: yes
configure:6479: checking for threads.h
configure:6479: /root/.ppkg/core/wrapper-target-cc -c  -Os  -I/root/.ppkg/run/2404/linux-musl-x86_64/uctags/include -DNDEBUG -I/root/.ppkg/installed/linux-musl-x86_64/libjansson/include -I/root/.ppkg/installed/linux-musl-x86_64/libyaml/include -I/root/.ppkg/installed/linux-musl-x86_64/libiconv/include -I/root/.ppkg/installed/linux-musl-x86_64/libz/include -I/root/.ppkg/installed/linux-musl-x86_64/libxml2/include  conftest.c >&5
configure:6479: $? = 0
configure:6479: result: yes
configure:6479: checking for limits.h
configure:6479: /root/.ppkg/core/wrapper-target-cc -c  -Os  -I/root/.ppkg/run/2404/linux-musl-x86_64/uctags/include -DNDEBUG -I/root/.ppkg/installed/linux-musl-x86_64/libjansson/include -I/root/.ppkg/installed/linux-musl-x86_64/libyaml/include -I/root/.ppkg/installed/linux-musl-x86_64/libiconv/include -I/root/.ppkg/installed/linux-musl-x86_64/libz/include -I/root/.ppkg/installed/linux-musl-x86_64/libxml2/include  conftest.c >&5
configure:6479: $? = 0
configure:6479: result: yes
configure:6479: checking for langinfo.h
configure:6479: /root/.ppkg/core/wrapper-target-cc -c  -Os  -I/root/.ppkg/run/2404/linux-musl-x86_64/uctags/include -DNDEBUG -I/root/.ppkg/installed/linux-musl-x86_64/libjansson/include -I/root/.ppkg/installed/linux-musl-x86_64/libyaml/include -I/root/.ppkg/installed/linux-musl-x86_64/libiconv/include -I/root/.ppkg/installed/linux-musl-x86_64/libz/include -I/root/.ppkg/installed/linux-musl-x86_64/libxml2/include  conftest.c >&5
configure:6479: $? = 0
configure:6479: result: yes
configure:6479: checking for xlocale.h
configure:6479: /root/.ppkg/core/wrapper-target-cc -c  -Os  -I/root/.ppkg/run/2404/linux-musl-x86_64/uctags/include -DNDEBUG -I/root/.ppkg/installed/linux-musl-x86_64/libjansson/include -I/root/.ppkg/installed/linux-musl-x86_64/libyaml/include -I/root/.ppkg/installed/linux-musl-x86_64/libiconv/include -I/root/.ppkg/installed/linux-musl-x86_64/libz/include -I/root/.ppkg/installed/linux-musl-x86_64/libxml2/include  conftest.c >&5
conftest.c:55:10: fatal error: xlocale.h: No such file or directory
   55 | #include <xlocale.h>
      |          ^~~~~~~~~~~
compilation terminated.
configure:6479: $? = 1
configure: failed program was:
| /* confdefs.h */
| #define PACKAGE_NAME "universal-ctags"
| #define PACKAGE_TARNAME "universal-ctags"
| #define PACKAGE_VERSION "6.2.0"
| #define PACKAGE_STRING "universal-ctags 6.2.0"
| #define PACKAGE_BUGREPORT ""
| #define PACKAGE_URL ""
| #define PACKAGE "universal-ctags"
| #define VERSION "6.2.0"
| #define DEFAULT_FILE_FORMAT 2
| #define ETAGS "etags"
| #define HAVE_STDIO_H 1
| #define HAVE_STDLIB_H 1
| #define HAVE_STRING_H 1
| #define HAVE_INTTYPES_H 1
| #define HAVE_STDINT_H 1
| #define HAVE_STRINGS_H 1
| #define HAVE_SYS_STAT_H 1
| #define HAVE_SYS_TYPES_H 1
| #define HAVE_UNISTD_H 1
| #define HAVE_WCHAR_H 1
| #define HAVE_FNMATCH_H 1
| #define HAVE_THREADS_H 1
| #define HAVE_LIMITS_H 1
| #define HAVE_LANGINFO_H 1
| /* end confdefs.h.  */
| #include <stddef.h>
| #ifdef HAVE_STDIO_H
| # include <stdio.h>
| #endif
| #ifdef HAVE_STDLIB_H
| # include <stdlib.h>
| #endif
| #ifdef HAVE_STRING_H
| # include <string.h>
| #endif
| #ifdef HAVE_INTTYPES_H
| # include <inttypes.h>
| #endif
| #ifdef HAVE_STDINT_H
| # include <stdint.h>
| #endif
| #ifdef HAVE_STRINGS_H
| # include <strings.h>
| #endif
| #ifdef HAVE_SYS_TYPES_H
| # include <sys/types.h>
| #endif
| #ifdef HAVE_SYS_STAT_H
| # include <sys/stat.h>
| #endif
| #ifdef HAVE_UNISTD_H
| # include <unistd.h>
| #endif
| #include <xlocale.h>
configure:6479: result: no
configure:6479: checking for sys/mman.h
configure:6479: /root/.ppkg/core/wrapper-target-cc -c  -Os  -I/root/.ppkg/run/2404/linux-musl-x86_64/uctags/include -DNDEBUG -I/root/.ppkg/installed/linux-musl-x86_64/libjansson/include -I/root/.ppkg/installed/linux-musl-x86_64/libyaml/include -I/root/.ppkg/installed/linux-musl-x86_64/libiconv/include -I/root/.ppkg/installed/linux-musl-x86_64/libz/include -I/root/.ppkg/installed/linux-musl-x86_64/libxml2/include  conftest.c >&5
configure:6479: $? = 0
configure:6479: result: yes
configure:6479: checking for malloc.h
configure:6479: /root/.ppkg/core/wrapper-target-cc -c  -Os  -I/root/.ppkg/run/2404/linux-musl-x86_64/uctags/include -DNDEBUG -I/root/.ppkg/installed/linux-musl-x86_64/libjansson/include -I/root/.ppkg/installed/linux-musl-x86_64/libyaml/include -I/root/.ppkg/installed/linux-musl-x86_64/libiconv/include -I/root/.ppkg/installed/linux-musl-x86_64/libz/include -I/root/.ppkg/installed/linux-musl-x86_64/libxml2/include  conftest.c >&5
configure:6479: $? = 0
configure:6479: result: yes
configure:6479: checking for features.h
configure:6479: /root/.ppkg/core/wrapper-target-cc -c  -Os  -I/root/.ppkg/run/2404/linux-musl-x86_64/uctags/include -DNDEBUG -I/root/.ppkg/installed/linux-musl-x86_64/libjansson/include -I/root/.ppkg/installed/linux-musl-x86_64/libyaml/include -I/root/.ppkg/installed/linux-musl-x86_64/libiconv/include -I/root/.ppkg/installed/linux-musl-x86_64/libz/include -I/root/.ppkg/installed/linux-musl-x86_64/libxml2/include  conftest.c >&5
configure:6479: $? = 0
configure:6479: result: yes
configure:6479: checking for crtdefs.h
configure:6479: /root/.ppkg/core/wrapper-target-cc -c  -Os  -I/root/.ppkg/run/2404/linux-musl-x86_64/uctags/include -DNDEBUG -I/root/.ppkg/installed/linux-musl-x86_64/libjansson/include -I/root/.ppkg/installed/linux-musl-x86_64/libyaml/include -I/root/.ppkg/installed/linux-musl-x86_64/libiconv/include -I/root/.ppkg/installed/linux-musl-x86_64/libz/include -I/root/.ppkg/installed/linux-musl-x86_64/libxml2/include  conftest.c >&5
conftest.c:58:10: fatal error: crtdefs.h: No such file or directory
   58 | #include <crtdefs.h>
      |          ^~~~~~~~~~~
compilation terminated.
configure:6479: $? = 1
configure: failed program was:
| /* confdefs.h */
| #define PACKAGE_NAME "universal-ctags"
| #define PACKAGE_TARNAME "universal-ctags"
| #define PACKAGE_VERSION "6.2.0"
| #define PACKAGE_STRING "universal-ctags 6.2.0"
| #define PACKAGE_BUGREPORT ""
| #define PACKAGE_URL ""
| #define PACKAGE "universal-ctags"
| #define VERSION "6.2.0"
| #define DEFAULT_FILE_FORMAT 2
| #define ETAGS "etags"
| #define HAVE_STDIO_H 1
| #define HAVE_STDLIB_H 1
| #define HAVE_STRING_H 1
| #define HAVE_INTTYPES_H 1
| #define HAVE_STDINT_H 1
| #define HAVE_STRINGS_H 1
| #define HAVE_SYS_STAT_H 1
| #define HAVE_SYS_TYPES_H 1
| #define HAVE_UNISTD_H 1
| #define HAVE_WCHAR_H 1
| #define HAVE_FNMATCH_H 1
| #define HAVE_THREADS_H 1
| #define HAVE_LIMITS_H 1
| #define HAVE_LANGINFO_H 1
| #define HAVE_SYS_MMAN_H 1
| #define HAVE_MALLOC_H 1
| #define HAVE_FEATURES_H 1
| /* end confdefs.h.  */
| #include <stddef.h>
| #ifdef HAVE_STDIO_H
| # include <stdio.h>
| #endif
| #ifdef HAVE_STDLIB_H
| # include <stdlib.h>
| #endif
| #ifdef HAVE_STRING_H
| # include <string.h>
| #endif
| #ifdef HAVE_INTTYPES_H
| # include <inttypes.h>
| #endif
| #ifdef HAVE_STDINT_H
| # include <stdint.h>
| #endif
| #ifdef HAVE_STRINGS_H
| # include <strings.h>
| #endif
| #ifdef HAVE_SYS_TYPES_H
| # include <sys/types.h>
| #endif
| #ifdef HAVE_SYS_STAT_H
| # include <sys/stat.h>
| #endif
| #ifdef HAVE_UNISTD_H
| # include <unistd.h>
| #endif
| #include <crtdefs.h>
configure:6479: result: no
configure:6479: checking for wctype.h
configure:6479: /root/.ppkg/core/wrapper-target-cc -c  -Os  -I/root/.ppkg/run/2404/linux-musl-x86_64/uctags/include -DNDEBUG -I/root/.ppkg/installed/linux-musl-x86_64/libjansson/include -I/root/.ppkg/installed/linux-musl-x86_64/libyaml/include -I/root/.ppkg/installed/linux-musl-x86_64/libiconv/include -I/root/.ppkg/installed/linux-musl-x86_64/libz/include -I/root/.ppkg/installed/linux-musl-x86_64/libxml2/include  conftest.c >&5
configure:6479: $? = 0
configure:6479: result: yes
configure:6510: checking whether it is safe to define __EXTENSIONS__
configure:6529: /root/.ppkg/core/wrapper-target-cc -c  -Os  -I/root/.ppkg/run/2404/linux-musl-x86_64/uctags/include -DNDEBUG -I/root/.ppkg/installed/linux-musl-x86_64/libjansson/include -I/root/.ppkg/installed/linux-musl-x86_64/libyaml/include -I/root/.ppkg/installed/linux-musl-x86_64/libiconv/include -I/root/.ppkg/installed/linux-musl-x86_64/libz/include -I/root/.ppkg/installed/linux-musl-x86_64/libxml2/include  conftest.c >&5
configure:6529: $? = 0
configure:6539: result: yes
configure:6542: checking whether _XOPEN_SOURCE should be defined
configure:6564: /root/.ppkg/core/wrapper-target-cc -c  -Os  -I/root/.ppkg/run/2404/linux-musl-x86_64/uctags/include -DNDEBUG -I/root/.ppkg/installed/linux-musl-x86_64/libjansson/include -I/root/.ppkg/installed/linux-musl-x86_64/libyaml/include -I/root/.ppkg/installed/linux-musl-x86_64/libiconv/include -I/root/.ppkg/installed/linux-musl-x86_64/libz/include -I/root/.ppkg/installed/linux-musl-x86_64/libxml2/include  conftest.c >&5
configure:6564: $? = 0
configure:6593: result: no
configure:6669: checking how to run the C preprocessor
configure:6740: result: /root/.ppkg/core/wrapper-target-cc -E
configure:6754: /root/.ppkg/core/wrapper-target-cc -E -I/root/.ppkg/run/2404/linux-musl-x86_64/uctags/include -DNDEBUG -I/root/.ppkg/installed/linux-musl-x86_64/libjansson/include -I/root/.ppkg/installed/linux-musl-x86_64/libyaml/include -I/root/.ppkg/installed/linux-musl-x86_64/libiconv/include -I/root/.ppkg/installed/linux-musl-x86_64/libz/include -I/root/.ppkg/installed/linux-musl-x86_64/libxml2/include  conftest.c
configure:6754: $? = 0
configure:6770: /root/.ppkg/core/wrapper-target-cc -E -I/root/.ppkg/run/2404/linux-musl-x86_64/uctags/include -DNDEBUG -I/root/.ppkg/installed/linux-musl-x86_64/libjansson/include -I/root/.ppkg/installed/linux-musl-x86_64/libyaml/include -I/root/.ppkg/installed/linux-musl-x86_64/libiconv/include -I/root/.ppkg/installed/linux-musl-x86_64/libz/include -I/root/.ppkg/installed/linux-musl-x86_64/libxml2/include  conftest.c
conftest.c:49:10: fatal error: ac_nonexistent.h: No such file or directory
   49 | #include <ac_nonexistent.h>
      |          ^~~~~~~~~~~~~~~~~~
compilation terminated.
configure:6770: $? = 1
configure: failed program was:
| /* confdefs.h */
| #define PACKAGE_NAME "universal-ctags"
| #define PACKAGE_TARNAME "universal-ctags"
| #define PACKAGE_VERSION "6.2.0"
| #define PACKAGE_STRING "universal-ctags 6.2.0"
| #define PACKAGE_BUGREPORT ""
| #define PACKAGE_URL ""
| #define PACKAGE "universal-ctags"
| #define VERSION "6.2.0"
| #define DEFAULT_FILE_FORMAT 2
| #define ETAGS "etags"
| #define HAVE_STDIO_H 1
| #define HAVE_STDLIB_H 1
| #define HAVE_STRING_H 1
| #define HAVE_INTTYPES_H 1
| #define HAVE_STDINT_H 1
| #define HAVE_STRINGS_H 1
| #define HAVE_SYS_STAT_H 1
| #define HAVE_SYS_TYPES_H 1
| #define HAVE_UNISTD_H 1
| #define HAVE_WCHAR_H 1
| #define HAVE_FNMATCH_H 1
| #define HAVE_THREADS_H 1
| #define HAVE_LIMITS_H 1
| #define HAVE_LANGINFO_H 1
| #define HAVE_SYS_MMAN_H 1
| #define HAVE_MALLOC_H 1
| #define HAVE_FEATURES_H 1
| #define HAVE_WCTYPE_H 1
| #define STDC_HEADERS 1
| #define _ALL_SOURCE 1
| #define _DARWIN_C_SOURCE 1
| #define _GNU_SOURCE 1
| #define _HPUX_ALT_XOPEN_SOCKET_API 1
| #define _NETBSD_SOURCE 1
| #define _OPENBSD_SOURCE 1
| #define _POSIX_PTHREAD_SEMANTICS 1
| #define __STDC_WANT_IEC_60559_ATTRIBS_EXT__ 1
| #define __STDC_WANT_IEC_60559_BFP_EXT__ 1
| #define __STDC_WANT_IEC_60559_DFP_EXT__ 1
| #define __STDC_WANT_IEC_60559_EXT__ 1
| #define __STDC_WANT_IEC_60559_FUNCS_EXT__ 1
| #define __STDC_WANT_IEC_60559_TYPES_EXT__ 1
| #define __STDC_WANT_LIB_EXT2__ 1
| #define __STDC_WANT_MATH_SPEC_FUNCS__ 1
| #define _TANDEM_SOURCE 1
| #define __EXTENSIONS__ 1
| /* end confdefs.h.  */
| #include <ac_nonexistent.h>
configure:6803: checking for egrep -e
configure:6933: result: /root/.uppm/installed/grep/bin/grep -E
configure:6940: checking for Minix Amsterdam compiler
configure:6968: result: no
configure:7031: checking for ar
configure:7064: result: /usr/bin/ar
configure:7397: checking for ranlib
configure:7430: result: /usr/bin/ranlib
configure:7461: checking whether byte ordering is bigendian
configure:7477: /root/.ppkg/core/wrapper-target-cc -c  -Os  -I/root/.ppkg/run/2404/linux-musl-x86_64/uctags/include -DNDEBUG -I/root/.ppkg/installed/linux-musl-x86_64/libjansson/include -I/root/.ppkg/installed/linux-musl-x86_64/libyaml/include -I/root/.ppkg/installed/linux-musl-x86_64/libiconv/include -I/root/.ppkg/installed/linux-musl-x86_64/libz/include -I/root/.ppkg/installed/linux-musl-x86_64/libxml2/include  conftest.c >&5
conftest.c:50:16: error: unknown type name 'not'
   50 |                not a universal capable compiler
      |                ^~~
conftest.c:50:22: error: expected '=', ',', ';', 'asm' or '__attribute__' before 'universal'
   50 |                not a universal capable compiler
      |                      ^~~~~~~~~
conftest.c:50:22: error: unknown type name 'universal'
configure:7477: $? = 1
configure: failed program was:
| /* confdefs.h */
| #define PACKAGE_NAME "universal-ctags"
| #define PACKAGE_TARNAME "universal-ctags"
| #define PACKAGE_VERSION "6.2.0"
| #define PACKAGE_STRING "universal-ctags 6.2.0"
| #define PACKAGE_BUGREPORT ""
| #define PACKAGE_URL ""
| #define PACKAGE "universal-ctags"
| #define VERSION "6.2.0"
| #define DEFAULT_FILE_FORMAT 2
| #define ETAGS "etags"
| #define HAVE_STDIO_H 1
| #define HAVE_STDLIB_H 1
| #define HAVE_STRING_H 1
| #define HAVE_INTTYPES_H 1
| #define HAVE_STDINT_H 1
| #define HAVE_STRINGS_H 1
| #define HAVE_SYS_STAT_H 1
| #define HAVE_SYS_TYPES_H 1
| #define HAVE_UNISTD_H 1
| #define HAVE_WCHAR_H 1
| #define HAVE_FNMATCH_H 1
| #define HAVE_THREADS_H 1
| #define HAVE_LIMITS_H 1
| #define HAVE_LANGINFO_H 1
| #define HAVE_SYS_MMAN_H 1
| #define HAVE_MALLOC_H 1
| #define HAVE_FEATURES_H 1
| #define HAVE_WCTYPE_H 1
| #define STDC_HEADERS 1
| #define _ALL_SOURCE 1
| #define _DARWIN_C_SOURCE 1
| #define _GNU_SOURCE 1
| #define _HPUX_ALT_XOPEN_SOCKET_API 1
| #define _NETBSD_SOURCE 1
| #define _OPENBSD_SOURCE 1
| #define _POSIX_PTHREAD_SEMANTICS 1
| #define __STDC_WANT_IEC_60559_ATTRIBS_EXT__ 1
| #define __STDC_WANT_IEC_60559_BFP_EXT__ 1
| #define __STDC_WANT_IEC_60559_DFP_EXT__ 1
| #define __STDC_WANT_IEC_60559_EXT__ 1
| #define __STDC_WANT_IEC_60559_FUNCS_EXT__ 1
| #define __STDC_WANT_IEC_60559_TYPES_EXT__ 1
| #define __STDC_WANT_LIB_EXT2__ 1
| #define __STDC_WANT_MATH_SPEC_FUNCS__ 1
| #define _TANDEM_SOURCE 1
| #define __EXTENSIONS__ 1
| /* end confdefs.h.  */
| #ifndef __APPLE_CC__
| 	       not a universal capable compiler
| 	     #endif
| 	     typedef int dummy;
| 
configure:7523: /root/.ppkg/core/wrapper-target-cc -c  -Os  -I/root/.ppkg/run/2404/linux-musl-x86_64/uctags/include -DNDEBUG -I/root/.ppkg/installed/linux-musl-x86_64/libjansson/include -I/root/.ppkg/installed/linux-musl-x86_64/libyaml/include -I/root/.ppkg/installed/linux-musl-x86_64/libiconv/include -I/root/.ppkg/installed/linux-musl-x86_64/libz/include -I/root/.ppkg/installed/linux-musl-x86_64/libxml2/include  conftest.c >&5
configure:7523: $? = 0
configure:7542: /root/.ppkg/core/wrapper-target-cc -c  -Os  -I/root/.ppkg/run/2404/linux-musl-x86_64/uctags/include -DNDEBUG -I/root/.ppkg/installed/linux-musl-x86_64/libjansson/include -I/root/.ppkg/installed/linux-musl-x86_64/libyaml/include -I/root/.ppkg/installed/linux-musl-x86_64/libiconv/include -I/root/.ppkg/installed/linux-musl-x86_64/libz/include -I/root/.ppkg/installed/linux-musl-x86_64/libxml2/include  conftest.c >&5
conftest.c: In function 'main':
conftest.c:56:18: error: unknown type name 'not'; did you mean 'ino_t'?
   56 |                  not big endian
      |                  ^~~
      |                  ino_t
conftest.c:56:26: error: expected '=', ',', ';', 'asm' or '__attribute__' before 'endian'
   56 |                  not big endian
      |                          ^~~~~~
configure:7542: $? = 1
configure: failed program was:
| /* confdefs.h */
| #define PACKAGE_NAME "universal-ctags"
| #define PACKAGE_TARNAME "universal-ctags"
| #define PACKAGE_VERSION "6.2.0"
| #define PACKAGE_STRING "universal-ctags 6.2.0"
| #define PACKAGE_BUGREPORT ""
| #define PACKAGE_URL ""
| #define PACKAGE "universal-ctags"
| #define VERSION "6.2.0"
| #define DEFAULT_FILE_FORMAT 2
| #define ETAGS "etags"
| #define HAVE_STDIO_H 1
| #define HAVE_STDLIB_H 1
| #define HAVE_STRING_H 1
| #define HAVE_INTTYPES_H 1
| #define HAVE_STDINT_H 1
| #define HAVE_STRINGS_H 1
| #define HAVE_SYS_STAT_H 1
| #define HAVE_SYS_TYPES_H 1
| #define HAVE_UNISTD_H 1
| #define HAVE_WCHAR_H 1
| #define HAVE_FNMATCH_H 1
| #define HAVE_THREADS_H 1
| #define HAVE_LIMITS_H 1
| #define HAVE_LANGINFO_H 1
| #define HAVE_SYS_MMAN_H 1
| #define HAVE_MALLOC_H 1
| #define HAVE_FEATURES_H 1
| #define HAVE_WCTYPE_H 1
| #define STDC_HEADERS 1
| #define _ALL_SOURCE 1
| #define _DARWIN_C_SOURCE 1
| #define _GNU_SOURCE 1
| #define _HPUX_ALT_XOPEN_SOCKET_API 1
| #define _NETBSD_SOURCE 1
| #define _OPENBSD_SOURCE 1
| #define _POSIX_PTHREAD_SEMANTICS 1
| #define __STDC_WANT_IEC_60559_ATTRIBS_EXT__ 1
| #define __STDC_WANT_IEC_60559_BFP_EXT__ 1
| #define __STDC_WANT_IEC_60559_DFP_EXT__ 1
| #define __STDC_WANT_IEC_60559_EXT__ 1
| #define __STDC_WANT_IEC_60559_FUNCS_EXT__ 1
| #define __STDC_WANT_IEC_60559_TYPES_EXT__ 1
| #define __STDC_WANT_LIB_EXT2__ 1
| #define __STDC_WANT_MATH_SPEC_FUNCS__ 1
| #define _TANDEM_SOURCE 1
| #define __EXTENSIONS__ 1
| /* end confdefs.h.  */
| #include <sys/types.h>
| 		#include <sys/param.h>
| 
| int
| main (void)
| {
| #if BYTE_ORDER != BIG_ENDIAN
| 		 not big endian
| 		#endif
| 
|   ;
|   return 0;
| }
configure:7683: result: no
configure:7797: checking whether ln -s works
configure:7801: result: yes
configure:7810: checking for strip
configure:7844: result: /usr/bin/strip
configure:7859: checking for /root/.ppkg/core/wrapper-target-cc option to enable large file support
configure:7894: /root/.ppkg/core/wrapper-target-cc -c  -Os  -I/root/.ppkg/run/2404/linux-musl-x86_64/uctags/include -DNDEBUG -I/root/.ppkg/installed/linux-musl-x86_64/libjansson/include -I/root/.ppkg/installed/linux-musl-x86_64/libyaml/include -I/root/.ppkg/installed/linux-musl-x86_64/libiconv/include -I/root/.ppkg/installed/linux-musl-x86_64/libz/include -I/root/.ppkg/installed/linux-musl-x86_64/libxml2/include  conftest.c >&5
configure:7894: $? = 0
configure:7900: /root/.ppkg/core/wrapper-target-cc -DFTYPE=ino_t -c  -Os  -I/root/.ppkg/run/2404/linux-musl-x86_64/uctags/include -DNDEBUG -I/root/.ppkg/installed/linux-musl-x86_64/libjansson/include -I/root/.ppkg/installed/linux-musl-x86_64/libyaml/include -I/root/.ppkg/installed/linux-musl-x86_64/libiconv/include -I/root/.ppkg/installed/linux-musl-x86_64/libz/include -I/root/.ppkg/installed/linux-musl-x86_64/libxml2/include  conftest.c >&5
configure:7900: $? = 0
configure:7925: result: none needed
configure:8030: checking for perl
configure:8051: found /root/.uppm/installed/perl/bin/perl
configure:8064: result: yes
configure:8104: checking for rst2man
configure:8143: result: no
configure:8104: checking for rst2man.py
configure:8143: result: no
configure:8104: checking for rst2man-3
configure:8143: result: no
configure:8104: checking for rst2man-3.6
configure:8143: result: no
configure:8104: checking for rst2man-3.7
configure:8143: result: no
configure:8104: checking for rst2man-3.8
configure:8143: result: no
configure:8104: checking for rst2man-3.9,
configure:8143: result: no
configure:8104: checking for rst2man-3.10
configure:8143: result: no
configure:8173: checking for rst2html
configure:8212: result: no
configure:8173: checking for rst2html.py
configure:8212: result: no
configure:8173: checking for rst2html-3
configure:8212: result: no
configure:8173: checking for rst2html-3.6
configure:8212: result: no
configure:8173: checking for rst2html-3.7
configure:8212: result: no
configure:8173: checking for rst2html-3.8
configure:8212: result: no
configure:8173: checking for rst2html-3.9,
configure:8212: result: no
configure:8173: checking for rst2html-3.10
configure:8212: result: no
configure:8239: checking for rst2pdf
configure:8278: result: no
configure:8330: checking for pegof
configure:8369: result: no
configure:8393: checking building in a git repository
configure:8398: result: yes
configure:8405: checking for git
configure:8426: found /root/.uppm/installed/git/bin/git
configure:8438: result: git
configure:8466: checking for timeout
configure:8487: found /root/.uppm/installed/coreutils/bin/timeout
configure:8499: result: timeout
configure:8526: checking for python3
configure:8562: result: no
configure:8526: checking for python3.8
configure:8562: result: no
configure:8526: checking for python3.7
configure:8562: result: no
configure:8526: checking for python3.6
configure:8562: result: no
configure:8526: checking for python3.5
configure:8562: result: no
configure:8526: checking for python
configure:8562: result: no
configure:8573: checking directory to use for temporary files
configure:8596: result: /tmp
configure:8606: checking for case-insensitive filenames
configure:8615: result: no
configure:8620: checking selected sort method
configure:8626: result: external sort utility
configure:8631: checking for sort
configure:8652: found /root/.uppm/installed/coreutils/bin/sort
configure:8665: result: yes
configure:8674: checking if sort accepts our command line
configure:8682: result: yes
configure:8700: checking for direct.h
configure:8700: /root/.ppkg/core/wrapper-target-cc -c  -Os  -I/root/.ppkg/run/2404/linux-musl-x86_64/uctags/include -DNDEBUG -I/root/.ppkg/installed/linux-musl-x86_64/libjansson/include -I/root/.ppkg/installed/linux-musl-x86_64/libyaml/include -I/root/.ppkg/installed/linux-musl-x86_64/libiconv/include -I/root/.ppkg/installed/linux-musl-x86_64/libz/include -I/root/.ppkg/installed/linux-musl-x86_64/libxml2/include  conftest.c >&5
conftest.c:79:10: fatal error: direct.h: No such file or directory
   79 | #include <direct.h>
      |          ^~~~~~~~~~
compilation terminated.
configure:8700: $? = 1
configure: failed program was:
| /* confdefs.h */
| #define PACKAGE_NAME "universal-ctags"
| #define PACKAGE_TARNAME "universal-ctags"
| #define PACKAGE_VERSION "6.2.0"
| #define PACKAGE_STRING "universal-ctags 6.2.0"
| #define PACKAGE_BUGREPORT ""
| #define PACKAGE_URL ""
| #define PACKAGE "universal-ctags"
| #define VERSION "6.2.0"
| #define DEFAULT_FILE_FORMAT 2
| #define ETAGS "etags"
| #define HAVE_STDIO_H 1
| #define HAVE_STDLIB_H 1
| #define HAVE_STRING_H 1
| #define HAVE_INTTYPES_H 1
| #define HAVE_STDINT_H 1
| #define HAVE_STRINGS_H 1
| #define HAVE_SYS_STAT_H 1
| #define HAVE_SYS_TYPES_H 1
| #define HAVE_UNISTD_H 1
| #define HAVE_WCHAR_H 1
| #define HAVE_FNMATCH_H 1
| #define HAVE_THREADS_H 1
| #define HAVE_LIMITS_H 1
| #define HAVE_LANGINFO_H 1
| #define HAVE_SYS_MMAN_H 1
| #define HAVE_MALLOC_H 1
| #define HAVE_FEATURES_H 1
| #define HAVE_WCTYPE_H 1
| #define STDC_HEADERS 1
| #define _ALL_SOURCE 1
| #define _DARWIN_C_SOURCE 1
| #define _GNU_SOURCE 1
| #define _HPUX_ALT_XOPEN_SOCKET_API 1
| #define _NETBSD_SOURCE 1
| #define _OPENBSD_SOURCE 1
| #define _POSIX_PTHREAD_SEMANTICS 1
| #define __STDC_WANT_IEC_60559_ATTRIBS_EXT__ 1
| #define __STDC_WANT_IEC_60559_BFP_EXT__ 1
| #define __STDC_WANT_IEC_60559_DFP_EXT__ 1
| #define __STDC_WANT_IEC_60559_EXT__ 1
| #define __STDC_WANT_IEC_60559_FUNCS_EXT__ 1
| #define __STDC_WANT_IEC_60559_TYPES_EXT__ 1
| #define __STDC_WANT_LIB_EXT2__ 1
| #define __STDC_WANT_MATH_SPEC_FUNCS__ 1
| #define _TANDEM_SOURCE 1
| #define __EXTENSIONS__ 1
| #define TMPDIR "/tmp"
| #define EXTERNAL_SORT 1
| /* end confdefs.h.  */
| #include <stddef.h>
| #ifdef HAVE_STDIO_H
| # include <stdio.h>
| #endif
| #ifdef HAVE_STDLIB_H
| # include <stdlib.h>
| #endif
| #ifdef HAVE_STRING_H
| # include <string.h>
| #endif
| #ifdef HAVE_INTTYPES_H
| # include <inttypes.h>
| #endif
| #ifdef HAVE_STDINT_H
| # include <stdint.h>
| #endif
| #ifdef HAVE_STRINGS_H
| # include <strings.h>
| #endif
| #ifdef HAVE_SYS_TYPES_H
| # include <sys/types.h>
| #endif
| #ifdef HAVE_SYS_STAT_H
| # include <sys/stat.h>
| #endif
| #ifdef HAVE_UNISTD_H
| # include <unistd.h>
| #endif
| #include <direct.h>
configure:8700: result: no
configure:8706: checking for dirent.h
configure:8706: /root/.ppkg/core/wrapper-target-cc -c  -Os  -I/root/.ppkg/run/2404/linux-musl-x86_64/uctags/include -DNDEBUG -I/root/.ppkg/installed/linux-musl-x86_64/libjansson/include -I/root/.ppkg/installed/linux-musl-x86_64/libyaml/include -I/root/.ppkg/installed/linux-musl-x86_64/libiconv/include -I/root/.ppkg/installed/linux-musl-x86_64/libz/include -I/root/.ppkg/installed/linux-musl-x86_64/libxml2/include  conftest.c >&5
configure:8706: $? = 0
configure:8706: result: yes
configure:8712: checking for fcntl.h
configure:8712: /root/.ppkg/core/wrapper-target-cc -c  -Os  -I/root/.ppkg/run/2404/linux-musl-x86_64/uctags/include -DNDEBUG -I/root/.ppkg/installed/linux-musl-x86_64/libjansson/include -I/root/.ppkg/installed/linux-musl-x86_64/libyaml/include -I/root/.ppkg/installed/linux-musl-x86_64/libiconv/include -I/root/.ppkg/installed/linux-musl-x86_64/libz/include -I/root/.ppkg/installed/linux-musl-x86_64/libxml2/include  conftest.c >&5
configure:8712: $? = 0
configure:8712: result: yes
configure:8718: checking for io.h
configure:8718: /root/.ppkg/core/wrapper-target-cc -c  -Os  -I/root/.ppkg/run/2404/linux-musl-x86_64/uctags/include -DNDEBUG -I/root/.ppkg/installed/linux-musl-x86_64/libjansson/include -I/root/.ppkg/installed/linux-musl-x86_64/libyaml/include -I/root/.ppkg/installed/linux-musl-x86_64/libiconv/include -I/root/.ppkg/installed/linux-musl-x86_64/libz/include -I/root/.ppkg/installed/linux-musl-x86_64/libxml2/include  conftest.c >&5
conftest.c:81:10: fatal error: io.h: No such file or directory
   81 | #include <io.h>
      |          ^~~~~~
compilation terminated.
configure:8718: $? = 1
configure: failed program was:
| /* confdefs.h */
| #define PACKAGE_NAME "universal-ctags"
| #define PACKAGE_TARNAME "universal-ctags"
| #define PACKAGE_VERSION "6.2.0"
| #define PACKAGE_STRING "universal-ctags 6.2.0"
| #define PACKAGE_BUGREPORT ""
| #define PACKAGE_URL ""
| #define PACKAGE "universal-ctags"
| #define VERSION "6.2.0"
| #define DEFAULT_FILE_FORMAT 2
| #define ETAGS "etags"
| #define HAVE_STDIO_H 1
| #define HAVE_STDLIB_H 1
| #define HAVE_STRING_H 1
| #define HAVE_INTTYPES_H 1
| #define HAVE_STDINT_H 1
| #define HAVE_STRINGS_H 1
| #define HAVE_SYS_STAT_H 1
| #define HAVE_SYS_TYPES_H 1
| #define HAVE_UNISTD_H 1
| #define HAVE_WCHAR_H 1
| #define HAVE_FNMATCH_H 1
| #define HAVE_THREADS_H 1
| #define HAVE_LIMITS_H 1
| #define HAVE_LANGINFO_H 1
| #define HAVE_SYS_MMAN_H 1
| #define HAVE_MALLOC_H 1
| #define HAVE_FEATURES_H 1
| #define HAVE_WCTYPE_H 1
| #define STDC_HEADERS 1
| #define _ALL_SOURCE 1
| #define _DARWIN_C_SOURCE 1
| #define _GNU_SOURCE 1
| #define _HPUX_ALT_XOPEN_SOCKET_API 1
| #define _NETBSD_SOURCE 1
| #define _OPENBSD_SOURCE 1
| #define _POSIX_PTHREAD_SEMANTICS 1
| #define __STDC_WANT_IEC_60559_ATTRIBS_EXT__ 1
| #define __STDC_WANT_IEC_60559_BFP_EXT__ 1
| #define __STDC_WANT_IEC_60559_DFP_EXT__ 1
| #define __STDC_WANT_IEC_60559_EXT__ 1
| #define __STDC_WANT_IEC_60559_FUNCS_EXT__ 1
| #define __STDC_WANT_IEC_60559_TYPES_EXT__ 1
| #define __STDC_WANT_LIB_EXT2__ 1
| #define __STDC_WANT_MATH_SPEC_FUNCS__ 1
| #define _TANDEM_SOURCE 1
| #define __EXTENSIONS__ 1
| #define TMPDIR "/tmp"
| #define EXTERNAL_SORT 1
| #define HAVE_DIRENT_H 1
| #define HAVE_FCNTL_H 1
| /* end confdefs.h.  */
| #include <stddef.h>
| #ifdef HAVE_STDIO_H
| # include <stdio.h>
| #endif
| #ifdef HAVE_STDLIB_H
| # include <stdlib.h>
| #endif
| #ifdef HAVE_STRING_H
| # include <string.h>
| #endif
| #ifdef HAVE_INTTYPES_H
| # include <inttypes.h>
| #endif
| #ifdef HAVE_STDINT_H
| # include <stdint.h>
| #endif
| #ifdef HAVE_STRINGS_H
| # include <strings.h>
| #endif
| #ifdef HAVE_SYS_TYPES_H
| # include <sys/types.h>
| #endif
| #ifdef HAVE_SYS_STAT_H
| # include <sys/stat.h>
| #endif
| #ifdef HAVE_UNISTD_H
| # include <unistd.h>
| #endif
| #include <io.h>
configure:8718: result: no
configure:8724: checking for stat.h
configure:8724: /root/.ppkg/core/wrapper-target-cc -c  -Os  -I/root/.ppkg/run/2404/linux-musl-x86_64/uctags/include -DNDEBUG -I/root/.ppkg/installed/linux-musl-x86_64/libjansson/include -I/root/.ppkg/installed/linux-musl-x86_64/libyaml/include -I/root/.ppkg/installed/linux-musl-x86_64/libiconv/include -I/root/.ppkg/installed/linux-musl-x86_64/libz/include -I/root/.ppkg/installed/linux-musl-x86_64/libxml2/include  conftest.c >&5
conftest.c:81:10: fatal error: stat.h: No such file or directory
   81 | #include <stat.h>
      |          ^~~~~~~~
compilation terminated.
configure:8724: $? = 1
configure: failed program was:
| /* confdefs.h */
| #define PACKAGE_NAME "universal-ctags"
| #define PACKAGE_TARNAME "universal-ctags"
| #define PACKAGE_VERSION "6.2.0"
| #define PACKAGE_STRING "universal-ctags 6.2.0"
| #define PACKAGE_BUGREPORT ""
| #define PACKAGE_URL ""
| #define PACKAGE "universal-ctags"
| #define VERSION "6.2.0"
| #define DEFAULT_FILE_FORMAT 2
| #define ETAGS "etags"
| #define HAVE_STDIO_H 1
| #define HAVE_STDLIB_H 1
| #define HAVE_STRING_H 1
| #define HAVE_INTTYPES_H 1
| #define HAVE_STDINT_H 1
| #define HAVE_STRINGS_H 1
| #define HAVE_SYS_STAT_H 1
| #define HAVE_SYS_TYPES_H 1
| #define HAVE_UNISTD_H 1
| #define HAVE_WCHAR_H 1
| #define HAVE_FNMATCH_H 1
| #define HAVE_THREADS_H 1
| #define HAVE_LIMITS_H 1
| #define HAVE_LANGINFO_H 1
| #define HAVE_SYS_MMAN_H 1
| #define HAVE_MALLOC_H 1
| #define HAVE_FEATURES_H 1
| #define HAVE_WCTYPE_H 1
| #define STDC_HEADERS 1
| #define _ALL_SOURCE 1
| #define _DARWIN_C_SOURCE 1
| #define _GNU_SOURCE 1
| #define _HPUX_ALT_XOPEN_SOCKET_API 1
| #define _NETBSD_SOURCE 1
| #define _OPENBSD_SOURCE 1
| #define _POSIX_PTHREAD_SEMANTICS 1
| #define __STDC_WANT_IEC_60559_ATTRIBS_EXT__ 1
| #define __STDC_WANT_IEC_60559_BFP_EXT__ 1
| #define __STDC_WANT_IEC_60559_DFP_EXT__ 1
| #define __STDC_WANT_IEC_60559_EXT__ 1
| #define __STDC_WANT_IEC_60559_FUNCS_EXT__ 1
| #define __STDC_WANT_IEC_60559_TYPES_EXT__ 1
| #define __STDC_WANT_LIB_EXT2__ 1
| #define __STDC_WANT_MATH_SPEC_FUNCS__ 1
| #define _TANDEM_SOURCE 1
| #define __EXTENSIONS__ 1
| #define TMPDIR "/tmp"
| #define EXTERNAL_SORT 1
| #define HAVE_DIRENT_H 1
| #define HAVE_FCNTL_H 1
| /* end confdefs.h.  */
| #include <stddef.h>
| #ifdef HAVE_STDIO_H
| # include <stdio.h>
| #endif
| #ifdef HAVE_STDLIB_H
| # include <stdlib.h>
| #endif
| #ifdef HAVE_STRING_H
| # include <string.h>
| #endif
| #ifdef HAVE_INTTYPES_H
| # include <inttypes.h>
| #endif
| #ifdef HAVE_STDINT_H
| # include <stdint.h>
| #endif
| #ifdef HAVE_STRINGS_H
| # include <strings.h>
| #endif
| #ifdef HAVE_SYS_TYPES_H
| # include <sys/types.h>
| #endif
| #ifdef HAVE_SYS_STAT_H
| # include <sys/stat.h>
| #endif
| #ifdef HAVE_UNISTD_H
| # include <unistd.h>
| #endif
| #include <stat.h>
configure:8724: result: no
configure:8730: checking for types.h
configure:8730: /root/.ppkg/core/wrapper-target-cc -c  -Os  -I/root/.ppkg/run/2404/linux-musl-x86_64/uctags/include -DNDEBUG -I/root/.ppkg/installed/linux-musl-x86_64/libjansson/include -I/root/.ppkg/installed/linux-musl-x86_64/libyaml/include -I/root/.ppkg/installed/linux-musl-x86_64/libiconv/include -I/root/.ppkg/installed/linux-musl-x86_64/libz/include -I/root/.ppkg/installed/linux-musl-x86_64/libxml2/include  conftest.c >&5
conftest.c:81:10: fatal error: types.h: No such file or directory
   81 | #include <types.h>
      |          ^~~~~~~~~
compilation terminated.
configure:8730: $? = 1
configure: failed program was:
| /* confdefs.h */
| #define PACKAGE_NAME "universal-ctags"
| #define PACKAGE_TARNAME "universal-ctags"
| #define PACKAGE_VERSION "6.2.0"
| #define PACKAGE_STRING "universal-ctags 6.2.0"
| #define PACKAGE_BUGREPORT ""
| #define PACKAGE_URL ""
| #define PACKAGE "universal-ctags"
| #define VERSION "6.2.0"
| #define DEFAULT_FILE_FORMAT 2
| #define ETAGS "etags"
| #define HAVE_STDIO_H 1
| #define HAVE_STDLIB_H 1
| #define HAVE_STRING_H 1
| #define HAVE_INTTYPES_H 1
| #define HAVE_STDINT_H 1
| #define HAVE_STRINGS_H 1
| #define HAVE_SYS_STAT_H 1
| #define HAVE_SYS_TYPES_H 1
| #define HAVE_UNISTD_H 1
| #define HAVE_WCHAR_H 1
| #define HAVE_FNMATCH_H 1
| #define HAVE_THREADS_H 1
| #define HAVE_LIMITS_H 1
| #define HAVE_LANGINFO_H 1
| #define HAVE_SYS_MMAN_H 1
| #define HAVE_MALLOC_H 1
| #define HAVE_FEATURES_H 1
| #define HAVE_WCTYPE_H 1
| #define STDC_HEADERS 1
| #define _ALL_SOURCE 1
| #define _DARWIN_C_SOURCE 1
| #define _GNU_SOURCE 1
| #define _HPUX_ALT_XOPEN_SOCKET_API 1
| #define _NETBSD_SOURCE 1
| #define _OPENBSD_SOURCE 1
| #define _POSIX_PTHREAD_SEMANTICS 1
| #define __STDC_WANT_IEC_60559_ATTRIBS_EXT__ 1
| #define __STDC_WANT_IEC_60559_BFP_EXT__ 1
| #define __STDC_WANT_IEC_60559_DFP_EXT__ 1
| #define __STDC_WANT_IEC_60559_EXT__ 1
| #define __STDC_WANT_IEC_60559_FUNCS_EXT__ 1
| #define __STDC_WANT_IEC_60559_TYPES_EXT__ 1
| #define __STDC_WANT_LIB_EXT2__ 1
| #define __STDC_WANT_MATH_SPEC_FUNCS__ 1
| #define _TANDEM_SOURCE 1
| #define __EXTENSIONS__ 1
| #define TMPDIR "/tmp"
| #define EXTERNAL_SORT 1
| #define HAVE_DIRENT_H 1
| #define HAVE_FCNTL_H 1
| /* end confdefs.h.  */
| #include <stddef.h>
| #ifdef HAVE_STDIO_H
| # include <stdio.h>
| #endif
| #ifdef HAVE_STDLIB_H
| # include <stdlib.h>
| #endif
| #ifdef HAVE_STRING_H
| # include <string.h>
| #endif
| #ifdef HAVE_INTTYPES_H
| # include <inttypes.h>
| #endif
| #ifdef HAVE_STDINT_H
| # include <stdint.h>
| #endif
| #ifdef HAVE_STRINGS_H
| # include <strings.h>
| #endif
| #ifdef HAVE_SYS_TYPES_H
| # include <sys/types.h>
| #endif
| #ifdef HAVE_SYS_STAT_H
| # include <sys/stat.h>
| #endif
| #ifdef HAVE_UNISTD_H
| # include <unistd.h>
| #endif
| #include <types.h>
configure:8730: result: no
configure:8736: checking for unistd.h
configure:8736: result: yes
configure:8743: checking for sys/dir.h
configure:8743: /root/.ppkg/core/wrapper-target-cc -c  -Os  -I/root/.ppkg/run/2404/linux-musl-x86_64/uctags/include -DNDEBUG -I/root/.ppkg/installed/linux-musl-x86_64/libjansson/include -I/root/.ppkg/installed/linux-musl-x86_64/libyaml/include -I/root/.ppkg/installed/linux-musl-x86_64/libiconv/include -I/root/.ppkg/installed/linux-musl-x86_64/libz/include -I/root/.ppkg/installed/linux-musl-x86_64/libxml2/include  conftest.c >&5
configure:8743: $? = 0
configure:8743: result: yes
configure:8749: checking for sys/stat.h
configure:8749: result: yes
configure:8755: checking for sys/types.h
configure:8755: result: yes
configure:8761: checking for sys/wait.h
configure:8761: /root/.ppkg/core/wrapper-target-cc -c  -Os  -I/root/.ppkg/run/2404/linux-musl-x86_64/uctags/include -DNDEBUG -I/root/.ppkg/installed/linux-musl-x86_64/libjansson/include -I/root/.ppkg/installed/linux-musl-x86_64/libyaml/include -I/root/.ppkg/installed/linux-musl-x86_64/libiconv/include -I/root/.ppkg/installed/linux-musl-x86_64/libz/include -I/root/.ppkg/installed/linux-musl-x86_64/libxml2/include  conftest.c >&5
configure:8761: $? = 0
configure:8761: result: yes
configure:8773: checking if L_tmpnam is defined in stdio.h
configure:8788: result: yes
configure:8808: checking for off_t
configure:8808: /root/.ppkg/core/wrapper-target-cc -c  -Os  -I/root/.ppkg/run/2404/linux-musl-x86_64/uctags/include -DNDEBUG -I/root/.ppkg/installed/linux-musl-x86_64/libjansson/include -I/root/.ppkg/installed/linux-musl-x86_64/libyaml/include -I/root/.ppkg/installed/linux-musl-x86_64/libiconv/include -I/root/.ppkg/installed/linux-musl-x86_64/libz/include -I/root/.ppkg/installed/linux-musl-x86_64/libxml2/include  conftest.c >&5
configure:8808: $? = 0
configure:8808: /root/.ppkg/core/wrapper-target-cc -c  -Os  -I/root/.ppkg/run/2404/linux-musl-x86_64/uctags/include -DNDEBUG -I/root/.ppkg/installed/linux-musl-x86_64/libjansson/include -I/root/.ppkg/installed/linux-musl-x86_64/libyaml/include -I/root/.ppkg/installed/linux-musl-x86_64/libiconv/include -I/root/.ppkg/installed/linux-musl-x86_64/libz/include -I/root/.ppkg/installed/linux-musl-x86_64/libxml2/include  conftest.c >&5
conftest.c: In function 'main':
conftest.c:89:20: error: expected expression before ')' token
   89 | if (sizeof ((off_t)))
      |                    ^
configure:8808: $? = 1
configure: failed program was:
| /* confdefs.h */
| #define PACKAGE_NAME "universal-ctags"
| #define PACKAGE_TARNAME "universal-ctags"
| #define PACKAGE_VERSION "6.2.0"
| #define PACKAGE_STRING "universal-ctags 6.2.0"
| #define PACKAGE_BUGREPORT ""
| #define PACKAGE_URL ""
| #define PACKAGE "universal-ctags"
| #define VERSION "6.2.0"
| #define DEFAULT_FILE_FORMAT 2
| #define ETAGS "etags"
| #define HAVE_STDIO_H 1
| #define HAVE_STDLIB_H 1
| #define HAVE_STRING_H 1
| #define HAVE_INTTYPES_H 1
| #define HAVE_STDINT_H 1
| #define HAVE_STRINGS_H 1
| #define HAVE_SYS_STAT_H 1
| #define HAVE_SYS_TYPES_H 1
| #define HAVE_UNISTD_H 1
| #define HAVE_WCHAR_H 1
| #define HAVE_FNMATCH_H 1
| #define HAVE_THREADS_H 1
| #define HAVE_LIMITS_H 1
| #define HAVE_LANGINFO_H 1
| #define HAVE_SYS_MMAN_H 1
| #define HAVE_MALLOC_H 1
| #define HAVE_FEATURES_H 1
| #define HAVE_WCTYPE_H 1
| #define STDC_HEADERS 1
| #define _ALL_SOURCE 1
| #define _DARWIN_C_SOURCE 1
| #define _GNU_SOURCE 1
| #define _HPUX_ALT_XOPEN_SOCKET_API 1
| #define _NETBSD_SOURCE 1
| #define _OPENBSD_SOURCE 1
| #define _POSIX_PTHREAD_SEMANTICS 1
| #define __STDC_WANT_IEC_60559_ATTRIBS_EXT__ 1
| #define __STDC_WANT_IEC_60559_BFP_EXT__ 1
| #define __STDC_WANT_IEC_60559_DFP_EXT__ 1
| #define __STDC_WANT_IEC_60559_EXT__ 1
| #define __STDC_WANT_IEC_60559_FUNCS_EXT__ 1
| #define __STDC_WANT_IEC_60559_TYPES_EXT__ 1
| #define __STDC_WANT_LIB_EXT2__ 1
| #define __STDC_WANT_MATH_SPEC_FUNCS__ 1
| #define _TANDEM_SOURCE 1
| #define __EXTENSIONS__ 1
| #define TMPDIR "/tmp"
| #define EXTERNAL_SORT 1
| #define HAVE_DIRENT_H 1
| #define HAVE_FCNTL_H 1
| #define HAVE_UNISTD_H 1
| #define HAVE_SYS_DIR_H 1
| #define HAVE_SYS_STAT_H 1
| #define HAVE_SYS_TYPES_H 1
| #define HAVE_SYS_WAIT_H 1
| /* end confdefs.h.  */
| #include <stddef.h>
| #ifdef HAVE_STDIO_H
| # include <stdio.h>
| #endif
| #ifdef HAVE_STDLIB_H
| # include <stdlib.h>
| #endif
| #ifdef HAVE_STRING_H
| # include <string.h>
| #endif
| #ifdef HAVE_INTTYPES_H
| # include <inttypes.h>
| #endif
| #ifdef HAVE_STDINT_H
| # include <stdint.h>
| #endif
| #ifdef HAVE_STRINGS_H
| # include <strings.h>
| #endif
| #ifdef HAVE_SYS_TYPES_H
| # include <sys/types.h>
| #endif
| #ifdef HAVE_SYS_STAT_H
| # include <sys/stat.h>
| #endif
| #ifdef HAVE_UNISTD_H
| # include <unistd.h>
| #endif
| int
| main (void)
| {
| if (sizeof ((off_t)))
| 	    return 0;
|   ;
|   return 0;
| }
configure:8808: result: yes
configure:8820: checking for stdbool.h
configure:8820: /root/.ppkg/core/wrapper-target-cc -c  -Os  -I/root/.ppkg/run/2404/linux-musl-x86_64/uctags/include -DNDEBUG -I/root/.ppkg/installed/linux-musl-x86_64/libjansson/include -I/root/.ppkg/installed/linux-musl-x86_64/libyaml/include -I/root/.ppkg/installed/linux-musl-x86_64/libiconv/include -I/root/.ppkg/installed/linux-musl-x86_64/libz/include -I/root/.ppkg/installed/linux-musl-x86_64/libxml2/include  conftest.c >&5
configure:8820: $? = 0
configure:8820: result: yes
configure:8831: checking for an ANSI C-conforming const
configure:8898: /root/.ppkg/core/wrapper-target-cc -c  -Os  -I/root/.ppkg/run/2404/linux-musl-x86_64/uctags/include -DNDEBUG -I/root/.ppkg/installed/linux-musl-x86_64/libjansson/include -I/root/.ppkg/installed/linux-musl-x86_64/libyaml/include -I/root/.ppkg/installed/linux-musl-x86_64/libiconv/include -I/root/.ppkg/installed/linux-musl-x86_64/libz/include -I/root/.ppkg/installed/linux-musl-x86_64/libxml2/include  conftest.c >&5
configure:8898: $? = 0
configure:8908: result: yes
configure:8919: checking for typeof syntax and keyword spelling
configure:8951: /root/.ppkg/core/wrapper-target-cc -c  -Os  -I/root/.ppkg/run/2404/linux-musl-x86_64/uctags/include -DNDEBUG -I/root/.ppkg/installed/linux-musl-x86_64/libjansson/include -I/root/.ppkg/installed/linux-musl-x86_64/libyaml/include -I/root/.ppkg/installed/linux-musl-x86_64/libiconv/include -I/root/.ppkg/installed/linux-musl-x86_64/libz/include -I/root/.ppkg/installed/linux-musl-x86_64/libxml2/include  conftest.c >&5
configure:8951: $? = 0
configure:8960: result: typeof
configure:9004: checking if compiler supports statement expressions
configure:9019: /root/.ppkg/core/wrapper-target-cc -c  -Os  -I/root/.ppkg/run/2404/linux-musl-x86_64/uctags/include -DNDEBUG -I/root/.ppkg/installed/linux-musl-x86_64/libjansson/include -I/root/.ppkg/installed/linux-musl-x86_64/libyaml/include -I/root/.ppkg/installed/linux-musl-x86_64/libiconv/include -I/root/.ppkg/installed/linux-musl-x86_64/libz/include -I/root/.ppkg/installed/linux-musl-x86_64/libxml2/include  conftest.c >&5
configure:9019: $? = 0
configure:9027: result: yes
configure:9038: checking if struct stat contains st_ino
configure:9059: /root/.ppkg/core/wrapper-target-cc -c  -Os  -I/root/.ppkg/run/2404/linux-musl-x86_64/uctags/include -DNDEBUG -I/root/.ppkg/installed/linux-musl-x86_64/libjansson/include -I/root/.ppkg/installed/linux-musl-x86_64/libyaml/include -I/root/.ppkg/installed/linux-musl-x86_64/libiconv/include -I/root/.ppkg/installed/linux-musl-x86_64/libz/include -I/root/.ppkg/installed/linux-musl-x86_64/libxml2/include  conftest.c >&5
configure:9059: $? = 0
configure:9067: result: yes
configure:9491: checking for size_t
configure:9491: /root/.ppkg/core/wrapper-target-cc -c  -Os  -I/root/.ppkg/run/2404/linux-musl-x86_64/uctags/include -DNDEBUG -I/root/.ppkg/installed/linux-musl-x86_64/libjansson/include -I/root/.ppkg/installed/linux-musl-x86_64/libyaml/include -I/root/.ppkg/installed/linux-musl-x86_64/libiconv/include -I/root/.ppkg/installed/linux-musl-x86_64/libz/include -I/root/.ppkg/installed/linux-musl-x86_64/libxml2/include  conftest.c >&5
configure:9491: $? = 0
configure:9491: /root/.ppkg/core/wrapper-target-cc -c  -Os  -I/root/.ppkg/run/2404/linux-musl-x86_64/uctags/include -DNDEBUG -I/root/.ppkg/installed/linux-musl-x86_64/libjansson/include -I/root/.ppkg/installed/linux-musl-x86_64/libyaml/include -I/root/.ppkg/installed/linux-musl-x86_64/libiconv/include -I/root/.ppkg/installed/linux-musl-x86_64/libz/include -I/root/.ppkg/installed/linux-musl-x86_64/libxml2/include  conftest.c >&5
conftest.c: In function 'main':
conftest.c:93:21: error: expected expression before ')' token
   93 | if (sizeof ((size_t)))
      |                     ^
configure:9491: $? = 1
configure: failed program was:
| /* confdefs.h */
| #define PACKAGE_NAME "universal-ctags"
| #define PACKAGE_TARNAME "universal-ctags"
| #define PACKAGE_VERSION "6.2.0"
| #define PACKAGE_STRING "universal-ctags 6.2.0"
| #define PACKAGE_BUGREPORT ""
| #define PACKAGE_URL ""
| #define PACKAGE "universal-ctags"
| #define VERSION "6.2.0"
| #define DEFAULT_FILE_FORMAT 2
| #define ETAGS "etags"
| #define HAVE_STDIO_H 1
| #define HAVE_STDLIB_H 1
| #define HAVE_STRING_H 1
| #define HAVE_INTTYPES_H 1
| #define HAVE_STDINT_H 1
| #define HAVE_STRINGS_H 1
| #define HAVE_SYS_STAT_H 1
| #define HAVE_SYS_TYPES_H 1
| #define HAVE_UNISTD_H 1
| #define HAVE_WCHAR_H 1
| #define HAVE_FNMATCH_H 1
| #define HAVE_THREADS_H 1
| #define HAVE_LIMITS_H 1
| #define HAVE_LANGINFO_H 1
| #define HAVE_SYS_MMAN_H 1
| #define HAVE_MALLOC_H 1
| #define HAVE_FEATURES_H 1
| #define HAVE_WCTYPE_H 1
| #define STDC_HEADERS 1
| #define _ALL_SOURCE 1
| #define _DARWIN_C_SOURCE 1
| #define _GNU_SOURCE 1
| #define _HPUX_ALT_XOPEN_SOCKET_API 1
| #define _NETBSD_SOURCE 1
| #define _OPENBSD_SOURCE 1
| #define _POSIX_PTHREAD_SEMANTICS 1
| #define __STDC_WANT_IEC_60559_ATTRIBS_EXT__ 1
| #define __STDC_WANT_IEC_60559_BFP_EXT__ 1
| #define __STDC_WANT_IEC_60559_DFP_EXT__ 1
| #define __STDC_WANT_IEC_60559_EXT__ 1
| #define __STDC_WANT_IEC_60559_FUNCS_EXT__ 1
| #define __STDC_WANT_IEC_60559_TYPES_EXT__ 1
| #define __STDC_WANT_LIB_EXT2__ 1
| #define __STDC_WANT_MATH_SPEC_FUNCS__ 1
| #define _TANDEM_SOURCE 1
| #define __EXTENSIONS__ 1
| #define TMPDIR "/tmp"
| #define EXTERNAL_SORT 1
| #define HAVE_DIRENT_H 1
| #define HAVE_FCNTL_H 1
| #define HAVE_UNISTD_H 1
| #define HAVE_SYS_DIR_H 1
| #define HAVE_SYS_STAT_H 1
| #define HAVE_SYS_TYPES_H 1
| #define HAVE_SYS_WAIT_H 1
| #define HAVE_STDBOOL_H 1
| #define HAVE_TYPEOF 1
| #define HAVE_STATEMENT_EXPRESSION_EXT 1
| #define HAVE_STAT_ST_INO 1
| /* end confdefs.h.  */
| #include <stddef.h>
| #ifdef HAVE_STDIO_H
| # include <stdio.h>
| #endif
| #ifdef HAVE_STDLIB_H
| # include <stdlib.h>
| #endif
| #ifdef HAVE_STRING_H
| # include <string.h>
| #endif
| #ifdef HAVE_INTTYPES_H
| # include <inttypes.h>
| #endif
| #ifdef HAVE_STDINT_H
| # include <stdint.h>
| #endif
| #ifdef HAVE_STRINGS_H
| # include <strings.h>
| #endif
| #ifdef HAVE_SYS_TYPES_H
| # include <sys/types.h>
| #endif
| #ifdef HAVE_SYS_STAT_H
| # include <sys/stat.h>
| #endif
| #ifdef HAVE_UNISTD_H
| # include <unistd.h>
| #endif
| int
| main (void)
| {
| if (sizeof ((size_t)))
| 	    return 0;
|   ;
|   return 0;
| }
configure:9491: result: yes
configure:9504: checking for working alloca.h
configure:9522: /root/.ppkg/core/wrapper-target-cc -o conftest  -Os  -I/root/.ppkg/run/2404/linux-musl-x86_64/uctags/include -DNDEBUG -I/root/.ppkg/installed/linux-musl-x86_64/libjansson/include -I/root/.ppkg/installed/linux-musl-x86_64/libyaml/include -I/root/.ppkg/installed/linux-musl-x86_64/libiconv/include -I/root/.ppkg/installed/linux-musl-x86_64/libz/include -I/root/.ppkg/installed/linux-musl-x86_64/libxml2/include  -static --static -ffunction-sections -fdata-sections -Wl,--gc-sections -L/root/.ppkg/run/2404/linux-musl-x86_64/uctags/lib -Wl,--as-needed -flto -Wl,-s -L/root/.ppkg/installed/linux-musl-x86_64/libjansson/lib -Wl,-rpath,/root/.ppkg/installed/linux-musl-x86_64/libjansson/lib -L/root/.ppkg/installed/linux-musl-x86_64/libyaml/lib -Wl,-rpath,/root/.ppkg/installed/linux-musl-x86_64/libyaml/lib -L/root/.ppkg/installed/linux-musl-x86_64/libiconv/lib -Wl,-rpath,/root/.ppkg/installed/linux-musl-x86_64/libiconv/lib -L/root/.ppkg/installed/linux-musl-x86_64/libz/lib -Wl,-rpath,/root/.ppkg/installed/linux-musl-x86_64/libz/lib -L/root/.ppkg/installed/linux-musl-x86_64/libxml2/lib -Wl,-rpath,/root/.ppkg/installed/linux-musl-x86_64/libxml2/lib conftest.c  >&5
configure:9522: $? = 0
configure:9533: result: yes
configure:9541: checking for alloca
configure:9586: result: yes
configure:9720: checking whether <wchar.h> uses 'inline' correctly
configure:9777: result: yes
configure:9795: checking for btowc
configure:9795: /root/.ppkg/core/wrapper-target-cc -o conftest  -Os  -I/root/.ppkg/run/2404/linux-musl-x86_64/uctags/include -DNDEBUG -I/root/.ppkg/installed/linux-musl-x86_64/libjansson/include -I/root/.ppkg/installed/linux-musl-x86_64/libyaml/include -I/root/.ppkg/installed/linux-musl-x86_64/libiconv/include -I/root/.ppkg/installed/linux-musl-x86_64/libz/include -I/root/.ppkg/installed/linux-musl-x86_64/libxml2/include  -static --static -ffunction-sections -fdata-sections -Wl,--gc-sections -L/root/.ppkg/run/2404/linux-musl-x86_64/uctags/lib -Wl,--as-needed -flto -Wl,-s -L/root/.ppkg/installed/linux-musl-x86_64/libjansson/lib -Wl,-rpath,/root/.ppkg/installed/linux-musl-x86_64/libjansson/lib -L/root/.ppkg/installed/linux-musl-x86_64/libyaml/lib -Wl,-rpath,/root/.ppkg/installed/linux-musl-x86_64/libyaml/lib -L/root/.ppkg/installed/linux-musl-x86_64/libiconv/lib -Wl,-rpath,/root/.ppkg/installed/linux-musl-x86_64/libiconv/lib -L/root/.ppkg/installed/linux-musl-x86_64/libz/lib -Wl,-rpath,/root/.ppkg/installed/linux-musl-x86_64/libz/lib -L/root/.ppkg/installed/linux-musl-x86_64/libxml2/lib -Wl,-rpath,/root/.ppkg/installed/linux-musl-x86_64/libxml2/lib conftest.c  >&5
configure:9795: $? = 0
configure:9795: result: yes
configure:9795: checking for fnmatch
configure:9795: /root/.ppkg/core/wrapper-target-cc -o conftest  -Os  -I/root/.ppkg/run/2404/linux-musl-x86_64/uctags/include -DNDEBUG -I/root/.ppkg/installed/linux-musl-x86_64/libjansson/include -I/root/.ppkg/installed/linux-musl-x86_64/libyaml/include -I/root/.ppkg/installed/linux-musl-x86_64/libiconv/include -I/root/.ppkg/installed/linux-musl-x86_64/libz/include -I/root/.ppkg/installed/linux-musl-x86_64/libxml2/include  -static --static -ffunction-sections -fdata-sections -Wl,--gc-sections -L/root/.ppkg/run/2404/linux-musl-x86_64/uctags/lib -Wl,--as-needed -flto -Wl,-s -L/root/.ppkg/installed/linux-musl-x86_64/libjansson/lib -Wl,-rpath,/root/.ppkg/installed/linux-musl-x86_64/libjansson/lib -L/root/.ppkg/installed/linux-musl-x86_64/libyaml/lib -Wl,-rpath,/root/.ppkg/installed/linux-musl-x86_64/libyaml/lib -L/root/.ppkg/installed/linux-musl-x86_64/libiconv/lib -Wl,-rpath,/root/.ppkg/installed/linux-musl-x86_64/libiconv/lib -L/root/.ppkg/installed/linux-musl-x86_64/libz/lib -Wl,-rpath,/root/.ppkg/installed/linux-musl-x86_64/libz/lib -L/root/.ppkg/installed/linux-musl-x86_64/libxml2/lib -Wl,-rpath,/root/.ppkg/installed/linux-musl-x86_64/libxml2/lib conftest.c  >&5
configure:9795: $? = 0
configure:9795: result: yes
configure:9795: checking for mbsrtowcs
configure:9795: /root/.ppkg/core/wrapper-target-cc -o conftest  -Os  -I/root/.ppkg/run/2404/linux-musl-x86_64/uctags/include -DNDEBUG -I/root/.ppkg/installed/linux-musl-x86_64/libjansson/include -I/root/.ppkg/installed/linux-musl-x86_64/libyaml/include -I/root/.ppkg/installed/linux-musl-x86_64/libiconv/include -I/root/.ppkg/installed/linux-musl-x86_64/libz/include -I/root/.ppkg/installed/linux-musl-x86_64/libxml2/include  -static --static -ffunction-sections -fdata-sections -Wl,--gc-sections -L/root/.ppkg/run/2404/linux-musl-x86_64/uctags/lib -Wl,--as-needed -flto -Wl,-s -L/root/.ppkg/installed/linux-musl-x86_64/libjansson/lib -Wl,-rpath,/root/.ppkg/installed/linux-musl-x86_64/libjansson/lib -L/root/.ppkg/installed/linux-musl-x86_64/libyaml/lib -Wl,-rpath,/root/.ppkg/installed/linux-musl-x86_64/libyaml/lib -L/root/.ppkg/installed/linux-musl-x86_64/libiconv/lib -Wl,-rpath,/root/.ppkg/installed/linux-musl-x86_64/libiconv/lib -L/root/.ppkg/installed/linux-musl-x86_64/libz/lib -Wl,-rpath,/root/.ppkg/installed/linux-musl-x86_64/libz/lib -L/root/.ppkg/installed/linux-musl-x86_64/libxml2/lib -Wl,-rpath,/root/.ppkg/installed/linux-musl-x86_64/libxml2/lib conftest.c  >&5
configure:9795: $? = 0
configure:9795: result: yes
configure:9795: checking for isblank
configure:9795: /root/.ppkg/core/wrapper-target-cc -o conftest  -Os  -I/root/.ppkg/run/2404/linux-musl-x86_64/uctags/include -DNDEBUG -I/root/.ppkg/installed/linux-musl-x86_64/libjansson/include -I/root/.ppkg/installed/linux-musl-x86_64/libyaml/include -I/root/.ppkg/installed/linux-musl-x86_64/libiconv/include -I/root/.ppkg/installed/linux-musl-x86_64/libz/include -I/root/.ppkg/installed/linux-musl-x86_64/libxml2/include  -static --static -ffunction-sections -fdata-sections -Wl,--gc-sections -L/root/.ppkg/run/2404/linux-musl-x86_64/uctags/lib -Wl,--as-needed -flto -Wl,-s -L/root/.ppkg/installed/linux-musl-x86_64/libjansson/lib -Wl,-rpath,/root/.ppkg/installed/linux-musl-x86_64/libjansson/lib -L/root/.ppkg/installed/linux-musl-x86_64/libyaml/lib -Wl,-rpath,/root/.ppkg/installed/linux-musl-x86_64/libyaml/lib -L/root/.ppkg/installed/linux-musl-x86_64/libiconv/lib -Wl,-rpath,/root/.ppkg/installed/linux-musl-x86_64/libiconv/lib -L/root/.ppkg/installed/linux-musl-x86_64/libz/lib -Wl,-rpath,/root/.ppkg/installed/linux-musl-x86_64/libz/lib -L/root/.ppkg/installed/linux-musl-x86_64/libxml2/lib -Wl,-rpath,/root/.ppkg/installed/linux-musl-x86_64/libxml2/lib conftest.c  >&5
conftest.c:83:6: warning: conflicting types for built-in function 'isblank'; expected 'int(int)' [-Wbuiltin-declaration-mismatch]
   83 | char isblank (void);
      |      ^~~~~~~
conftest.c:75:1: note: 'isblank' is declared in header '<ctype.h>'
   74 | #include <limits.h>
   75 | #undef isblank
configure:9795: $? = 0
configure:9795: result: yes
configure:9795: checking for mbsinit
configure:9795: /root/.ppkg/core/wrapper-target-cc -o conftest  -Os  -I/root/.ppkg/run/2404/linux-musl-x86_64/uctags/include -DNDEBUG -I/root/.ppkg/installed/linux-musl-x86_64/libjansson/include -I/root/.ppkg/installed/linux-musl-x86_64/libyaml/include -I/root/.ppkg/installed/linux-musl-x86_64/libiconv/include -I/root/.ppkg/installed/linux-musl-x86_64/libz/include -I/root/.ppkg/installed/linux-musl-x86_64/libxml2/include  -static --static -ffunction-sections -fdata-sections -Wl,--gc-sections -L/root/.ppkg/run/2404/linux-musl-x86_64/uctags/lib -Wl,--as-needed -flto -Wl,-s -L/root/.ppkg/installed/linux-musl-x86_64/libjansson/lib -Wl,-rpath,/root/.ppkg/installed/linux-musl-x86_64/libjansson/lib -L/root/.ppkg/installed/linux-musl-x86_64/libyaml/lib -Wl,-rpath,/root/.ppkg/installed/linux-musl-x86_64/libyaml/lib -L/root/.ppkg/installed/linux-musl-x86_64/libiconv/lib -Wl,-rpath,/root/.ppkg/installed/linux-musl-x86_64/libiconv/lib -L/root/.ppkg/installed/linux-musl-x86_64/libz/lib -Wl,-rpath,/root/.ppkg/installed/linux-musl-x86_64/libz/lib -L/root/.ppkg/installed/linux-musl-x86_64/libxml2/lib -Wl,-rpath,/root/.ppkg/installed/linux-musl-x86_64/libxml2/lib conftest.c  >&5
configure:9795: $? = 0
configure:9795: result: yes
configure:9795: checking for mbrtowc
configure:9795: /root/.ppkg/core/wrapper-target-cc -o conftest  -Os  -I/root/.ppkg/run/2404/linux-musl-x86_64/uctags/include -DNDEBUG -I/root/.ppkg/installed/linux-musl-x86_64/libjansson/include -I/root/.ppkg/installed/linux-musl-x86_64/libyaml/include -I/root/.ppkg/installed/linux-musl-x86_64/libiconv/include -I/root/.ppkg/installed/linux-musl-x86_64/libz/include -I/root/.ppkg/installed/linux-musl-x86_64/libxml2/include  -static --static -ffunction-sections -fdata-sections -Wl,--gc-sections -L/root/.ppkg/run/2404/linux-musl-x86_64/uctags/lib -Wl,--as-needed -flto -Wl,-s -L/root/.ppkg/installed/linux-musl-x86_64/libjansson/lib -Wl,-rpath,/root/.ppkg/installed/linux-musl-x86_64/libjansson/lib -L/root/.ppkg/installed/linux-musl-x86_64/libyaml/lib -Wl,-rpath,/root/.ppkg/installed/linux-musl-x86_64/libyaml/lib -L/root/.ppkg/installed/linux-musl-x86_64/libiconv/lib -Wl,-rpath,/root/.ppkg/installed/linux-musl-x86_64/libiconv/lib -L/root/.ppkg/installed/linux-musl-x86_64/libz/lib -Wl,-rpath,/root/.ppkg/installed/linux-musl-x86_64/libz/lib -L/root/.ppkg/installed/linux-musl-x86_64/libxml2/lib -Wl,-rpath,/root/.ppkg/installed/linux-musl-x86_64/libxml2/lib conftest.c  >&5
configure:9795: $? = 0
configure:9795: result: yes
configure:9795: checking for mprotect
configure:9795: /root/.ppkg/core/wrapper-target-cc -o conftest  -Os  -I/root/.ppkg/run/2404/linux-musl-x86_64/uctags/include -DNDEBUG -I/root/.ppkg/installed/linux-musl-x86_64/libjansson/include -I/root/.ppkg/installed/linux-musl-x86_64/libyaml/include -I/root/.ppkg/installed/linux-musl-x86_64/libiconv/include -I/root/.ppkg/installed/linux-musl-x86_64/libz/include -I/root/.ppkg/installed/linux-musl-x86_64/libxml2/include  -static --static -ffunction-sections -fdata-sections -Wl,--gc-sections -L/root/.ppkg/run/2404/linux-musl-x86_64/uctags/lib -Wl,--as-needed -flto -Wl,-s -L/root/.ppkg/installed/linux-musl-x86_64/libjansson/lib -Wl,-rpath,/root/.ppkg/installed/linux-musl-x86_64/libjansson/lib -L/root/.ppkg/installed/linux-musl-x86_64/libyaml/lib -Wl,-rpath,/root/.ppkg/installed/linux-musl-x86_64/libyaml/lib -L/root/.ppkg/installed/linux-musl-x86_64/libiconv/lib -Wl,-rpath,/root/.ppkg/installed/linux-musl-x86_64/libiconv/lib -L/root/.ppkg/installed/linux-musl-x86_64/libz/lib -Wl,-rpath,/root/.ppkg/installed/linux-musl-x86_64/libz/lib -L/root/.ppkg/installed/linux-musl-x86_64/libxml2/lib -Wl,-rpath,/root/.ppkg/installed/linux-musl-x86_64/libxml2/lib conftest.c  >&5
configure:9795: $? = 0
configure:9795: result: yes
configure:9795: checking for nl_langinfo
configure:9795: /root/.ppkg/core/wrapper-target-cc -o conftest  -Os  -I/root/.ppkg/run/2404/linux-musl-x86_64/uctags/include -DNDEBUG -I/root/.ppkg/installed/linux-musl-x86_64/libjansson/include -I/root/.ppkg/installed/linux-musl-x86_64/libyaml/include -I/root/.ppkg/installed/linux-musl-x86_64/libiconv/include -I/root/.ppkg/installed/linux-musl-x86_64/libz/include -I/root/.ppkg/installed/linux-musl-x86_64/libxml2/include  -static --static -ffunction-sections -fdata-sections -Wl,--gc-sections -L/root/.ppkg/run/2404/linux-musl-x86_64/uctags/lib -Wl,--as-needed -flto -Wl,-s -L/root/.ppkg/installed/linux-musl-x86_64/libjansson/lib -Wl,-rpath,/root/.ppkg/installed/linux-musl-x86_64/libjansson/lib -L/root/.ppkg/installed/linux-musl-x86_64/libyaml/lib -Wl,-rpath,/root/.ppkg/installed/linux-musl-x86_64/libyaml/lib -L/root/.ppkg/installed/linux-musl-x86_64/libiconv/lib -Wl,-rpath,/root/.ppkg/installed/linux-musl-x86_64/libiconv/lib -L/root/.ppkg/installed/linux-musl-x86_64/libz/lib -Wl,-rpath,/root/.ppkg/installed/linux-musl-x86_64/libz/lib -L/root/.ppkg/installed/linux-musl-x86_64/libxml2/lib -Wl,-rpath,/root/.ppkg/installed/linux-musl-x86_64/libxml2/lib conftest.c  >&5
configure:9795: $? = 0
configure:9795: result: yes
configure:9795: checking for iswctype
configure:9795: /root/.ppkg/core/wrapper-target-cc -o conftest  -Os  -I/root/.ppkg/run/2404/linux-musl-x86_64/uctags/include -DNDEBUG -I/root/.ppkg/installed/linux-musl-x86_64/libjansson/include -I/root/.ppkg/installed/linux-musl-x86_64/libyaml/include -I/root/.ppkg/installed/linux-musl-x86_64/libiconv/include -I/root/.ppkg/installed/linux-musl-x86_64/libz/include -I/root/.ppkg/installed/linux-musl-x86_64/libxml2/include  -static --static -ffunction-sections -fdata-sections -Wl,--gc-sections -L/root/.ppkg/run/2404/linux-musl-x86_64/uctags/lib -Wl,--as-needed -flto -Wl,-s -L/root/.ppkg/installed/linux-musl-x86_64/libjansson/lib -Wl,-rpath,/root/.ppkg/installed/linux-musl-x86_64/libjansson/lib -L/root/.ppkg/installed/linux-musl-x86_64/libyaml/lib -Wl,-rpath,/root/.ppkg/installed/linux-musl-x86_64/libyaml/lib -L/root/.ppkg/installed/linux-musl-x86_64/libiconv/lib -Wl,-rpath,/root/.ppkg/installed/linux-musl-x86_64/libiconv/lib -L/root/.ppkg/installed/linux-musl-x86_64/libz/lib -Wl,-rpath,/root/.ppkg/installed/linux-musl-x86_64/libz/lib -L/root/.ppkg/installed/linux-musl-x86_64/libxml2/lib -Wl,-rpath,/root/.ppkg/installed/linux-musl-x86_64/libxml2/lib conftest.c  >&5
configure:9795: $? = 0
configure:9795: result: yes
configure:9795: checking for wcrtomb
configure:9795: /root/.ppkg/core/wrapper-target-cc -o conftest  -Os  -I/root/.ppkg/run/2404/linux-musl-x86_64/uctags/include -DNDEBUG -I/root/.ppkg/installed/linux-musl-x86_64/libjansson/include -I/root/.ppkg/installed/linux-musl-x86_64/libyaml/include -I/root/.ppkg/installed/linux-musl-x86_64/libiconv/include -I/root/.ppkg/installed/linux-musl-x86_64/libz/include -I/root/.ppkg/installed/linux-musl-x86_64/libxml2/include  -static --static -ffunction-sections -fdata-sections -Wl,--gc-sections -L/root/.ppkg/run/2404/linux-musl-x86_64/uctags/lib -Wl,--as-needed -flto -Wl,-s -L/root/.ppkg/installed/linux-musl-x86_64/libjansson/lib -Wl,-rpath,/root/.ppkg/installed/linux-musl-x86_64/libjansson/lib -L/root/.ppkg/installed/linux-musl-x86_64/libyaml/lib -Wl,-rpath,/root/.ppkg/installed/linux-musl-x86_64/libyaml/lib -L/root/.ppkg/installed/linux-musl-x86_64/libiconv/lib -Wl,-rpath,/root/.ppkg/installed/linux-musl-x86_64/libiconv/lib -L/root/.ppkg/installed/linux-musl-x86_64/libz/lib -Wl,-rpath,/root/.ppkg/installed/linux-musl-x86_64/libz/lib -L/root/.ppkg/installed/linux-musl-x86_64/libxml2/lib -Wl,-rpath,/root/.ppkg/installed/linux-musl-x86_64/libxml2/lib conftest.c  >&5
configure:9795: $? = 0
configure:9795: result: yes
configure:9795: checking for iswcntrl
configure:9795: /root/.ppkg/core/wrapper-target-cc -o conftest  -Os  -I/root/.ppkg/run/2404/linux-musl-x86_64/uctags/include -DNDEBUG -I/root/.ppkg/installed/linux-musl-x86_64/libjansson/include -I/root/.ppkg/installed/linux-musl-x86_64/libyaml/include -I/root/.ppkg/installed/linux-musl-x86_64/libiconv/include -I/root/.ppkg/installed/linux-musl-x86_64/libz/include -I/root/.ppkg/installed/linux-musl-x86_64/libxml2/include  -static --static -ffunction-sections -fdata-sections -Wl,--gc-sections -L/root/.ppkg/run/2404/linux-musl-x86_64/uctags/lib -Wl,--as-needed -flto -Wl,-s -L/root/.ppkg/installed/linux-musl-x86_64/libjansson/lib -Wl,-rpath,/root/.ppkg/installed/linux-musl-x86_64/libjansson/lib -L/root/.ppkg/installed/linux-musl-x86_64/libyaml/lib -Wl,-rpath,/root/.ppkg/installed/linux-musl-x86_64/libyaml/lib -L/root/.ppkg/installed/linux-musl-x86_64/libiconv/lib -Wl,-rpath,/root/.ppkg/installed/linux-musl-x86_64/libiconv/lib -L/root/.ppkg/installed/linux-musl-x86_64/libz/lib -Wl,-rpath,/root/.ppkg/installed/linux-musl-x86_64/libz/lib -L/root/.ppkg/installed/linux-musl-x86_64/libxml2/lib -Wl,-rpath,/root/.ppkg/installed/linux-musl-x86_64/libxml2/lib conftest.c  >&5
conftest.c:90:6: warning: conflicting types for built-in function 'iswcntrl'; expected 'int(unsigned int)' [-Wbuiltin-declaration-mismatch]
   90 | char iswcntrl (void);
      |      ^~~~~~~~
conftest.c:82:1: note: 'iswcntrl' is declared in header '<wctype.h>'
   81 | #include <limits.h>
   82 | #undef iswcntrl
configure:9795: $? = 0
configure:9795: result: yes
configure:9795: checking for wmempcpy
configure:9795: /root/.ppkg/core/wrapper-target-cc -o conftest  -Os  -I/root/.ppkg/run/2404/linux-musl-x86_64/uctags/include -DNDEBUG -I/root/.ppkg/installed/linux-musl-x86_64/libjansson/include -I/root/.ppkg/installed/linux-musl-x86_64/libyaml/include -I/root/.ppkg/installed/linux-musl-x86_64/libiconv/include -I/root/.ppkg/installed/linux-musl-x86_64/libz/include -I/root/.ppkg/installed/linux-musl-x86_64/libxml2/include  -static --static -ffunction-sections -fdata-sections -Wl,--gc-sections -L/root/.ppkg/run/2404/linux-musl-x86_64/uctags/lib -Wl,--as-needed -flto -Wl,-s -L/root/.ppkg/installed/linux-musl-x86_64/libjansson/lib -Wl,-rpath,/root/.ppkg/installed/linux-musl-x86_64/libjansson/lib -L/root/.ppkg/installed/linux-musl-x86_64/libyaml/lib -Wl,-rpath,/root/.ppkg/installed/linux-musl-x86_64/libyaml/lib -L/root/.ppkg/installed/linux-musl-x86_64/libiconv/lib -Wl,-rpath,/root/.ppkg/installed/linux-musl-x86_64/libiconv/lib -L/root/.ppkg/installed/linux-musl-x86_64/libz/lib -Wl,-rpath,/root/.ppkg/installed/linux-musl-x86_64/libz/lib -L/root/.ppkg/installed/linux-musl-x86_64/libxml2/lib -Wl,-rpath,/root/.ppkg/installed/linux-musl-x86_64/libxml2/lib conftest.c  >&5
/usr/lib/gcc/x86_64-alpine-linux-musl/15.2.0/../../../../x86_64-alpine-linux-musl/bin/ld: /tmp/cclNmhHh.ltrans0.ltrans.o: in function `main':
<artificial>:(.text.startup.main+0x2): undefined reference to `wmempcpy'
collect2: error: ld returned 1 exit status
configure:9795: $? = 1
configure: failed program was:
| /* confdefs.h */
| #define PACKAGE_NAME "universal-ctags"
| #define PACKAGE_TARNAME "universal-ctags"
| #define PACKAGE_VERSION "6.2.0"
| #define PACKAGE_STRING "universal-ctags 6.2.0"
| #define PACKAGE_BUGREPORT ""
| #define PACKAGE_URL ""
| #define PACKAGE "universal-ctags"
| #define VERSION "6.2.0"
| #define DEFAULT_FILE_FORMAT 2
| #define ETAGS "etags"
| #define HAVE_STDIO_H 1
| #define HAVE_STDLIB_H 1
| #define HAVE_STRING_H 1
| #define HAVE_INTTYPES_H 1
| #define HAVE_STDINT_H 1
| #define HAVE_STRINGS_H 1
| #define HAVE_SYS_STAT_H 1
| #define HAVE_SYS_TYPES_H 1
| #define HAVE_UNISTD_H 1
| #define HAVE_WCHAR_H 1
| #define HAVE_FNMATCH_H 1
| #define HAVE_THREADS_H 1
| #define HAVE_LIMITS_H 1
| #define HAVE_LANGINFO_H 1
| #define HAVE_SYS_MMAN_H 1
| #define HAVE_MALLOC_H 1
| #define HAVE_FEATURES_H 1
| #define HAVE_WCTYPE_H 1
| #define STDC_HEADERS 1
| #define _ALL_SOURCE 1
| #define _DARWIN_C_SOURCE 1
| #define _GNU_SOURCE 1
| #define _HPUX_ALT_XOPEN_SOCKET_API 1
| #define _NETBSD_SOURCE 1
| #define _OPENBSD_SOURCE 1
| #define _POSIX_PTHREAD_SEMANTICS 1
| #define __STDC_WANT_IEC_60559_ATTRIBS_EXT__ 1
| #define __STDC_WANT_IEC_60559_BFP_EXT__ 1
| #define __STDC_WANT_IEC_60559_DFP_EXT__ 1
| #define __STDC_WANT_IEC_60559_EXT__ 1
| #define __STDC_WANT_IEC_60559_FUNCS_EXT__ 1
| #define __STDC_WANT_IEC_60559_TYPES_EXT__ 1
| #define __STDC_WANT_LIB_EXT2__ 1
| #define __STDC_WANT_MATH_SPEC_FUNCS__ 1
| #define _TANDEM_SOURCE 1
| #define __EXTENSIONS__ 1
| #define TMPDIR "/tmp"
| #define EXTERNAL_SORT 1
| #define HAVE_DIRENT_H 1
| #define HAVE_FCNTL_H 1
| #define HAVE_UNISTD_H 1
| #define HAVE_SYS_DIR_H 1
| #define HAVE_SYS_STAT_H 1
| #define HAVE_SYS_TYPES_H 1
| #define HAVE_SYS_WAIT_H 1
| #define HAVE_STDBOOL_H 1
| #define HAVE_TYPEOF 1
| #define HAVE_STATEMENT_EXPRESSION_EXT 1
| #define HAVE_STAT_ST_INO 1
| #define HAVE_ALLOCA_H 1
| #define HAVE_ALLOCA 1
| #define HAVE_BTOWC 1
| #define HAVE_FNMATCH 1
| #define HAVE_MBSRTOWCS 1
| #define HAVE_ISBLANK 1
| #define HAVE_MBSINIT 1
| #define HAVE_MBRTOWC 1
| #define HAVE_MPROTECT 1
| #define HAVE_NL_LANGINFO 1
| #define HAVE_ISWCTYPE 1
| #define HAVE_WCRTOMB 1
| #define HAVE_ISWCNTRL 1
| /* end confdefs.h.  */
| /* Define wmempcpy to an innocuous variant, in case <limits.h> declares wmempcpy.
|    For example, HP-UX 11i <limits.h> declares gettimeofday.  */
| #define wmempcpy innocuous_wmempcpy
| 
| /* System header to define __stub macros and hopefully few prototypes,
|    which can conflict with char wmempcpy (void); below.  */
| 
| #include <limits.h>
| #undef wmempcpy
| 
| /* Override any GCC internal prototype to avoid an error.
|    Use char because int might match the return type of a GCC
|    builtin and then its argument prototype would still apply.  */
| #ifdef __cplusplus
| extern "C"
| #endif
| char wmempcpy (void);
| /* The GNU C library defines this for functions which it implements
|     to always fail with ENOSYS.  Some functions are actually named
|     something starting with __ and the normal name is an alias.  */
| #if defined __stub_wmempcpy || defined __stub___wmempcpy
| choke me
| #endif
| 
| int
| main (void)
| {
| return wmempcpy ();
|   ;
|   return 0;
| }
configure:9795: result: no
configure:9805: checking for nl_langinfo and CODESET
configure:9822: /root/.ppkg/core/wrapper-target-cc -o conftest  -Os  -I/root/.ppkg/run/2404/linux-musl-x86_64/uctags/include -DNDEBUG -I/root/.ppkg/installed/linux-musl-x86_64/libjansson/include -I/root/.ppkg/installed/linux-musl-x86_64/libyaml/include -I/root/.ppkg/installed/linux-musl-x86_64/libiconv/include -I/root/.ppkg/installed/linux-musl-x86_64/libz/include -I/root/.ppkg/installed/linux-musl-x86_64/libxml2/include  -static --static -ffunction-sections -fdata-sections -Wl,--gc-sections -L/root/.ppkg/run/2404/linux-musl-x86_64/uctags/lib -Wl,--as-needed -flto -Wl,-s -L/root/.ppkg/installed/linux-musl-x86_64/libjansson/lib -Wl,-rpath,/root/.ppkg/installed/linux-musl-x86_64/libjansson/lib -L/root/.ppkg/installed/linux-musl-x86_64/libyaml/lib -Wl,-rpath,/root/.ppkg/installed/linux-musl-x86_64/libyaml/lib -L/root/.ppkg/installed/linux-musl-x86_64/libiconv/lib -Wl,-rpath,/root/.ppkg/installed/linux-musl-x86_64/libiconv/lib -L/root/.ppkg/installed/linux-musl-x86_64/libz/lib -Wl,-rpath,/root/.ppkg/installed/linux-musl-x86_64/libz/lib -L/root/.ppkg/installed/linux-musl-x86_64/libxml2/lib -Wl,-rpath,/root/.ppkg/installed/linux-musl-x86_64/libxml2/lib conftest.c  >&5
configure:9822: $? = 0
configure:9834: result: yes
configure:9845: checking for a traditional french locale
configure:9921: /root/.ppkg/core/wrapper-target-cc -o conftest  -Os  -I/root/.ppkg/run/2404/linux-musl-x86_64/uctags/include -DNDEBUG -I/root/.ppkg/installed/linux-musl-x86_64/libjansson/include -I/root/.ppkg/installed/linux-musl-x86_64/libyaml/include -I/root/.ppkg/installed/linux-musl-x86_64/libiconv/include -I/root/.ppkg/installed/linux-musl-x86_64/libz/include -I/root/.ppkg/installed/linux-musl-x86_64/libxml2/include  -static --static -ffunction-sections -fdata-sections -Wl,--gc-sections -L/root/.ppkg/run/2404/linux-musl-x86_64/uctags/lib -Wl,--as-needed -flto -Wl,-s -L/root/.ppkg/installed/linux-musl-x86_64/libjansson/lib -Wl,-rpath,/root/.ppkg/installed/linux-musl-x86_64/libjansson/lib -L/root/.ppkg/installed/linux-musl-x86_64/libyaml/lib -Wl,-rpath,/root/.ppkg/installed/linux-musl-x86_64/libyaml/lib -L/root/.ppkg/installed/linux-musl-x86_64/libiconv/lib -Wl,-rpath,/root/.ppkg/installed/linux-musl-x86_64/libiconv/lib -L/root/.ppkg/installed/linux-musl-x86_64/libz/lib -Wl,-rpath,/root/.ppkg/installed/linux-musl-x86_64/libz/lib -L/root/.ppkg/installed/linux-musl-x86_64/libxml2/lib -Wl,-rpath,/root/.ppkg/installed/linux-musl-x86_64/libxml2/lib conftest.c  >&5
configure:9924: $? = 0
configure:9981: result: none
configure:10161: checking whether the preprocessor supports include_next
configure:10200: /root/.ppkg/core/wrapper-target-cc -c  -Os  -I/root/.ppkg/run/2404/linux-musl-x86_64/uctags/include -DNDEBUG -I/root/.ppkg/installed/linux-musl-x86_64/libjansson/include -I/root/.ppkg/installed/linux-musl-x86_64/libyaml/include -I/root/.ppkg/installed/linux-musl-x86_64/libiconv/include -I/root/.ppkg/installed/linux-musl-x86_64/libz/include -I/root/.ppkg/installed/linux-musl-x86_64/libxml2/include  -Iconftestd1b -Iconftestd2 conftest.c >&5
configure:10200: $? = 0
configure:10226: result: yes
configure:10248: checking whether source code line length is unlimited
configure:10275: result: yes
configure:10505: checking for mbstate_t
configure:10523: /root/.ppkg/core/wrapper-target-cc -c  -Os  -I/root/.ppkg/run/2404/linux-musl-x86_64/uctags/include -DNDEBUG -I/root/.ppkg/installed/linux-musl-x86_64/libjansson/include -I/root/.ppkg/installed/linux-musl-x86_64/libyaml/include -I/root/.ppkg/installed/linux-musl-x86_64/libiconv/include -I/root/.ppkg/installed/linux-musl-x86_64/libz/include -I/root/.ppkg/installed/linux-musl-x86_64/libxml2/include  conftest.c >&5
configure:10523: $? = 0
configure:10533: result: yes
configure:10556: checking for pthread.h
configure:10556: /root/.ppkg/core/wrapper-target-cc -c  -Os  -I/root/.ppkg/run/2404/linux-musl-x86_64/uctags/include -DNDEBUG -I/root/.ppkg/installed/linux-musl-x86_64/libjansson/include -I/root/.ppkg/installed/linux-musl-x86_64/libyaml/include -I/root/.ppkg/installed/linux-musl-x86_64/libiconv/include -I/root/.ppkg/installed/linux-musl-x86_64/libz/include -I/root/.ppkg/installed/linux-musl-x86_64/libxml2/include  conftest.c >&5
configure:10556: $? = 0
configure:10556: result: yes
configure:10594: /root/.ppkg/core/wrapper-target-cc -o conftest  -Os  -I/root/.ppkg/run/2404/linux-musl-x86_64/uctags/include -DNDEBUG -I/root/.ppkg/installed/linux-musl-x86_64/libjansson/include -I/root/.ppkg/installed/linux-musl-x86_64/libyaml/include -I/root/.ppkg/installed/linux-musl-x86_64/libiconv/include -I/root/.ppkg/installed/linux-musl-x86_64/libz/include -I/root/.ppkg/installed/linux-musl-x86_64/libxml2/include  -static --static -ffunction-sections -fdata-sections -Wl,--gc-sections -L/root/.ppkg/run/2404/linux-musl-x86_64/uctags/lib -Wl,--as-needed -flto -Wl,-s -L/root/.ppkg/installed/linux-musl-x86_64/libjansson/lib -Wl,-rpath,/root/.ppkg/installed/linux-musl-x86_64/libjansson/lib -L/root/.ppkg/installed/linux-musl-x86_64/libyaml/lib -Wl,-rpath,/root/.ppkg/installed/linux-musl-x86_64/libyaml/lib -L/root/.ppkg/installed/linux-musl-x86_64/libiconv/lib -Wl,-rpath,/root/.ppkg/installed/linux-musl-x86_64/libiconv/lib -L/root/.ppkg/installed/linux-musl-x86_64/libz/lib -Wl,-rpath,/root/.ppkg/installed/linux-musl-x86_64/libz/lib -L/root/.ppkg/installed/linux-musl-x86_64/libxml2/lib -Wl,-rpath,/root/.ppkg/installed/linux-musl-x86_64/libxml2/lib conftest.c   >&5
configure:10594: $? = 0
configure:10605: gl_pthread_api=yes
configure:10606: LIBPTHREAD=
configure:10632: gl_pthread_in_glibc=no
configure:10639: checking for pthread_kill in -lpthread
configure:10668: /root/.ppkg/core/wrapper-target-cc -o conftest  -Os  -I/root/.ppkg/run/2404/linux-musl-x86_64/uctags/include -DNDEBUG -I/root/.ppkg/installed/linux-musl-x86_64/libjansson/include -I/root/.ppkg/installed/linux-musl-x86_64/libyaml/include -I/root/.ppkg/installed/linux-musl-x86_64/libiconv/include -I/root/.ppkg/installed/linux-musl-x86_64/libz/include -I/root/.ppkg/installed/linux-musl-x86_64/libxml2/include  -static --static -ffunction-sections -fdata-sections -Wl,--gc-sections -L/root/.ppkg/run/2404/linux-musl-x86_64/uctags/lib -Wl,--as-needed -flto -Wl,-s -L/root/.ppkg/installed/linux-musl-x86_64/libjansson/lib -Wl,-rpath,/root/.ppkg/installed/linux-musl-x86_64/libjansson/lib -L/root/.ppkg/installed/linux-musl-x86_64/libyaml/lib -Wl,-rpath,/root/.ppkg/installed/linux-musl-x86_64/libyaml/lib -L/root/.ppkg/installed/linux-musl-x86_64/libiconv/lib -Wl,-rpath,/root/.ppkg/installed/linux-musl-x86_64/libiconv/lib -L/root/.ppkg/installed/linux-musl-x86_64/libz/lib -Wl,-rpath,/root/.ppkg/installed/linux-musl-x86_64/libz/lib -L/root/.ppkg/installed/linux-musl-x86_64/libxml2/lib -Wl,-rpath,/root/.ppkg/installed/linux-musl-x86_64/libxml2/lib conftest.c -lpthread   >&5
configure:10668: $? = 0
configure:10680: result: yes
configure:10810: LIBPMULTITHREAD=-lpthread
configure:10812: checking whether POSIX threads API is available
configure:10814: result: yes
configure:10835: /root/.ppkg/core/wrapper-target-cc -o conftest  -Os  -I/root/.ppkg/run/2404/linux-musl-x86_64/uctags/include -DNDEBUG -I/root/.ppkg/installed/linux-musl-x86_64/libjansson/include -I/root/.ppkg/installed/linux-musl-x86_64/libyaml/include -I/root/.ppkg/installed/linux-musl-x86_64/libiconv/include -I/root/.ppkg/installed/linux-musl-x86_64/libz/include -I/root/.ppkg/installed/linux-musl-x86_64/libxml2/include  -static --static -ffunction-sections -fdata-sections -Wl,--gc-sections -L/root/.ppkg/run/2404/linux-musl-x86_64/uctags/lib -Wl,--as-needed -flto -Wl,-s -L/root/.ppkg/installed/linux-musl-x86_64/libjansson/lib -Wl,-rpath,/root/.ppkg/installed/linux-musl-x86_64/libjansson/lib -L/root/.ppkg/installed/linux-musl-x86_64/libyaml/lib -Wl,-rpath,/root/.ppkg/installed/linux-musl-x86_64/libyaml/lib -L/root/.ppkg/installed/linux-musl-x86_64/libiconv/lib -Wl,-rpath,/root/.ppkg/installed/linux-musl-x86_64/libiconv/lib -L/root/.ppkg/installed/linux-musl-x86_64/libz/lib -Wl,-rpath,/root/.ppkg/installed/linux-musl-x86_64/libz/lib -L/root/.ppkg/installed/linux-musl-x86_64/libxml2/lib -Wl,-rpath,/root/.ppkg/installed/linux-musl-x86_64/libxml2/lib conftest.c  >&5
configure:10835: $? = 0
configure:10955: checking whether setlocale (LC_ALL, NULL) is multithread-safe
configure:10975: result: no
configure:10993: checking whether setlocale (category, NULL) is multithread-safe
configure:11013: result: yes
configure:11037: checking whether imported symbols can be declared weak
configure:11056: /root/.ppkg/core/wrapper-target-cc -o conftest  -Os  -I/root/.ppkg/run/2404/linux-musl-x86_64/uctags/include -DNDEBUG -I/root/.ppkg/installed/linux-musl-x86_64/libjansson/include -I/root/.ppkg/installed/linux-musl-x86_64/libyaml/include -I/root/.ppkg/installed/linux-musl-x86_64/libiconv/include -I/root/.ppkg/installed/linux-musl-x86_64/libz/include -I/root/.ppkg/installed/linux-musl-x86_64/libxml2/include  -static --static -ffunction-sections -fdata-sections -Wl,--gc-sections -L/root/.ppkg/run/2404/linux-musl-x86_64/uctags/lib -Wl,--as-needed -flto -Wl,-s -L/root/.ppkg/installed/linux-musl-x86_64/libjansson/lib -Wl,-rpath,/root/.ppkg/installed/linux-musl-x86_64/libjansson/lib -L/root/.ppkg/installed/linux-musl-x86_64/libyaml/lib -Wl,-rpath,/root/.ppkg/installed/linux-musl-x86_64/libyaml/lib -L/root/.ppkg/installed/linux-musl-x86_64/libiconv/lib -Wl,-rpath,/root/.ppkg/installed/linux-musl-x86_64/libiconv/lib -L/root/.ppkg/installed/linux-musl-x86_64/libz/lib -Wl,-rpath,/root/.ppkg/installed/linux-musl-x86_64/libz/lib -L/root/.ppkg/installed/linux-musl-x86_64/libxml2/lib -Wl,-rpath,/root/.ppkg/installed/linux-musl-x86_64/libxml2/lib conftest.c  >&5
configure:11056: $? = 0
configure:11094: /root/.ppkg/core/wrapper-target-cc -o conftest  -Os  -I/root/.ppkg/run/2404/linux-musl-x86_64/uctags/include -DNDEBUG -I/root/.ppkg/installed/linux-musl-x86_64/libjansson/include -I/root/.ppkg/installed/linux-musl-x86_64/libyaml/include -I/root/.ppkg/installed/linux-musl-x86_64/libiconv/include -I/root/.ppkg/installed/linux-musl-x86_64/libz/include -I/root/.ppkg/installed/linux-musl-x86_64/libxml2/include  -static --static -ffunction-sections -fdata-sections -Wl,--gc-sections -L/root/.ppkg/run/2404/linux-musl-x86_64/uctags/lib -Wl,--as-needed -flto -Wl,-s -L/root/.ppkg/installed/linux-musl-x86_64/libjansson/lib -Wl,-rpath,/root/.ppkg/installed/linux-musl-x86_64/libjansson/lib -L/root/.ppkg/installed/linux-musl-x86_64/libyaml/lib -Wl,-rpath,/root/.ppkg/installed/linux-musl-x86_64/libyaml/lib -L/root/.ppkg/installed/linux-musl-x86_64/libiconv/lib -Wl,-rpath,/root/.ppkg/installed/linux-musl-x86_64/libiconv/lib -L/root/.ppkg/installed/linux-musl-x86_64/libz/lib -Wl,-rpath,/root/.ppkg/installed/linux-musl-x86_64/libz/lib -L/root/.ppkg/installed/linux-musl-x86_64/libxml2/lib -Wl,-rpath,/root/.ppkg/installed/linux-musl-x86_64/libxml2/lib conftest.c  >&5
configure:11094: $? = 0
configure:11094: ./conftest
configure:11094: $? = 1
configure: program exited with status 1
configure: failed program was:
| /* confdefs.h */
| #define PACKAGE_NAME "universal-ctags"
| #define PACKAGE_TARNAME "universal-ctags"
| #define PACKAGE_VERSION "6.2.0"
| #define PACKAGE_STRING "universal-ctags 6.2.0"
| #define PACKAGE_BUGREPORT ""
| #define PACKAGE_URL ""
| #define PACKAGE "universal-ctags"
| #define VERSION "6.2.0"
| #define DEFAULT_FILE_FORMAT 2
| #define ETAGS "etags"
| #define HAVE_STDIO_H 1
| #define HAVE_STDLIB_H 1
| #define HAVE_STRING_H 1
| #define HAVE_INTTYPES_H 1
| #define HAVE_STDINT_H 1
| #define HAVE_STRINGS_H 1
| #define HAVE_SYS_STAT_H 1
| #define HAVE_SYS_TYPES_H 1
| #define HAVE_UNISTD_H 1
| #define HAVE_WCHAR_H 1
| #define HAVE_FNMATCH_H 1
| #define HAVE_THREADS_H 1
| #define HAVE_LIMITS_H 1
| #define HAVE_LANGINFO_H 1
| #define HAVE_SYS_MMAN_H 1
| #define HAVE_MALLOC_H 1
| #define HAVE_FEATURES_H 1
| #define HAVE_WCTYPE_H 1
| #define STDC_HEADERS 1
| #define _ALL_SOURCE 1
| #define _DARWIN_C_SOURCE 1
| #define _GNU_SOURCE 1
| #define _HPUX_ALT_XOPEN_SOCKET_API 1
| #define _NETBSD_SOURCE 1
| #define _OPENBSD_SOURCE 1
| #define _POSIX_PTHREAD_SEMANTICS 1
| #define __STDC_WANT_IEC_60559_ATTRIBS_EXT__ 1
| #define __STDC_WANT_IEC_60559_BFP_EXT__ 1
| #define __STDC_WANT_IEC_60559_DFP_EXT__ 1
| #define __STDC_WANT_IEC_60559_EXT__ 1
| #define __STDC_WANT_IEC_60559_FUNCS_EXT__ 1
| #define __STDC_WANT_IEC_60559_TYPES_EXT__ 1
| #define __STDC_WANT_LIB_EXT2__ 1
| #define __STDC_WANT_MATH_SPEC_FUNCS__ 1
| #define _TANDEM_SOURCE 1
| #define __EXTENSIONS__ 1
| #define TMPDIR "/tmp"
| #define EXTERNAL_SORT 1
| #define HAVE_DIRENT_H 1
| #define HAVE_FCNTL_H 1
| #define HAVE_UNISTD_H 1
| #define HAVE_SYS_DIR_H 1
| #define HAVE_SYS_STAT_H 1
| #define HAVE_SYS_TYPES_H 1
| #define HAVE_SYS_WAIT_H 1
| #define HAVE_STDBOOL_H 1
| #define HAVE_TYPEOF 1
| #define HAVE_STATEMENT_EXPRESSION_EXT 1
| #define HAVE_STAT_ST_INO 1
| #define HAVE_ALLOCA_H 1
| #define HAVE_ALLOCA 1
| #define HAVE_BTOWC 1
| #define HAVE_FNMATCH 1
| #define HAVE_MBSRTOWCS 1
| #define HAVE_ISBLANK 1
| #define HAVE_MBSINIT 1
| #define HAVE_MBRTOWC 1
| #define HAVE_MPROTECT 1
| #define HAVE_NL_LANGINFO 1
| #define HAVE_ISWCTYPE 1
| #define HAVE_WCRTOMB 1
| #define HAVE_ISWCNTRL 1
| #define HAVE_LANGINFO_CODESET 1
| #define HAVE_MBSTATE_T 1
| #define HAVE_PTHREAD_API 1
| #define SETLOCALE_NULL_ALL_MTSAFE 0
| #define SETLOCALE_NULL_ONE_MTSAFE 1
| /* end confdefs.h.  */
| 
| #include <stdio.h>
| #pragma weak fputs
| int main ()
| {
|   return (fputs == NULL);
| }
configure:11134: result: no
configure:11238: checking whether limits.h has LLONG_MAX, WORD_BIT, ULLONG_WIDTH etc.
configure:11262: /root/.ppkg/core/wrapper-target-cc -c  -Os  -I/root/.ppkg/run/2404/linux-musl-x86_64/uctags/include -DNDEBUG -I/root/.ppkg/installed/linux-musl-x86_64/libjansson/include -I/root/.ppkg/installed/linux-musl-x86_64/libyaml/include -I/root/.ppkg/installed/linux-musl-x86_64/libiconv/include -I/root/.ppkg/installed/linux-musl-x86_64/libz/include -I/root/.ppkg/installed/linux-musl-x86_64/libxml2/include  conftest.c >&5
conftest.c:86:24: error: 'ULLONG_WIDTH' undeclared here (not in a function)
   86 |             int ullw = ULLONG_WIDTH;
      |                        ^~~~~~~~~~~~
configure:11262: $? = 1
configure: failed program was:
| /* confdefs.h */
| #define PACKAGE_NAME "universal-ctags"
| #define PACKAGE_TARNAME "universal-ctags"
| #define PACKAGE_VERSION "6.2.0"
| #define PACKAGE_STRING "universal-ctags 6.2.0"
| #define PACKAGE_BUGREPORT ""
| #define PACKAGE_URL ""
| #define PACKAGE "universal-ctags"
| #define VERSION "6.2.0"
| #define DEFAULT_FILE_FORMAT 2
| #define ETAGS "etags"
| #define HAVE_STDIO_H 1
| #define HAVE_STDLIB_H 1
| #define HAVE_STRING_H 1
| #define HAVE_INTTYPES_H 1
| #define HAVE_STDINT_H 1
| #define HAVE_STRINGS_H 1
| #define HAVE_SYS_STAT_H 1
| #define HAVE_SYS_TYPES_H 1
| #define HAVE_UNISTD_H 1
| #define HAVE_WCHAR_H 1
| #define HAVE_FNMATCH_H 1
| #define HAVE_THREADS_H 1
| #define HAVE_LIMITS_H 1
| #define HAVE_LANGINFO_H 1
| #define HAVE_SYS_MMAN_H 1
| #define HAVE_MALLOC_H 1
| #define HAVE_FEATURES_H 1
| #define HAVE_WCTYPE_H 1
| #define STDC_HEADERS 1
| #define _ALL_SOURCE 1
| #define _DARWIN_C_SOURCE 1
| #define _GNU_SOURCE 1
| #define _HPUX_ALT_XOPEN_SOCKET_API 1
| #define _NETBSD_SOURCE 1
| #define _OPENBSD_SOURCE 1
| #define _POSIX_PTHREAD_SEMANTICS 1
| #define __STDC_WANT_IEC_60559_ATTRIBS_EXT__ 1
| #define __STDC_WANT_IEC_60559_BFP_EXT__ 1
| #define __STDC_WANT_IEC_60559_DFP_EXT__ 1
| #define __STDC_WANT_IEC_60559_EXT__ 1
| #define __STDC_WANT_IEC_60559_FUNCS_EXT__ 1
| #define __STDC_WANT_IEC_60559_TYPES_EXT__ 1
| #define __STDC_WANT_LIB_EXT2__ 1
| #define __STDC_WANT_MATH_SPEC_FUNCS__ 1
| #define _TANDEM_SOURCE 1
| #define __EXTENSIONS__ 1
| #define TMPDIR "/tmp"
| #define EXTERNAL_SORT 1
| #define HAVE_DIRENT_H 1
| #define HAVE_FCNTL_H 1
| #define HAVE_UNISTD_H 1
| #define HAVE_SYS_DIR_H 1
| #define HAVE_SYS_STAT_H 1
| #define HAVE_SYS_TYPES_H 1
| #define HAVE_SYS_WAIT_H 1
| #define HAVE_STDBOOL_H 1
| #define HAVE_TYPEOF 1
| #define HAVE_STATEMENT_EXPRESSION_EXT 1
| #define HAVE_STAT_ST_INO 1
| #define HAVE_ALLOCA_H 1
| #define HAVE_ALLOCA 1
| #define HAVE_BTOWC 1
| #define HAVE_FNMATCH 1
| #define HAVE_MBSRTOWCS 1
| #define HAVE_ISBLANK 1
| #define HAVE_MBSINIT 1
| #define HAVE_MBRTOWC 1
| #define HAVE_MPROTECT 1
| #define HAVE_NL_LANGINFO 1
| #define HAVE_ISWCTYPE 1
| #define HAVE_WCRTOMB 1
| #define HAVE_ISWCNTRL 1
| #define HAVE_LANGINFO_CODESET 1
| #define HAVE_MBSTATE_T 1
| #define HAVE_PTHREAD_API 1
| #define SETLOCALE_NULL_ALL_MTSAFE 0
| #define SETLOCALE_NULL_ONE_MTSAFE 1
| /* end confdefs.h.  */
| #ifndef __STDC_WANT_IEC_60559_BFP_EXT__
|              #define __STDC_WANT_IEC_60559_BFP_EXT__ 1
|             #endif
|             #include <limits.h>
|             long long llm = LLONG_MAX;
|             int wb = WORD_BIT;
|             int ullw = ULLONG_WIDTH;
| 
| int
| main (void)
| {
| 
|   ;
|   return 0;
| }
configure:11272: result: no
configure:11290: checking for wint_t
configure:11308: /root/.ppkg/core/wrapper-target-cc -c  -Os  -I/root/.ppkg/run/2404/linux-musl-x86_64/uctags/include -DNDEBUG -I/root/.ppkg/installed/linux-musl-x86_64/libjansson/include -I/root/.ppkg/installed/linux-musl-x86_64/libyaml/include -I/root/.ppkg/installed/linux-musl-x86_64/libiconv/include -I/root/.ppkg/installed/linux-musl-x86_64/libz/include -I/root/.ppkg/installed/linux-musl-x86_64/libxml2/include  conftest.c >&5
configure:11308: $? = 0
configure:11318: result: yes
configure:11325: checking whether wint_t is large enough
configure:11344: /root/.ppkg/core/wrapper-target-cc -c  -Os  -I/root/.ppkg/run/2404/linux-musl-x86_64/uctags/include -DNDEBUG -I/root/.ppkg/installed/linux-musl-x86_64/libjansson/include -I/root/.ppkg/installed/linux-musl-x86_64/libyaml/include -I/root/.ppkg/installed/linux-musl-x86_64/libiconv/include -I/root/.ppkg/installed/linux-musl-x86_64/libz/include -I/root/.ppkg/installed/linux-musl-x86_64/libxml2/include  conftest.c >&5
configure:11344: $? = 0
configure:11354: result: yes
configure:11367: checking whether the compiler produces multi-arch binaries
configure:11382: /root/.ppkg/core/wrapper-target-cc -c  -Os  -I/root/.ppkg/run/2404/linux-musl-x86_64/uctags/include -DNDEBUG -I/root/.ppkg/installed/linux-musl-x86_64/libjansson/include -I/root/.ppkg/installed/linux-musl-x86_64/libyaml/include -I/root/.ppkg/installed/linux-musl-x86_64/libiconv/include -I/root/.ppkg/installed/linux-musl-x86_64/libz/include -I/root/.ppkg/installed/linux-musl-x86_64/libxml2/include  conftest.c >&5
conftest.c:82:13: error: unknown type name 'not'
   82 |             not a universal capable compiler
      |             ^~~
conftest.c:82:19: error: expected '=', ',', ';', 'asm' or '__attribute__' before 'universal'
   82 |             not a universal capable compiler
      |                   ^~~~~~~~~
conftest.c:82:19: error: unknown type name 'universal'
configure:11382: $? = 1
configure: failed program was:
| /* confdefs.h */
| #define PACKAGE_NAME "universal-ctags"
| #define PACKAGE_TARNAME "universal-ctags"
| #define PACKAGE_VERSION "6.2.0"
| #define PACKAGE_STRING "universal-ctags 6.2.0"
| #define PACKAGE_BUGREPORT ""
| #define PACKAGE_URL ""
| #define PACKAGE "universal-ctags"
| #define VERSION "6.2.0"
| #define DEFAULT_FILE_FORMAT 2
| #define ETAGS "etags"
| #define HAVE_STDIO_H 1
| #define HAVE_STDLIB_H 1
| #define HAVE_STRING_H 1
| #define HAVE_INTTYPES_H 1
| #define HAVE_STDINT_H 1
| #define HAVE_STRINGS_H 1
| #define HAVE_SYS_STAT_H 1
| #define HAVE_SYS_TYPES_H 1
| #define HAVE_UNISTD_H 1
| #define HAVE_WCHAR_H 1
| #define HAVE_FNMATCH_H 1
| #define HAVE_THREADS_H 1
| #define HAVE_LIMITS_H 1
| #define HAVE_LANGINFO_H 1
| #define HAVE_SYS_MMAN_H 1
| #define HAVE_MALLOC_H 1
| #define HAVE_FEATURES_H 1
| #define HAVE_WCTYPE_H 1
| #define STDC_HEADERS 1
| #define _ALL_SOURCE 1
| #define _DARWIN_C_SOURCE 1
| #define _GNU_SOURCE 1
| #define _HPUX_ALT_XOPEN_SOCKET_API 1
| #define _NETBSD_SOURCE 1
| #define _OPENBSD_SOURCE 1
| #define _POSIX_PTHREAD_SEMANTICS 1
| #define __STDC_WANT_IEC_60559_ATTRIBS_EXT__ 1
| #define __STDC_WANT_IEC_60559_BFP_EXT__ 1
| #define __STDC_WANT_IEC_60559_DFP_EXT__ 1
| #define __STDC_WANT_IEC_60559_EXT__ 1
| #define __STDC_WANT_IEC_60559_FUNCS_EXT__ 1
| #define __STDC_WANT_IEC_60559_TYPES_EXT__ 1
| #define __STDC_WANT_LIB_EXT2__ 1
| #define __STDC_WANT_MATH_SPEC_FUNCS__ 1
| #define _TANDEM_SOURCE 1
| #define __EXTENSIONS__ 1
| #define TMPDIR "/tmp"
| #define EXTERNAL_SORT 1
| #define HAVE_DIRENT_H 1
| #define HAVE_FCNTL_H 1
| #define HAVE_UNISTD_H 1
| #define HAVE_SYS_DIR_H 1
| #define HAVE_SYS_STAT_H 1
| #define HAVE_SYS_TYPES_H 1
| #define HAVE_SYS_WAIT_H 1
| #define HAVE_STDBOOL_H 1
| #define HAVE_TYPEOF 1
| #define HAVE_STATEMENT_EXPRESSION_EXT 1
| #define HAVE_STAT_ST_INO 1
| #define HAVE_ALLOCA_H 1
| #define HAVE_ALLOCA 1
| #define HAVE_BTOWC 1
| #define HAVE_FNMATCH 1
| #define HAVE_MBSRTOWCS 1
| #define HAVE_ISBLANK 1
| #define HAVE_MBSINIT 1
| #define HAVE_MBRTOWC 1
| #define HAVE_MPROTECT 1
| #define HAVE_NL_LANGINFO 1
| #define HAVE_ISWCTYPE 1
| #define HAVE_WCRTOMB 1
| #define HAVE_ISWCNTRL 1
| #define HAVE_LANGINFO_CODESET 1
| #define HAVE_MBSTATE_T 1
| #define HAVE_PTHREAD_API 1
| #define SETLOCALE_NULL_ALL_MTSAFE 0
| #define SETLOCALE_NULL_ONE_MTSAFE 1
| #define HAVE_WINT_T 1
| /* end confdefs.h.  */
| #ifndef __APPLE_CC__
|             not a universal capable compiler
|            #endif
|            typedef int dummy;
| 
configure:11411: result: no
configure:11544: checking whether stdint.h conforms to C99
configure:11721: /root/.ppkg/core/wrapper-target-cc -c  -Os  -I/root/.ppkg/run/2404/linux-musl-x86_64/uctags/include -DNDEBUG -I/root/.ppkg/installed/linux-musl-x86_64/libjansson/include -I/root/.ppkg/installed/linux-musl-x86_64/libyaml/include -I/root/.ppkg/installed/linux-musl-x86_64/libiconv/include -I/root/.ppkg/installed/linux-musl-x86_64/libz/include -I/root/.ppkg/installed/linux-musl-x86_64/libxml2/include  conftest.c >&5
configure:11721: $? = 0
configure:11806: /root/.ppkg/core/wrapper-target-cc -o conftest  -Os  -I/root/.ppkg/run/2404/linux-musl-x86_64/uctags/include -DNDEBUG -I/root/.ppkg/installed/linux-musl-x86_64/libjansson/include -I/root/.ppkg/installed/linux-musl-x86_64/libyaml/include -I/root/.ppkg/installed/linux-musl-x86_64/libiconv/include -I/root/.ppkg/installed/linux-musl-x86_64/libz/include -I/root/.ppkg/installed/linux-musl-x86_64/libxml2/include  -static --static -ffunction-sections -fdata-sections -Wl,--gc-sections -L/root/.ppkg/run/2404/linux-musl-x86_64/uctags/lib -Wl,--as-needed -flto -Wl,-s -L/root/.ppkg/installed/linux-musl-x86_64/libjansson/lib -Wl,-rpath,/root/.ppkg/installed/linux-musl-x86_64/libjansson/lib -L/root/.ppkg/installed/linux-musl-x86_64/libyaml/lib -Wl,-rpath,/root/.ppkg/installed/linux-musl-x86_64/libyaml/lib -L/root/.ppkg/installed/linux-musl-x86_64/libiconv/lib -Wl,-rpath,/root/.ppkg/installed/linux-musl-x86_64/libiconv/lib -L/root/.ppkg/installed/linux-musl-x86_64/libz/lib -Wl,-rpath,/root/.ppkg/installed/linux-musl-x86_64/libz/lib -L/root/.ppkg/installed/linux-musl-x86_64/libxml2/lib -Wl,-rpath,/root/.ppkg/installed/linux-musl-x86_64/libxml2/lib conftest.c  >&5
configure:11806: $? = 0
configure:11806: ./conftest
configure:11806: $? = 0
configure:11821: result: yes
configure:11832: checking whether stdint.h works without ISO C predefines
configure:11865: /root/.ppkg/core/wrapper-target-cc -c  -Os  -I/root/.ppkg/run/2404/linux-musl-x86_64/uctags/include -DNDEBUG -I/root/.ppkg/installed/linux-musl-x86_64/libjansson/include -I/root/.ppkg/installed/linux-musl-x86_64/libyaml/include -I/root/.ppkg/installed/linux-musl-x86_64/libiconv/include -I/root/.ppkg/installed/linux-musl-x86_64/libz/include -I/root/.ppkg/installed/linux-musl-x86_64/libxml2/include  conftest.c >&5
configure:11865: $? = 0
configure:11873: result: yes
configure:11884: checking whether stdint.h has UINTMAX_WIDTH etc.
configure:11917: /root/.ppkg/core/wrapper-target-cc -c  -Os  -I/root/.ppkg/run/2404/linux-musl-x86_64/uctags/include -DNDEBUG -I/root/.ppkg/installed/linux-musl-x86_64/libjansson/include -I/root/.ppkg/installed/linux-musl-x86_64/libyaml/include -I/root/.ppkg/installed/linux-musl-x86_64/libiconv/include -I/root/.ppkg/installed/linux-musl-x86_64/libz/include -I/root/.ppkg/installed/linux-musl-x86_64/libxml2/include  conftest.c >&5
conftest.c:97:24: error: 'UINTMAX_WIDTH' undeclared here (not in a function); did you mean 'UINTMAX_MAX'?
   97 |               int iw = UINTMAX_WIDTH;
      |                        ^~~~~~~~~~~~~
      |                        UINTMAX_MAX
configure:11917: $? = 1
configure: failed program was:
| /* confdefs.h */
| #define PACKAGE_NAME "universal-ctags"
| #define PACKAGE_TARNAME "universal-ctags"
| #define PACKAGE_VERSION "6.2.0"
| #define PACKAGE_STRING "universal-ctags 6.2.0"
| #define PACKAGE_BUGREPORT ""
| #define PACKAGE_URL ""
| #define PACKAGE "universal-ctags"
| #define VERSION "6.2.0"
| #define DEFAULT_FILE_FORMAT 2
| #define ETAGS "etags"
| #define HAVE_STDIO_H 1
| #define HAVE_STDLIB_H 1
| #define HAVE_STRING_H 1
| #define HAVE_INTTYPES_H 1
| #define HAVE_STDINT_H 1
| #define HAVE_STRINGS_H 1
| #define HAVE_SYS_STAT_H 1
| #define HAVE_SYS_TYPES_H 1
| #define HAVE_UNISTD_H 1
| #define HAVE_WCHAR_H 1
| #define HAVE_FNMATCH_H 1
| #define HAVE_THREADS_H 1
| #define HAVE_LIMITS_H 1
| #define HAVE_LANGINFO_H 1
| #define HAVE_SYS_MMAN_H 1
| #define HAVE_MALLOC_H 1
| #define HAVE_FEATURES_H 1
| #define HAVE_WCTYPE_H 1
| #define STDC_HEADERS 1
| #define _ALL_SOURCE 1
| #define _DARWIN_C_SOURCE 1
| #define _GNU_SOURCE 1
| #define _HPUX_ALT_XOPEN_SOCKET_API 1
| #define _NETBSD_SOURCE 1
| #define _OPENBSD_SOURCE 1
| #define _POSIX_PTHREAD_SEMANTICS 1
| #define __STDC_WANT_IEC_60559_ATTRIBS_EXT__ 1
| #define __STDC_WANT_IEC_60559_BFP_EXT__ 1
| #define __STDC_WANT_IEC_60559_DFP_EXT__ 1
| #define __STDC_WANT_IEC_60559_EXT__ 1
| #define __STDC_WANT_IEC_60559_FUNCS_EXT__ 1
| #define __STDC_WANT_IEC_60559_TYPES_EXT__ 1
| #define __STDC_WANT_LIB_EXT2__ 1
| #define __STDC_WANT_MATH_SPEC_FUNCS__ 1
| #define _TANDEM_SOURCE 1
| #define __EXTENSIONS__ 1
| #define TMPDIR "/tmp"
| #define EXTERNAL_SORT 1
| #define HAVE_DIRENT_H 1
| #define HAVE_FCNTL_H 1
| #define HAVE_UNISTD_H 1
| #define HAVE_SYS_DIR_H 1
| #define HAVE_SYS_STAT_H 1
| #define HAVE_SYS_TYPES_H 1
| #define HAVE_SYS_WAIT_H 1
| #define HAVE_STDBOOL_H 1
| #define HAVE_TYPEOF 1
| #define HAVE_STATEMENT_EXPRESSION_EXT 1
| #define HAVE_STAT_ST_INO 1
| #define HAVE_ALLOCA_H 1
| #define HAVE_ALLOCA 1
| #define HAVE_BTOWC 1
| #define HAVE_FNMATCH 1
| #define HAVE_MBSRTOWCS 1
| #define HAVE_ISBLANK 1
| #define HAVE_MBSINIT 1
| #define HAVE_MBRTOWC 1
| #define HAVE_MPROTECT 1
| #define HAVE_NL_LANGINFO 1
| #define HAVE_ISWCTYPE 1
| #define HAVE_WCRTOMB 1
| #define HAVE_ISWCNTRL 1
| #define HAVE_LANGINFO_CODESET 1
| #define HAVE_MBSTATE_T 1
| #define HAVE_PTHREAD_API 1
| #define SETLOCALE_NULL_ALL_MTSAFE 0
| #define SETLOCALE_NULL_ONE_MTSAFE 1
| #define HAVE_WINT_T 1
| #define HAVE_LONG_LONG_INT 1
| #define HAVE_UNSIGNED_LONG_LONG_INT 1
| /* end confdefs.h.  */
| 
|               /* Work if build is not clean.  */
|               #define _GL_JUST_INCLUDE_SYSTEM_STDINT_H 1
|               #ifndef __STDC_WANT_IEC_60559_BFP_EXT__
|                #define __STDC_WANT_IEC_60559_BFP_EXT__ 1
|               #endif
|               #include <stdint.h>
| 
|   #include <stddef.h>
|   #include <signal.h>
|   #if HAVE_WCHAR_H
|   # include <wchar.h>
|   #endif
| 
|               int iw = UINTMAX_WIDTH;
| 
| int
| main (void)
| {
| 
|   ;
|   return 0;
| }
configure:11924: result: no
configure:12280: checking for C/C++ restrict keyword
configure:12310: /root/.ppkg/core/wrapper-target-cc -c  -Os  -I/root/.ppkg/run/2404/linux-musl-x86_64/uctags/include -DNDEBUG -I/root/.ppkg/installed/linux-musl-x86_64/libjansson/include -I/root/.ppkg/installed/linux-musl-x86_64/libyaml/include -I/root/.ppkg/installed/linux-musl-x86_64/libiconv/include -I/root/.ppkg/installed/linux-musl-x86_64/libz/include -I/root/.ppkg/installed/linux-musl-x86_64/libxml2/include  conftest.c >&5
configure:12310: $? = 0
configure:12320: result: __restrict__
configure:12543: checking whether langinfo.h defines CODESET
configure:12562: /root/.ppkg/core/wrapper-target-cc -c  -Os  -I/root/.ppkg/run/2404/linux-musl-x86_64/uctags/include -DNDEBUG -I/root/.ppkg/installed/linux-musl-x86_64/libjansson/include -I/root/.ppkg/installed/linux-musl-x86_64/libyaml/include -I/root/.ppkg/installed/linux-musl-x86_64/libiconv/include -I/root/.ppkg/installed/linux-musl-x86_64/libz/include -I/root/.ppkg/installed/linux-musl-x86_64/libxml2/include  conftest.c >&5
configure:12562: $? = 0
configure:12573: result: yes
configure:12578: checking whether langinfo.h defines T_FMT_AMPM
configure:12597: /root/.ppkg/core/wrapper-target-cc -c  -Os  -I/root/.ppkg/run/2404/linux-musl-x86_64/uctags/include -DNDEBUG -I/root/.ppkg/installed/linux-musl-x86_64/libjansson/include -I/root/.ppkg/installed/linux-musl-x86_64/libyaml/include -I/root/.ppkg/installed/linux-musl-x86_64/libiconv/include -I/root/.ppkg/installed/linux-musl-x86_64/libz/include -I/root/.ppkg/installed/linux-musl-x86_64/libxml2/include  conftest.c >&5
configure:12597: $? = 0
configure:12608: result: yes
configure:12613: checking whether langinfo.h defines ALTMON_1
configure:12632: /root/.ppkg/core/wrapper-target-cc -c  -Os  -I/root/.ppkg/run/2404/linux-musl-x86_64/uctags/include -DNDEBUG -I/root/.ppkg/installed/linux-musl-x86_64/libjansson/include -I/root/.ppkg/installed/linux-musl-x86_64/libyaml/include -I/root/.ppkg/installed/linux-musl-x86_64/libiconv/include -I/root/.ppkg/installed/linux-musl-x86_64/libz/include -I/root/.ppkg/installed/linux-musl-x86_64/libxml2/include  conftest.c >&5
conftest.c:85:9: error: 'ALTMON_1' undeclared here (not in a function); did you mean 'ABMON_1'?
   85 | int a = ALTMON_1;
      |         ^~~~~~~~
      |         ABMON_1
configure:12632: $? = 1
configure: failed program was:
| /* confdefs.h */
| #define PACKAGE_NAME "universal-ctags"
| #define PACKAGE_TARNAME "universal-ctags"
| #define PACKAGE_VERSION "6.2.0"
| #define PACKAGE_STRING "universal-ctags 6.2.0"
| #define PACKAGE_BUGREPORT ""
| #define PACKAGE_URL ""
| #define PACKAGE "universal-ctags"
| #define VERSION "6.2.0"
| #define DEFAULT_FILE_FORMAT 2
| #define ETAGS "etags"
| #define HAVE_STDIO_H 1
| #define HAVE_STDLIB_H 1
| #define HAVE_STRING_H 1
| #define HAVE_INTTYPES_H 1
| #define HAVE_STDINT_H 1
| #define HAVE_STRINGS_H 1
| #define HAVE_SYS_STAT_H 1
| #define HAVE_SYS_TYPES_H 1
| #define HAVE_UNISTD_H 1
| #define HAVE_WCHAR_H 1
| #define HAVE_FNMATCH_H 1
| #define HAVE_THREADS_H 1
| #define HAVE_LIMITS_H 1
| #define HAVE_LANGINFO_H 1
| #define HAVE_SYS_MMAN_H 1
| #define HAVE_MALLOC_H 1
| #define HAVE_FEATURES_H 1
| #define HAVE_WCTYPE_H 1
| #define STDC_HEADERS 1
| #define _ALL_SOURCE 1
| #define _DARWIN_C_SOURCE 1
| #define _GNU_SOURCE 1
| #define _HPUX_ALT_XOPEN_SOCKET_API 1
| #define _NETBSD_SOURCE 1
| #define _OPENBSD_SOURCE 1
| #define _POSIX_PTHREAD_SEMANTICS 1
| #define __STDC_WANT_IEC_60559_ATTRIBS_EXT__ 1
| #define __STDC_WANT_IEC_60559_BFP_EXT__ 1
| #define __STDC_WANT_IEC_60559_DFP_EXT__ 1
| #define __STDC_WANT_IEC_60559_EXT__ 1
| #define __STDC_WANT_IEC_60559_FUNCS_EXT__ 1
| #define __STDC_WANT_IEC_60559_TYPES_EXT__ 1
| #define __STDC_WANT_LIB_EXT2__ 1
| #define __STDC_WANT_MATH_SPEC_FUNCS__ 1
| #define _TANDEM_SOURCE 1
| #define __EXTENSIONS__ 1
| #define TMPDIR "/tmp"
| #define EXTERNAL_SORT 1
| #define HAVE_DIRENT_H 1
| #define HAVE_FCNTL_H 1
| #define HAVE_UNISTD_H 1
| #define HAVE_SYS_DIR_H 1
| #define HAVE_SYS_STAT_H 1
| #define HAVE_SYS_TYPES_H 1
| #define HAVE_SYS_WAIT_H 1
| #define HAVE_STDBOOL_H 1
| #define HAVE_TYPEOF 1
| #define HAVE_STATEMENT_EXPRESSION_EXT 1
| #define HAVE_STAT_ST_INO 1
| #define HAVE_ALLOCA_H 1
| #define HAVE_ALLOCA 1
| #define HAVE_BTOWC 1
| #define HAVE_FNMATCH 1
| #define HAVE_MBSRTOWCS 1
| #define HAVE_ISBLANK 1
| #define HAVE_MBSINIT 1
| #define HAVE_MBRTOWC 1
| #define HAVE_MPROTECT 1
| #define HAVE_NL_LANGINFO 1
| #define HAVE_ISWCTYPE 1
| #define HAVE_WCRTOMB 1
| #define HAVE_ISWCNTRL 1
| #define HAVE_LANGINFO_CODESET 1
| #define HAVE_MBSTATE_T 1
| #define HAVE_PTHREAD_API 1
| #define SETLOCALE_NULL_ALL_MTSAFE 0
| #define SETLOCALE_NULL_ONE_MTSAFE 1
| #define HAVE_WINT_T 1
| #define HAVE_LONG_LONG_INT 1
| #define HAVE_UNSIGNED_LONG_LONG_INT 1
| #define restrict __restrict__
| /* end confdefs.h.  */
| #include <langinfo.h>
| int a = ALTMON_1;
| 
| int
| main (void)
| {
| 
|   ;
|   return 0;
| }
configure:12643: result: no
configure:12648: checking whether langinfo.h defines ERA
configure:12667: /root/.ppkg/core/wrapper-target-cc -c  -Os  -I/root/.ppkg/run/2404/linux-musl-x86_64/uctags/include -DNDEBUG -I/root/.ppkg/installed/linux-musl-x86_64/libjansson/include -I/root/.ppkg/installed/linux-musl-x86_64/libyaml/include -I/root/.ppkg/installed/linux-musl-x86_64/libiconv/include -I/root/.ppkg/installed/linux-musl-x86_64/libz/include -I/root/.ppkg/installed/linux-musl-x86_64/libxml2/include  conftest.c >&5
configure:12667: $? = 0
configure:12678: result: yes
configure:12683: checking whether langinfo.h defines YESEXPR
configure:12702: /root/.ppkg/core/wrapper-target-cc -c  -Os  -I/root/.ppkg/run/2404/linux-musl-x86_64/uctags/include -DNDEBUG -I/root/.ppkg/installed/linux-musl-x86_64/libjansson/include -I/root/.ppkg/installed/linux-musl-x86_64/libyaml/include -I/root/.ppkg/installed/linux-musl-x86_64/libiconv/include -I/root/.ppkg/installed/linux-musl-x86_64/libz/include -I/root/.ppkg/installed/linux-musl-x86_64/libxml2/include  conftest.c >&5
configure:12702: $? = 0
configure:12713: result: yes
configure:12756: checking for wchar_t
configure:12774: /root/.ppkg/core/wrapper-target-cc -c  -Os  -I/root/.ppkg/run/2404/linux-musl-x86_64/uctags/include -DNDEBUG -I/root/.ppkg/installed/linux-musl-x86_64/libjansson/include -I/root/.ppkg/installed/linux-musl-x86_64/libyaml/include -I/root/.ppkg/installed/linux-musl-x86_64/libiconv/include -I/root/.ppkg/installed/linux-musl-x86_64/libz/include -I/root/.ppkg/installed/linux-musl-x86_64/libxml2/include  conftest.c >&5
configure:12774: $? = 0
configure:12784: result: yes
configure:12800: checking for good max_align_t
configure:12830: /root/.ppkg/core/wrapper-target-cc -c  -Os  -I/root/.ppkg/run/2404/linux-musl-x86_64/uctags/include -DNDEBUG -I/root/.ppkg/installed/linux-musl-x86_64/libjansson/include -I/root/.ppkg/installed/linux-musl-x86_64/libyaml/include -I/root/.ppkg/installed/linux-musl-x86_64/libiconv/include -I/root/.ppkg/installed/linux-musl-x86_64/libz/include -I/root/.ppkg/installed/linux-musl-x86_64/libxml2/include  conftest.c >&5
configure:12830: $? = 0
configure:12841: result: yes
configure:12853: checking whether NULL can be used in arbitrary expressions
configure:12872: /root/.ppkg/core/wrapper-target-cc -c  -Os  -I/root/.ppkg/run/2404/linux-musl-x86_64/uctags/include -DNDEBUG -I/root/.ppkg/installed/linux-musl-x86_64/libjansson/include -I/root/.ppkg/installed/linux-musl-x86_64/libyaml/include -I/root/.ppkg/installed/linux-musl-x86_64/libiconv/include -I/root/.ppkg/installed/linux-musl-x86_64/libz/include -I/root/.ppkg/installed/linux-musl-x86_64/libxml2/include  conftest.c >&5
configure:12872: $? = 0
configure:12882: result: yes
configure:12978: checking whether locale.h defines locale_t
configure:12996: /root/.ppkg/core/wrapper-target-cc -c  -Os  -I/root/.ppkg/run/2404/linux-musl-x86_64/uctags/include -DNDEBUG -I/root/.ppkg/installed/linux-musl-x86_64/libjansson/include -I/root/.ppkg/installed/linux-musl-x86_64/libyaml/include -I/root/.ppkg/installed/linux-musl-x86_64/libiconv/include -I/root/.ppkg/installed/linux-musl-x86_64/libz/include -I/root/.ppkg/installed/linux-musl-x86_64/libxml2/include  conftest.c >&5
configure:12996: $? = 0
configure:13007: result: yes
configure:13048: checking whether locale.h conforms to POSIX:2001
configure:13067: /root/.ppkg/core/wrapper-target-cc -c  -Os  -I/root/.ppkg/run/2404/linux-musl-x86_64/uctags/include -DNDEBUG -I/root/.ppkg/installed/linux-musl-x86_64/libjansson/include -I/root/.ppkg/installed/linux-musl-x86_64/libyaml/include -I/root/.ppkg/installed/linux-musl-x86_64/libiconv/include -I/root/.ppkg/installed/linux-musl-x86_64/libz/include -I/root/.ppkg/installed/linux-musl-x86_64/libxml2/include  conftest.c >&5
configure:13067: $? = 0
configure:13077: result: yes
configure:13080: checking whether struct lconv is properly defined
configure:13100: /root/.ppkg/core/wrapper-target-cc -c  -Os  -I/root/.ppkg/run/2404/linux-musl-x86_64/uctags/include -DNDEBUG -I/root/.ppkg/installed/linux-musl-x86_64/libjansson/include -I/root/.ppkg/installed/linux-musl-x86_64/libyaml/include -I/root/.ppkg/installed/linux-musl-x86_64/libiconv/include -I/root/.ppkg/installed/linux-musl-x86_64/libz/include -I/root/.ppkg/installed/linux-musl-x86_64/libxml2/include  conftest.c >&5
configure:13100: $? = 0
configure:13111: result: yes
configure:13249: checking whether imported symbols can be declared weak
configure:13346: result: no
configure:14325: checking for multithread API to use
configure:14327: result: posix
configure:14343: checking for a traditional japanese locale
configure:14423: /root/.ppkg/core/wrapper-target-cc -o conftest  -Os  -I/root/.ppkg/run/2404/linux-musl-x86_64/uctags/include -DNDEBUG -I/root/.ppkg/installed/linux-musl-x86_64/libjansson/include -I/root/.ppkg/installed/linux-musl-x86_64/libyaml/include -I/root/.ppkg/installed/linux-musl-x86_64/libiconv/include -I/root/.ppkg/installed/linux-musl-x86_64/libz/include -I/root/.ppkg/installed/linux-musl-x86_64/libxml2/include  -static --static -ffunction-sections -fdata-sections -Wl,--gc-sections -L/root/.ppkg/run/2404/linux-musl-x86_64/uctags/lib -Wl,--as-needed -flto -Wl,-s -L/root/.ppkg/installed/linux-musl-x86_64/libjansson/lib -Wl,-rpath,/root/.ppkg/installed/linux-musl-x86_64/libjansson/lib -L/root/.ppkg/installed/linux-musl-x86_64/libyaml/lib -Wl,-rpath,/root/.ppkg/installed/linux-musl-x86_64/libyaml/lib -L/root/.ppkg/installed/linux-musl-x86_64/libiconv/lib -Wl,-rpath,/root/.ppkg/installed/linux-musl-x86_64/libiconv/lib -L/root/.ppkg/installed/linux-musl-x86_64/libz/lib -Wl,-rpath,/root/.ppkg/installed/linux-musl-x86_64/libz/lib -L/root/.ppkg/installed/linux-musl-x86_64/libxml2/lib -Wl,-rpath,/root/.ppkg/installed/linux-musl-x86_64/libxml2/lib conftest.c  >&5
configure:14426: $? = 0
configure:14485: result: none
configure:14492: checking for a french Unicode locale
configure:14565: /root/.ppkg/core/wrapper-target-cc -o conftest  -Os  -I/root/.ppkg/run/2404/linux-musl-x86_64/uctags/include -DNDEBUG -I/root/.ppkg/installed/linux-musl-x86_64/libjansson/include -I/root/.ppkg/installed/linux-musl-x86_64/libyaml/include -I/root/.ppkg/installed/linux-musl-x86_64/libiconv/include -I/root/.ppkg/installed/linux-musl-x86_64/libz/include -I/root/.ppkg/installed/linux-musl-x86_64/libxml2/include  -static --static -ffunction-sections -fdata-sections -Wl,--gc-sections -L/root/.ppkg/run/2404/linux-musl-x86_64/uctags/lib -Wl,--as-needed -flto -Wl,-s -L/root/.ppkg/installed/linux-musl-x86_64/libjansson/lib -Wl,-rpath,/root/.ppkg/installed/linux-musl-x86_64/libjansson/lib -L/root/.ppkg/installed/linux-musl-x86_64/libyaml/lib -Wl,-rpath,/root/.ppkg/installed/linux-musl-x86_64/libyaml/lib -L/root/.ppkg/installed/linux-musl-x86_64/libiconv/lib -Wl,-rpath,/root/.ppkg/installed/linux-musl-x86_64/libiconv/lib -L/root/.ppkg/installed/linux-musl-x86_64/libz/lib -Wl,-rpath,/root/.ppkg/installed/linux-musl-x86_64/libz/lib -L/root/.ppkg/installed/linux-musl-x86_64/libxml2/lib -Wl,-rpath,/root/.ppkg/installed/linux-musl-x86_64/libxml2/lib conftest.c  >&5
configure:14568: $? = 0
configure:14615: result: none
configure:14623: checking for a transitional chinese locale
configure:14704: /root/.ppkg/core/wrapper-target-cc -o conftest  -Os  -I/root/.ppkg/run/2404/linux-musl-x86_64/uctags/include -DNDEBUG -I/root/.ppkg/installed/linux-musl-x86_64/libjansson/include -I/root/.ppkg/installed/linux-musl-x86_64/libyaml/include -I/root/.ppkg/installed/linux-musl-x86_64/libiconv/include -I/root/.ppkg/installed/linux-musl-x86_64/libz/include -I/root/.ppkg/installed/linux-musl-x86_64/libxml2/include  -static --static -ffunction-sections -fdata-sections -Wl,--gc-sections -L/root/.ppkg/run/2404/linux-musl-x86_64/uctags/lib -Wl,--as-needed -flto -Wl,-s -L/root/.ppkg/installed/linux-musl-x86_64/libjansson/lib -Wl,-rpath,/root/.ppkg/installed/linux-musl-x86_64/libjansson/lib -L/root/.ppkg/installed/linux-musl-x86_64/libyaml/lib -Wl,-rpath,/root/.ppkg/installed/linux-musl-x86_64/libyaml/lib -L/root/.ppkg/installed/linux-musl-x86_64/libiconv/lib -Wl,-rpath,/root/.ppkg/installed/linux-musl-x86_64/libiconv/lib -L/root/.ppkg/installed/linux-musl-x86_64/libz/lib -Wl,-rpath,/root/.ppkg/installed/linux-musl-x86_64/libz/lib -L/root/.ppkg/installed/linux-musl-x86_64/libxml2/lib -Wl,-rpath,/root/.ppkg/installed/linux-musl-x86_64/libxml2/lib conftest.c  >&5
configure:14707: $? = 0
configure:14759: result: none
configure:14764: checking for /root/.ppkg/core/wrapper-target-cc options needed to detect all undeclared functions
configure:14786: /root/.ppkg/core/wrapper-target-cc -c  -Os   -I/root/.ppkg/run/2404/linux-musl-x86_64/uctags/include -DNDEBUG -I/root/.ppkg/installed/linux-musl-x86_64/libjansson/include -I/root/.ppkg/installed/linux-musl-x86_64/libyaml/include -I/root/.ppkg/installed/linux-musl-x86_64/libiconv/include -I/root/.ppkg/installed/linux-musl-x86_64/libz/include -I/root/.ppkg/installed/linux-musl-x86_64/libxml2/include  conftest.c >&5
conftest.c: In function 'main':
conftest.c:90:8: error: 'strchr' undeclared (first use in this function)
   90 | (void) strchr;
      |        ^~~~~~
conftest.c:1:1: note: 'strchr' is defined in header '<string.h>'; this is probably fixable by adding '#include <string.h>'
    1 | /* confdefs.h */
conftest.c:90:8: note: each undeclared identifier is reported only once for each function it appears in
   90 | (void) strchr;
      |        ^~~~~~
configure:14786: $? = 1
configure: failed program was:
| /* confdefs.h */
| #define PACKAGE_NAME "universal-ctags"
| #define PACKAGE_TARNAME "universal-ctags"
| #define PACKAGE_VERSION "6.2.0"
| #define PACKAGE_STRING "universal-ctags 6.2.0"
| #define PACKAGE_BUGREPORT ""
| #define PACKAGE_URL ""
| #define PACKAGE "universal-ctags"
| #define VERSION "6.2.0"
| #define DEFAULT_FILE_FORMAT 2
| #define ETAGS "etags"
| #define HAVE_STDIO_H 1
| #define HAVE_STDLIB_H 1
| #define HAVE_STRING_H 1
| #define HAVE_INTTYPES_H 1
| #define HAVE_STDINT_H 1
| #define HAVE_STRINGS_H 1
| #define HAVE_SYS_STAT_H 1
| #define HAVE_SYS_TYPES_H 1
| #define HAVE_UNISTD_H 1
| #define HAVE_WCHAR_H 1
| #define HAVE_FNMATCH_H 1
| #define HAVE_THREADS_H 1
| #define HAVE_LIMITS_H 1
| #define HAVE_LANGINFO_H 1
| #define HAVE_SYS_MMAN_H 1
| #define HAVE_MALLOC_H 1
| #define HAVE_FEATURES_H 1
| #define HAVE_WCTYPE_H 1
| #define STDC_HEADERS 1
| #define _ALL_SOURCE 1
| #define _DARWIN_C_SOURCE 1
| #define _GNU_SOURCE 1
| #define _HPUX_ALT_XOPEN_SOCKET_API 1
| #define _NETBSD_SOURCE 1
| #define _OPENBSD_SOURCE 1
| #define _POSIX_PTHREAD_SEMANTICS 1
| #define __STDC_WANT_IEC_60559_ATTRIBS_EXT__ 1
| #define __STDC_WANT_IEC_60559_BFP_EXT__ 1
| #define __STDC_WANT_IEC_60559_DFP_EXT__ 1
| #define __STDC_WANT_IEC_60559_EXT__ 1
| #define __STDC_WANT_IEC_60559_FUNCS_EXT__ 1
| #define __STDC_WANT_IEC_60559_TYPES_EXT__ 1
| #define __STDC_WANT_LIB_EXT2__ 1
| #define __STDC_WANT_MATH_SPEC_FUNCS__ 1
| #define _TANDEM_SOURCE 1
| #define __EXTENSIONS__ 1
| #define TMPDIR "/tmp"
| #define EXTERNAL_SORT 1
| #define HAVE_DIRENT_H 1
| #define HAVE_FCNTL_H 1
| #define HAVE_UNISTD_H 1
| #define HAVE_SYS_DIR_H 1
| #define HAVE_SYS_STAT_H 1
| #define HAVE_SYS_TYPES_H 1
| #define HAVE_SYS_WAIT_H 1
| #define HAVE_STDBOOL_H 1
| #define HAVE_TYPEOF 1
| #define HAVE_STATEMENT_EXPRESSION_EXT 1
| #define HAVE_STAT_ST_INO 1
| #define HAVE_ALLOCA_H 1
| #define HAVE_ALLOCA 1
| #define HAVE_BTOWC 1
| #define HAVE_FNMATCH 1
| #define HAVE_MBSRTOWCS 1
| #define HAVE_ISBLANK 1
| #define HAVE_MBSINIT 1
| #define HAVE_MBRTOWC 1
| #define HAVE_MPROTECT 1
| #define HAVE_NL_LANGINFO 1
| #define HAVE_ISWCTYPE 1
| #define HAVE_WCRTOMB 1
| #define HAVE_ISWCNTRL 1
| #define HAVE_LANGINFO_CODESET 1
| #define HAVE_MBSTATE_T 1
| #define HAVE_PTHREAD_API 1
| #define SETLOCALE_NULL_ALL_MTSAFE 0
| #define SETLOCALE_NULL_ONE_MTSAFE 1
| #define HAVE_WINT_T 1
| #define HAVE_LONG_LONG_INT 1
| #define HAVE_UNSIGNED_LONG_LONG_INT 1
| #define restrict __restrict__
| #define HAVE_WCHAR_T 1
| #define USE_POSIX_THREADS 1
| /* end confdefs.h.  */
| 
| int
| main (void)
| {
| (void) strchr;
|   ;
|   return 0;
| }
configure:14813: /root/.ppkg/core/wrapper-target-cc -c  -Os   -I/root/.ppkg/run/2404/linux-musl-x86_64/uctags/include -DNDEBUG -I/root/.ppkg/installed/linux-musl-x86_64/libjansson/include -I/root/.ppkg/installed/linux-musl-x86_64/libyaml/include -I/root/.ppkg/installed/linux-musl-x86_64/libiconv/include -I/root/.ppkg/installed/linux-musl-x86_64/libz/include -I/root/.ppkg/installed/linux-musl-x86_64/libxml2/include  conftest.c >&5
configure:14813: $? = 0
configure:14833: result: none needed
configure:15109: checking for mmap
configure:15109: /root/.ppkg/core/wrapper-target-cc -o conftest  -Os  -I/root/.ppkg/run/2404/linux-musl-x86_64/uctags/include -DNDEBUG -I/root/.ppkg/installed/linux-musl-x86_64/libjansson/include -I/root/.ppkg/installed/linux-musl-x86_64/libyaml/include -I/root/.ppkg/installed/linux-musl-x86_64/libiconv/include -I/root/.ppkg/installed/linux-musl-x86_64/libz/include -I/root/.ppkg/installed/linux-musl-x86_64/libxml2/include  -static --static -ffunction-sections -fdata-sections -Wl,--gc-sections -L/root/.ppkg/run/2404/linux-musl-x86_64/uctags/lib -Wl,--as-needed -flto -Wl,-s -L/root/.ppkg/installed/linux-musl-x86_64/libjansson/lib -Wl,-rpath,/root/.ppkg/installed/linux-musl-x86_64/libjansson/lib -L/root/.ppkg/installed/linux-musl-x86_64/libyaml/lib -Wl,-rpath,/root/.ppkg/installed/linux-musl-x86_64/libyaml/lib -L/root/.ppkg/installed/linux-musl-x86_64/libiconv/lib -Wl,-rpath,/root/.ppkg/installed/linux-musl-x86_64/libiconv/lib -L/root/.ppkg/installed/linux-musl-x86_64/libz/lib -Wl,-rpath,/root/.ppkg/installed/linux-musl-x86_64/libz/lib -L/root/.ppkg/installed/linux-musl-x86_64/libxml2/lib -Wl,-rpath,/root/.ppkg/installed/linux-musl-x86_64/libxml2/lib conftest.c  >&5
configure:15109: $? = 0
configure:15109: result: yes
configure:15122: checking for MAP_ANONYMOUS
configure:15161: result: yes
configure:15231: checking whether memchr works
configure:15317: /root/.ppkg/core/wrapper-target-cc -o conftest  -Os  -I/root/.ppkg/run/2404/linux-musl-x86_64/uctags/include -DNDEBUG -I/root/.ppkg/installed/linux-musl-x86_64/libjansson/include -I/root/.ppkg/installed/linux-musl-x86_64/libyaml/include -I/root/.ppkg/installed/linux-musl-x86_64/libiconv/include -I/root/.ppkg/installed/linux-musl-x86_64/libz/include -I/root/.ppkg/installed/linux-musl-x86_64/libxml2/include  -static --static -ffunction-sections -fdata-sections -Wl,--gc-sections -L/root/.ppkg/run/2404/linux-musl-x86_64/uctags/lib -Wl,--as-needed -flto -Wl,-s -L/root/.ppkg/installed/linux-musl-x86_64/libjansson/lib -Wl,-rpath,/root/.ppkg/installed/linux-musl-x86_64/libjansson/lib -L/root/.ppkg/installed/linux-musl-x86_64/libyaml/lib -Wl,-rpath,/root/.ppkg/installed/linux-musl-x86_64/libyaml/lib -L/root/.ppkg/installed/linux-musl-x86_64/libiconv/lib -Wl,-rpath,/root/.ppkg/installed/linux-musl-x86_64/libiconv/lib -L/root/.ppkg/installed/linux-musl-x86_64/libz/lib -Wl,-rpath,/root/.ppkg/installed/linux-musl-x86_64/libz/lib -L/root/.ppkg/installed/linux-musl-x86_64/libxml2/lib -Wl,-rpath,/root/.ppkg/installed/linux-musl-x86_64/libxml2/lib conftest.c  >&5
configure:15317: $? = 0
configure:15317: ./conftest
configure:15317: $? = 0
configure:15332: result: yes
configure:15514: checking whether alarm is declared
configure:15514: /root/.ppkg/core/wrapper-target-cc -c  -Os   -I/root/.ppkg/run/2404/linux-musl-x86_64/uctags/include -DNDEBUG -I/root/.ppkg/installed/linux-musl-x86_64/libjansson/include -I/root/.ppkg/installed/linux-musl-x86_64/libyaml/include -I/root/.ppkg/installed/linux-musl-x86_64/libiconv/include -I/root/.ppkg/installed/linux-musl-x86_64/libz/include -I/root/.ppkg/installed/linux-musl-x86_64/libxml2/include  conftest.c >&5
configure:15514: $? = 0
configure:15514: result: yes
configure:15526: checking for GNU libc compatible malloc
configure:15572: result: yes
configure:15587: checking for stdbool.h that conforms to C99
configure:15673: result: yes
configure:15675: checking for _Bool
configure:15675: /root/.ppkg/core/wrapper-target-cc -c  -Os  -I/root/.ppkg/run/2404/linux-musl-x86_64/uctags/include -DNDEBUG -I/root/.ppkg/installed/linux-musl-x86_64/libjansson/include -I/root/.ppkg/installed/linux-musl-x86_64/libyaml/include -I/root/.ppkg/installed/linux-musl-x86_64/libiconv/include -I/root/.ppkg/installed/linux-musl-x86_64/libz/include -I/root/.ppkg/installed/linux-musl-x86_64/libxml2/include  conftest.c >&5
configure:15675: $? = 0
configure:15675: /root/.ppkg/core/wrapper-target-cc -c  -Os  -I/root/.ppkg/run/2404/linux-musl-x86_64/uctags/include -DNDEBUG -I/root/.ppkg/installed/linux-musl-x86_64/libjansson/include -I/root/.ppkg/installed/linux-musl-x86_64/libyaml/include -I/root/.ppkg/installed/linux-musl-x86_64/libiconv/include -I/root/.ppkg/installed/linux-musl-x86_64/libz/include -I/root/.ppkg/installed/linux-musl-x86_64/libxml2/include  conftest.c >&5
conftest.c: In function 'main':
conftest.c:120:20: error: expected expression before ')' token
  120 | if (sizeof ((_Bool)))
      |                    ^
configure:15675: $? = 1
configure: failed program was:
| /* confdefs.h */
| #define PACKAGE_NAME "universal-ctags"
| #define PACKAGE_TARNAME "universal-ctags"
| #define PACKAGE_VERSION "6.2.0"
| #define PACKAGE_STRING "universal-ctags 6.2.0"
| #define PACKAGE_BUGREPORT ""
| #define PACKAGE_URL ""
| #define PACKAGE "universal-ctags"
| #define VERSION "6.2.0"
| #define DEFAULT_FILE_FORMAT 2
| #define ETAGS "etags"
| #define HAVE_STDIO_H 1
| #define HAVE_STDLIB_H 1
| #define HAVE_STRING_H 1
| #define HAVE_INTTYPES_H 1
| #define HAVE_STDINT_H 1
| #define HAVE_STRINGS_H 1
| #define HAVE_SYS_STAT_H 1
| #define HAVE_SYS_TYPES_H 1
| #define HAVE_UNISTD_H 1
| #define HAVE_WCHAR_H 1
| #define HAVE_FNMATCH_H 1
| #define HAVE_THREADS_H 1
| #define HAVE_LIMITS_H 1
| #define HAVE_LANGINFO_H 1
| #define HAVE_SYS_MMAN_H 1
| #define HAVE_MALLOC_H 1
| #define HAVE_FEATURES_H 1
| #define HAVE_WCTYPE_H 1
| #define STDC_HEADERS 1
| #define _ALL_SOURCE 1
| #define _DARWIN_C_SOURCE 1
| #define _GNU_SOURCE 1
| #define _HPUX_ALT_XOPEN_SOCKET_API 1
| #define _NETBSD_SOURCE 1
| #define _OPENBSD_SOURCE 1
| #define _POSIX_PTHREAD_SEMANTICS 1
| #define __STDC_WANT_IEC_60559_ATTRIBS_EXT__ 1
| #define __STDC_WANT_IEC_60559_BFP_EXT__ 1
| #define __STDC_WANT_IEC_60559_DFP_EXT__ 1
| #define __STDC_WANT_IEC_60559_EXT__ 1
| #define __STDC_WANT_IEC_60559_FUNCS_EXT__ 1
| #define __STDC_WANT_IEC_60559_TYPES_EXT__ 1
| #define __STDC_WANT_LIB_EXT2__ 1
| #define __STDC_WANT_MATH_SPEC_FUNCS__ 1
| #define _TANDEM_SOURCE 1
| #define __EXTENSIONS__ 1
| #define TMPDIR "/tmp"
| #define EXTERNAL_SORT 1
| #define HAVE_DIRENT_H 1
| #define HAVE_FCNTL_H 1
| #define HAVE_UNISTD_H 1
| #define HAVE_SYS_DIR_H 1
| #define HAVE_SYS_STAT_H 1
| #define HAVE_SYS_TYPES_H 1
| #define HAVE_SYS_WAIT_H 1
| #define HAVE_STDBOOL_H 1
| #define HAVE_TYPEOF 1
| #define HAVE_STATEMENT_EXPRESSION_EXT 1
| #define HAVE_STAT_ST_INO 1
| #define HAVE_ALLOCA_H 1
| #define HAVE_ALLOCA 1
| #define HAVE_BTOWC 1
| #define HAVE_FNMATCH 1
| #define HAVE_MBSRTOWCS 1
| #define HAVE_ISBLANK 1
| #define HAVE_MBSINIT 1
| #define HAVE_MBRTOWC 1
| #define HAVE_MPROTECT 1
| #define HAVE_NL_LANGINFO 1
| #define HAVE_ISWCTYPE 1
| #define HAVE_WCRTOMB 1
| #define HAVE_ISWCNTRL 1
| #define HAVE_LANGINFO_CODESET 1
| #define HAVE_MBSTATE_T 1
| #define HAVE_PTHREAD_API 1
| #define SETLOCALE_NULL_ALL_MTSAFE 0
| #define SETLOCALE_NULL_ONE_MTSAFE 1
| #define HAVE_WINT_T 1
| #define HAVE_LONG_LONG_INT 1
| #define HAVE_UNSIGNED_LONG_LONG_INT 1
| #define restrict __restrict__
| #define HAVE_WCHAR_T 1
| #define USE_POSIX_THREADS 1
| #define HAVE_MAP_ANONYMOUS 1
| #define HAVE_DECL_ALARM 1
| #define MALLOC_0_IS_NONNULL 1
| /* end confdefs.h.  */
| #include <stddef.h>
| #ifdef HAVE_STDIO_H
| # include <stdio.h>
| #endif
| #ifdef HAVE_STDLIB_H
| # include <stdlib.h>
| #endif
| #ifdef HAVE_STRING_H
| # include <string.h>
| #endif
| #ifdef HAVE_INTTYPES_H
| # include <inttypes.h>
| #endif
| #ifdef HAVE_STDINT_H
| # include <stdint.h>
| #endif
| #ifdef HAVE_STRINGS_H
| # include <strings.h>
| #endif
| #ifdef HAVE_SYS_TYPES_H
| # include <sys/types.h>
| #endif
| #ifdef HAVE_SYS_STAT_H
| # include <sys/stat.h>
| #endif
| #ifdef HAVE_UNISTD_H
| # include <unistd.h>
| #endif
| int
| main (void)
| {
| if (sizeof ((_Bool)))
| 	    return 0;
|   ;
|   return 0;
| }
configure:15675: result: yes
configure:15687: checking whether ecvt is declared
configure:15687: /root/.ppkg/core/wrapper-target-cc -c  -Os   -I/root/.ppkg/run/2404/linux-musl-x86_64/uctags/include -DNDEBUG -I/root/.ppkg/installed/linux-musl-x86_64/libjansson/include -I/root/.ppkg/installed/linux-musl-x86_64/libyaml/include -I/root/.ppkg/installed/linux-musl-x86_64/libiconv/include -I/root/.ppkg/installed/linux-musl-x86_64/libz/include -I/root/.ppkg/installed/linux-musl-x86_64/libxml2/include  conftest.c >&5
configure:15687: $? = 0
configure:15687: result: yes
configure:15697: checking whether fcvt is declared
configure:15697: /root/.ppkg/core/wrapper-target-cc -c  -Os   -I/root/.ppkg/run/2404/linux-musl-x86_64/uctags/include -DNDEBUG -I/root/.ppkg/installed/linux-musl-x86_64/libjansson/include -I/root/.ppkg/installed/linux-musl-x86_64/libyaml/include -I/root/.ppkg/installed/linux-musl-x86_64/libiconv/include -I/root/.ppkg/installed/linux-musl-x86_64/libz/include -I/root/.ppkg/installed/linux-musl-x86_64/libxml2/include  conftest.c >&5
configure:15697: $? = 0
configure:15697: result: yes
configure:15707: checking whether gcvt is declared
configure:15707: /root/.ppkg/core/wrapper-target-cc -c  -Os   -I/root/.ppkg/run/2404/linux-musl-x86_64/uctags/include -DNDEBUG -I/root/.ppkg/installed/linux-musl-x86_64/libjansson/include -I/root/.ppkg/installed/linux-musl-x86_64/libyaml/include -I/root/.ppkg/installed/linux-musl-x86_64/libiconv/include -I/root/.ppkg/installed/linux-musl-x86_64/libz/include -I/root/.ppkg/installed/linux-musl-x86_64/libxml2/include  conftest.c >&5
configure:15707: $? = 0
configure:15707: result: yes
configure:15894: checking whether strnlen is declared
configure:15894: /root/.ppkg/core/wrapper-target-cc -c  -Os   -I/root/.ppkg/run/2404/linux-musl-x86_64/uctags/include -DNDEBUG -I/root/.ppkg/installed/linux-musl-x86_64/libjansson/include -I/root/.ppkg/installed/linux-musl-x86_64/libyaml/include -I/root/.ppkg/installed/linux-musl-x86_64/libiconv/include -I/root/.ppkg/installed/linux-musl-x86_64/libz/include -I/root/.ppkg/installed/linux-musl-x86_64/libxml2/include  conftest.c >&5
configure:15894: $? = 0
configure:15894: result: yes
configure:15907: checking for pid_t
configure:15907: /root/.ppkg/core/wrapper-target-cc -c  -Os  -I/root/.ppkg/run/2404/linux-musl-x86_64/uctags/include -DNDEBUG -I/root/.ppkg/installed/linux-musl-x86_64/libjansson/include -I/root/.ppkg/installed/linux-musl-x86_64/libyaml/include -I/root/.ppkg/installed/linux-musl-x86_64/libiconv/include -I/root/.ppkg/installed/linux-musl-x86_64/libz/include -I/root/.ppkg/installed/linux-musl-x86_64/libxml2/include  conftest.c >&5
configure:15907: $? = 0
configure:15907: /root/.ppkg/core/wrapper-target-cc -c  -Os  -I/root/.ppkg/run/2404/linux-musl-x86_64/uctags/include -DNDEBUG -I/root/.ppkg/installed/linux-musl-x86_64/libjansson/include -I/root/.ppkg/installed/linux-musl-x86_64/libyaml/include -I/root/.ppkg/installed/linux-musl-x86_64/libiconv/include -I/root/.ppkg/installed/linux-musl-x86_64/libz/include -I/root/.ppkg/installed/linux-musl-x86_64/libxml2/include  conftest.c >&5
conftest.c: In function 'main':
conftest.c:126:20: error: expected expression before ')' token
  126 | if (sizeof ((pid_t)))
      |                    ^
configure:15907: $? = 1
configure: failed program was:
| /* confdefs.h */
| #define PACKAGE_NAME "universal-ctags"
| #define PACKAGE_TARNAME "universal-ctags"
| #define PACKAGE_VERSION "6.2.0"
| #define PACKAGE_STRING "universal-ctags 6.2.0"
| #define PACKAGE_BUGREPORT ""
| #define PACKAGE_URL ""
| #define PACKAGE "universal-ctags"
| #define VERSION "6.2.0"
| #define DEFAULT_FILE_FORMAT 2
| #define ETAGS "etags"
| #define HAVE_STDIO_H 1
| #define HAVE_STDLIB_H 1
| #define HAVE_STRING_H 1
| #define HAVE_INTTYPES_H 1
| #define HAVE_STDINT_H 1
| #define HAVE_STRINGS_H 1
| #define HAVE_SYS_STAT_H 1
| #define HAVE_SYS_TYPES_H 1
| #define HAVE_UNISTD_H 1
| #define HAVE_WCHAR_H 1
| #define HAVE_FNMATCH_H 1
| #define HAVE_THREADS_H 1
| #define HAVE_LIMITS_H 1
| #define HAVE_LANGINFO_H 1
| #define HAVE_SYS_MMAN_H 1
| #define HAVE_MALLOC_H 1
| #define HAVE_FEATURES_H 1
| #define HAVE_WCTYPE_H 1
| #define STDC_HEADERS 1
| #define _ALL_SOURCE 1
| #define _DARWIN_C_SOURCE 1
| #define _GNU_SOURCE 1
| #define _HPUX_ALT_XOPEN_SOCKET_API 1
| #define _NETBSD_SOURCE 1
| #define _OPENBSD_SOURCE 1
| #define _POSIX_PTHREAD_SEMANTICS 1
| #define __STDC_WANT_IEC_60559_ATTRIBS_EXT__ 1
| #define __STDC_WANT_IEC_60559_BFP_EXT__ 1
| #define __STDC_WANT_IEC_60559_DFP_EXT__ 1
| #define __STDC_WANT_IEC_60559_EXT__ 1
| #define __STDC_WANT_IEC_60559_FUNCS_EXT__ 1
| #define __STDC_WANT_IEC_60559_TYPES_EXT__ 1
| #define __STDC_WANT_LIB_EXT2__ 1
| #define __STDC_WANT_MATH_SPEC_FUNCS__ 1
| #define _TANDEM_SOURCE 1
| #define __EXTENSIONS__ 1
| #define TMPDIR "/tmp"
| #define EXTERNAL_SORT 1
| #define HAVE_DIRENT_H 1
| #define HAVE_FCNTL_H 1
| #define HAVE_UNISTD_H 1
| #define HAVE_SYS_DIR_H 1
| #define HAVE_SYS_STAT_H 1
| #define HAVE_SYS_TYPES_H 1
| #define HAVE_SYS_WAIT_H 1
| #define HAVE_STDBOOL_H 1
| #define HAVE_TYPEOF 1
| #define HAVE_STATEMENT_EXPRESSION_EXT 1
| #define HAVE_STAT_ST_INO 1
| #define HAVE_ALLOCA_H 1
| #define HAVE_ALLOCA 1
| #define HAVE_BTOWC 1
| #define HAVE_FNMATCH 1
| #define HAVE_MBSRTOWCS 1
| #define HAVE_ISBLANK 1
| #define HAVE_MBSINIT 1
| #define HAVE_MBRTOWC 1
| #define HAVE_MPROTECT 1
| #define HAVE_NL_LANGINFO 1
| #define HAVE_ISWCTYPE 1
| #define HAVE_WCRTOMB 1
| #define HAVE_ISWCNTRL 1
| #define HAVE_LANGINFO_CODESET 1
| #define HAVE_MBSTATE_T 1
| #define HAVE_PTHREAD_API 1
| #define SETLOCALE_NULL_ALL_MTSAFE 0
| #define SETLOCALE_NULL_ONE_MTSAFE 1
| #define HAVE_WINT_T 1
| #define HAVE_LONG_LONG_INT 1
| #define HAVE_UNSIGNED_LONG_LONG_INT 1
| #define restrict __restrict__
| #define HAVE_WCHAR_T 1
| #define USE_POSIX_THREADS 1
| #define HAVE_MAP_ANONYMOUS 1
| #define HAVE_DECL_ALARM 1
| #define MALLOC_0_IS_NONNULL 1
| #define HAVE__BOOL 1
| #define HAVE_DECL_ECVT 1
| #define HAVE_DECL_FCVT 1
| #define HAVE_DECL_GCVT 1
| #define HAVE_DECL_STRNLEN 1
| /* end confdefs.h.  */
| #include <stddef.h>
| #ifdef HAVE_STDIO_H
| # include <stdio.h>
| #endif
| #ifdef HAVE_STDLIB_H
| # include <stdlib.h>
| #endif
| #ifdef HAVE_STRING_H
| # include <string.h>
| #endif
| #ifdef HAVE_INTTYPES_H
| # include <inttypes.h>
| #endif
| #ifdef HAVE_STDINT_H
| # include <stdint.h>
| #endif
| #ifdef HAVE_STRINGS_H
| # include <strings.h>
| #endif
| #ifdef HAVE_SYS_TYPES_H
| # include <sys/types.h>
| #endif
| #ifdef HAVE_SYS_STAT_H
| # include <sys/stat.h>
| #endif
| #ifdef HAVE_UNISTD_H
| # include <unistd.h>
| #endif
| 
| int
| main (void)
| {
| if (sizeof ((pid_t)))
| 	    return 0;
|   ;
|   return 0;
| }
configure:15907: result: yes
configure:15945: checking for mode_t
configure:15945: /root/.ppkg/core/wrapper-target-cc -c  -Os  -I/root/.ppkg/run/2404/linux-musl-x86_64/uctags/include -DNDEBUG -I/root/.ppkg/installed/linux-musl-x86_64/libjansson/include -I/root/.ppkg/installed/linux-musl-x86_64/libyaml/include -I/root/.ppkg/installed/linux-musl-x86_64/libiconv/include -I/root/.ppkg/installed/linux-musl-x86_64/libz/include -I/root/.ppkg/installed/linux-musl-x86_64/libxml2/include  conftest.c >&5
configure:15945: $? = 0
configure:15945: /root/.ppkg/core/wrapper-target-cc -c  -Os  -I/root/.ppkg/run/2404/linux-musl-x86_64/uctags/include -DNDEBUG -I/root/.ppkg/installed/linux-musl-x86_64/libjansson/include -I/root/.ppkg/installed/linux-musl-x86_64/libyaml/include -I/root/.ppkg/installed/linux-musl-x86_64/libiconv/include -I/root/.ppkg/installed/linux-musl-x86_64/libz/include -I/root/.ppkg/installed/linux-musl-x86_64/libxml2/include  conftest.c >&5
conftest.c: In function 'main':
conftest.c:125:21: error: expected expression before ')' token
  125 | if (sizeof ((mode_t)))
      |                     ^
configure:15945: $? = 1
configure: failed program was:
| /* confdefs.h */
| #define PACKAGE_NAME "universal-ctags"
| #define PACKAGE_TARNAME "universal-ctags"
| #define PACKAGE_VERSION "6.2.0"
| #define PACKAGE_STRING "universal-ctags 6.2.0"
| #define PACKAGE_BUGREPORT ""
| #define PACKAGE_URL ""
| #define PACKAGE "universal-ctags"
| #define VERSION "6.2.0"
| #define DEFAULT_FILE_FORMAT 2
| #define ETAGS "etags"
| #define HAVE_STDIO_H 1
| #define HAVE_STDLIB_H 1
| #define HAVE_STRING_H 1
| #define HAVE_INTTYPES_H 1
| #define HAVE_STDINT_H 1
| #define HAVE_STRINGS_H 1
| #define HAVE_SYS_STAT_H 1
| #define HAVE_SYS_TYPES_H 1
| #define HAVE_UNISTD_H 1
| #define HAVE_WCHAR_H 1
| #define HAVE_FNMATCH_H 1
| #define HAVE_THREADS_H 1
| #define HAVE_LIMITS_H 1
| #define HAVE_LANGINFO_H 1
| #define HAVE_SYS_MMAN_H 1
| #define HAVE_MALLOC_H 1
| #define HAVE_FEATURES_H 1
| #define HAVE_WCTYPE_H 1
| #define STDC_HEADERS 1
| #define _ALL_SOURCE 1
| #define _DARWIN_C_SOURCE 1
| #define _GNU_SOURCE 1
| #define _HPUX_ALT_XOPEN_SOCKET_API 1
| #define _NETBSD_SOURCE 1
| #define _OPENBSD_SOURCE 1
| #define _POSIX_PTHREAD_SEMANTICS 1
| #define __STDC_WANT_IEC_60559_ATTRIBS_EXT__ 1
| #define __STDC_WANT_IEC_60559_BFP_EXT__ 1
| #define __STDC_WANT_IEC_60559_DFP_EXT__ 1
| #define __STDC_WANT_IEC_60559_EXT__ 1
| #define __STDC_WANT_IEC_60559_FUNCS_EXT__ 1
| #define __STDC_WANT_IEC_60559_TYPES_EXT__ 1
| #define __STDC_WANT_LIB_EXT2__ 1
| #define __STDC_WANT_MATH_SPEC_FUNCS__ 1
| #define _TANDEM_SOURCE 1
| #define __EXTENSIONS__ 1
| #define TMPDIR "/tmp"
| #define EXTERNAL_SORT 1
| #define HAVE_DIRENT_H 1
| #define HAVE_FCNTL_H 1
| #define HAVE_UNISTD_H 1
| #define HAVE_SYS_DIR_H 1
| #define HAVE_SYS_STAT_H 1
| #define HAVE_SYS_TYPES_H 1
| #define HAVE_SYS_WAIT_H 1
| #define HAVE_STDBOOL_H 1
| #define HAVE_TYPEOF 1
| #define HAVE_STATEMENT_EXPRESSION_EXT 1
| #define HAVE_STAT_ST_INO 1
| #define HAVE_ALLOCA_H 1
| #define HAVE_ALLOCA 1
| #define HAVE_BTOWC 1
| #define HAVE_FNMATCH 1
| #define HAVE_MBSRTOWCS 1
| #define HAVE_ISBLANK 1
| #define HAVE_MBSINIT 1
| #define HAVE_MBRTOWC 1
| #define HAVE_MPROTECT 1
| #define HAVE_NL_LANGINFO 1
| #define HAVE_ISWCTYPE 1
| #define HAVE_WCRTOMB 1
| #define HAVE_ISWCNTRL 1
| #define HAVE_LANGINFO_CODESET 1
| #define HAVE_MBSTATE_T 1
| #define HAVE_PTHREAD_API 1
| #define SETLOCALE_NULL_ALL_MTSAFE 0
| #define SETLOCALE_NULL_ONE_MTSAFE 1
| #define HAVE_WINT_T 1
| #define HAVE_LONG_LONG_INT 1
| #define HAVE_UNSIGNED_LONG_LONG_INT 1
| #define restrict __restrict__
| #define HAVE_WCHAR_T 1
| #define USE_POSIX_THREADS 1
| #define HAVE_MAP_ANONYMOUS 1
| #define HAVE_DECL_ALARM 1
| #define MALLOC_0_IS_NONNULL 1
| #define HAVE__BOOL 1
| #define HAVE_DECL_ECVT 1
| #define HAVE_DECL_FCVT 1
| #define HAVE_DECL_GCVT 1
| #define HAVE_DECL_STRNLEN 1
| /* end confdefs.h.  */
| #include <stddef.h>
| #ifdef HAVE_STDIO_H
| # include <stdio.h>
| #endif
| #ifdef HAVE_STDLIB_H
| # include <stdlib.h>
| #endif
| #ifdef HAVE_STRING_H
| # include <string.h>
| #endif
| #ifdef HAVE_INTTYPES_H
| # include <inttypes.h>
| #endif
| #ifdef HAVE_STDINT_H
| # include <stdint.h>
| #endif
| #ifdef HAVE_STRINGS_H
| # include <strings.h>
| #endif
| #ifdef HAVE_SYS_TYPES_H
| # include <sys/types.h>
| #endif
| #ifdef HAVE_SYS_STAT_H
| # include <sys/stat.h>
| #endif
| #ifdef HAVE_UNISTD_H
| # include <unistd.h>
| #endif
| int
| main (void)
| {
| if (sizeof ((mode_t)))
| 	    return 0;
|   ;
|   return 0;
| }
configure:15945: result: yes
configure:16152: checking whether execvpe is declared
configure:16152: /root/.ppkg/core/wrapper-target-cc -c  -Os   -I/root/.ppkg/run/2404/linux-musl-x86_64/uctags/include -DNDEBUG -I/root/.ppkg/installed/linux-musl-x86_64/libjansson/include -I/root/.ppkg/installed/linux-musl-x86_64/libyaml/include -I/root/.ppkg/installed/linux-musl-x86_64/libiconv/include -I/root/.ppkg/installed/linux-musl-x86_64/libz/include -I/root/.ppkg/installed/linux-musl-x86_64/libxml2/include  conftest.c >&5
configure:16152: $? = 0
configure:16152: result: yes
configure:16729: checking whether wcsdup is declared
configure:16729: /root/.ppkg/core/wrapper-target-cc -c  -Os   -I/root/.ppkg/run/2404/linux-musl-x86_64/uctags/include -DNDEBUG -I/root/.ppkg/installed/linux-musl-x86_64/libjansson/include -I/root/.ppkg/installed/linux-musl-x86_64/libyaml/include -I/root/.ppkg/installed/linux-musl-x86_64/libiconv/include -I/root/.ppkg/installed/linux-musl-x86_64/libz/include -I/root/.ppkg/installed/linux-musl-x86_64/libxml2/include  conftest.c >&5
configure:16729: $? = 0
configure:16729: result: yes
configure:16861: checking whether iswcntrl works
configure:16902: /root/.ppkg/core/wrapper-target-cc -o conftest  -Os  -I/root/.ppkg/run/2404/linux-musl-x86_64/uctags/include -DNDEBUG -I/root/.ppkg/installed/linux-musl-x86_64/libjansson/include -I/root/.ppkg/installed/linux-musl-x86_64/libyaml/include -I/root/.ppkg/installed/linux-musl-x86_64/libiconv/include -I/root/.ppkg/installed/linux-musl-x86_64/libz/include -I/root/.ppkg/installed/linux-musl-x86_64/libxml2/include  -static --static -ffunction-sections -fdata-sections -Wl,--gc-sections -L/root/.ppkg/run/2404/linux-musl-x86_64/uctags/lib -Wl,--as-needed -flto -Wl,-s -L/root/.ppkg/installed/linux-musl-x86_64/libjansson/lib -Wl,-rpath,/root/.ppkg/installed/linux-musl-x86_64/libjansson/lib -L/root/.ppkg/installed/linux-musl-x86_64/libyaml/lib -Wl,-rpath,/root/.ppkg/installed/linux-musl-x86_64/libyaml/lib -L/root/.ppkg/installed/linux-musl-x86_64/libiconv/lib -Wl,-rpath,/root/.ppkg/installed/linux-musl-x86_64/libiconv/lib -L/root/.ppkg/installed/linux-musl-x86_64/libz/lib -Wl,-rpath,/root/.ppkg/installed/linux-musl-x86_64/libz/lib -L/root/.ppkg/installed/linux-musl-x86_64/libxml2/lib -Wl,-rpath,/root/.ppkg/installed/linux-musl-x86_64/libxml2/lib conftest.c  >&5
configure:16902: $? = 0
configure:16902: ./conftest
configure:16902: $? = 0
configure:16917: result: yes
configure:16943: checking for towlower
configure:16943: /root/.ppkg/core/wrapper-target-cc -o conftest  -Os  -I/root/.ppkg/run/2404/linux-musl-x86_64/uctags/include -DNDEBUG -I/root/.ppkg/installed/linux-musl-x86_64/libjansson/include -I/root/.ppkg/installed/linux-musl-x86_64/libyaml/include -I/root/.ppkg/installed/linux-musl-x86_64/libiconv/include -I/root/.ppkg/installed/linux-musl-x86_64/libz/include -I/root/.ppkg/installed/linux-musl-x86_64/libxml2/include  -static --static -ffunction-sections -fdata-sections -Wl,--gc-sections -L/root/.ppkg/run/2404/linux-musl-x86_64/uctags/lib -Wl,--as-needed -flto -Wl,-s -L/root/.ppkg/installed/linux-musl-x86_64/libjansson/lib -Wl,-rpath,/root/.ppkg/installed/linux-musl-x86_64/libjansson/lib -L/root/.ppkg/installed/linux-musl-x86_64/libyaml/lib -Wl,-rpath,/root/.ppkg/installed/linux-musl-x86_64/libyaml/lib -L/root/.ppkg/installed/linux-musl-x86_64/libiconv/lib -Wl,-rpath,/root/.ppkg/installed/linux-musl-x86_64/libiconv/lib -L/root/.ppkg/installed/linux-musl-x86_64/libz/lib -Wl,-rpath,/root/.ppkg/installed/linux-musl-x86_64/libz/lib -L/root/.ppkg/installed/linux-musl-x86_64/libxml2/lib -Wl,-rpath,/root/.ppkg/installed/linux-musl-x86_64/libxml2/lib conftest.c  >&5
conftest.c:113:6: warning: conflicting types for built-in function 'towlower'; expected 'unsigned int(unsigned int)' [-Wbuiltin-declaration-mismatch]
  113 | char towlower (void);
      |      ^~~~~~~~
conftest.c:105:1: note: 'towlower' is declared in header '<wctype.h>'
  104 | #include <limits.h>
  105 | #undef towlower
configure:16943: $? = 0
configure:16943: result: yes
configure:16981: checking for wctype_t
configure:17003: /root/.ppkg/core/wrapper-target-cc -c  -Os  -I/root/.ppkg/run/2404/linux-musl-x86_64/uctags/include -DNDEBUG -I/root/.ppkg/installed/linux-musl-x86_64/libjansson/include -I/root/.ppkg/installed/linux-musl-x86_64/libyaml/include -I/root/.ppkg/installed/linux-musl-x86_64/libiconv/include -I/root/.ppkg/installed/linux-musl-x86_64/libz/include -I/root/.ppkg/installed/linux-musl-x86_64/libxml2/include  conftest.c >&5
configure:17003: $? = 0
configure:17014: result: yes
configure:17020: checking for wctrans_t
configure:17040: /root/.ppkg/core/wrapper-target-cc -c  -Os  -I/root/.ppkg/run/2404/linux-musl-x86_64/uctags/include -DNDEBUG -I/root/.ppkg/installed/linux-musl-x86_64/libjansson/include -I/root/.ppkg/installed/linux-musl-x86_64/libyaml/include -I/root/.ppkg/installed/linux-musl-x86_64/libiconv/include -I/root/.ppkg/installed/linux-musl-x86_64/libz/include -I/root/.ppkg/installed/linux-musl-x86_64/libxml2/include  conftest.c >&5
configure:17040: $? = 0
configure:17051: result: yes
configure:17126: checking for alloca as a compiler built-in
configure:17154: result: yes
configure:17197: checking whether btowc(0) is correct
configure:17228: /root/.ppkg/core/wrapper-target-cc -o conftest  -Os  -I/root/.ppkg/run/2404/linux-musl-x86_64/uctags/include -DNDEBUG -I/root/.ppkg/installed/linux-musl-x86_64/libjansson/include -I/root/.ppkg/installed/linux-musl-x86_64/libyaml/include -I/root/.ppkg/installed/linux-musl-x86_64/libiconv/include -I/root/.ppkg/installed/linux-musl-x86_64/libz/include -I/root/.ppkg/installed/linux-musl-x86_64/libxml2/include  -static --static -ffunction-sections -fdata-sections -Wl,--gc-sections -L/root/.ppkg/run/2404/linux-musl-x86_64/uctags/lib -Wl,--as-needed -flto -Wl,-s -L/root/.ppkg/installed/linux-musl-x86_64/libjansson/lib -Wl,-rpath,/root/.ppkg/installed/linux-musl-x86_64/libjansson/lib -L/root/.ppkg/installed/linux-musl-x86_64/libyaml/lib -Wl,-rpath,/root/.ppkg/installed/linux-musl-x86_64/libyaml/lib -L/root/.ppkg/installed/linux-musl-x86_64/libiconv/lib -Wl,-rpath,/root/.ppkg/installed/linux-musl-x86_64/libiconv/lib -L/root/.ppkg/installed/linux-musl-x86_64/libz/lib -Wl,-rpath,/root/.ppkg/installed/linux-musl-x86_64/libz/lib -L/root/.ppkg/installed/linux-musl-x86_64/libxml2/lib -Wl,-rpath,/root/.ppkg/installed/linux-musl-x86_64/libxml2/lib conftest.c  >&5
configure:17228: $? = 0
configure:17228: ./conftest
configure:17228: $? = 0
configure:17243: result: yes
configure:17246: checking whether btowc(EOF) is correct
configure:17298: result: guessing yes
configure:17346: checking for __builtin_expect
configure:17362: /root/.ppkg/core/wrapper-target-cc -o conftest  -Os  -I/root/.ppkg/run/2404/linux-musl-x86_64/uctags/include -DNDEBUG -I/root/.ppkg/installed/linux-musl-x86_64/libjansson/include -I/root/.ppkg/installed/linux-musl-x86_64/libyaml/include -I/root/.ppkg/installed/linux-musl-x86_64/libiconv/include -I/root/.ppkg/installed/linux-musl-x86_64/libz/include -I/root/.ppkg/installed/linux-musl-x86_64/libxml2/include  -static --static -ffunction-sections -fdata-sections -Wl,--gc-sections -L/root/.ppkg/run/2404/linux-musl-x86_64/uctags/lib -Wl,--as-needed -flto -Wl,-s -L/root/.ppkg/installed/linux-musl-x86_64/libjansson/lib -Wl,-rpath,/root/.ppkg/installed/linux-musl-x86_64/libjansson/lib -L/root/.ppkg/installed/linux-musl-x86_64/libyaml/lib -Wl,-rpath,/root/.ppkg/installed/linux-musl-x86_64/libyaml/lib -L/root/.ppkg/installed/linux-musl-x86_64/libiconv/lib -Wl,-rpath,/root/.ppkg/installed/linux-musl-x86_64/libiconv/lib -L/root/.ppkg/installed/linux-musl-x86_64/libz/lib -Wl,-rpath,/root/.ppkg/installed/linux-musl-x86_64/libz/lib -L/root/.ppkg/installed/linux-musl-x86_64/libxml2/lib -Wl,-rpath,/root/.ppkg/installed/linux-musl-x86_64/libxml2/lib conftest.c  >&5
configure:17362: $? = 0
configure:17392: result: yes
configure:17412: checking for flexible array member
configure:17441: /root/.ppkg/core/wrapper-target-cc -c  -Os  -I/root/.ppkg/run/2404/linux-musl-x86_64/uctags/include -DNDEBUG -I/root/.ppkg/installed/linux-musl-x86_64/libjansson/include -I/root/.ppkg/installed/linux-musl-x86_64/libyaml/include -I/root/.ppkg/installed/linux-musl-x86_64/libiconv/include -I/root/.ppkg/installed/linux-musl-x86_64/libz/include -I/root/.ppkg/installed/linux-musl-x86_64/libxml2/include  conftest.c >&5
configure:17441: $? = 0
configure:17451: result: yes
configure:17474: checking for working POSIX fnmatch
configure:17583: /root/.ppkg/core/wrapper-target-cc -o conftest  -Os  -I/root/.ppkg/run/2404/linux-musl-x86_64/uctags/include -DNDEBUG -I/root/.ppkg/installed/linux-musl-x86_64/libjansson/include -I/root/.ppkg/installed/linux-musl-x86_64/libyaml/include -I/root/.ppkg/installed/linux-musl-x86_64/libiconv/include -I/root/.ppkg/installed/linux-musl-x86_64/libz/include -I/root/.ppkg/installed/linux-musl-x86_64/libxml2/include  -static --static -ffunction-sections -fdata-sections -Wl,--gc-sections -L/root/.ppkg/run/2404/linux-musl-x86_64/uctags/lib -Wl,--as-needed -flto -Wl,-s -L/root/.ppkg/installed/linux-musl-x86_64/libjansson/lib -Wl,-rpath,/root/.ppkg/installed/linux-musl-x86_64/libjansson/lib -L/root/.ppkg/installed/linux-musl-x86_64/libyaml/lib -Wl,-rpath,/root/.ppkg/installed/linux-musl-x86_64/libyaml/lib -L/root/.ppkg/installed/linux-musl-x86_64/libiconv/lib -Wl,-rpath,/root/.ppkg/installed/linux-musl-x86_64/libiconv/lib -L/root/.ppkg/installed/linux-musl-x86_64/libz/lib -Wl,-rpath,/root/.ppkg/installed/linux-musl-x86_64/libz/lib -L/root/.ppkg/installed/linux-musl-x86_64/libxml2/lib -Wl,-rpath,/root/.ppkg/installed/linux-musl-x86_64/libxml2/lib conftest.c  >&5
configure:17583: $? = 0
configure:17583: ./conftest
configure:17583: $? = 0
configure:17599: result: yes
configure:17723: checking whether the compiler supports the __inline keyword
configure:17741: /root/.ppkg/core/wrapper-target-cc -c  -Os  -I/root/.ppkg/run/2404/linux-musl-x86_64/uctags/include -DNDEBUG -I/root/.ppkg/installed/linux-musl-x86_64/libjansson/include -I/root/.ppkg/installed/linux-musl-x86_64/libyaml/include -I/root/.ppkg/installed/linux-musl-x86_64/libiconv/include -I/root/.ppkg/installed/linux-musl-x86_64/libz/include -I/root/.ppkg/installed/linux-musl-x86_64/libxml2/include  conftest.c >&5
configure:17741: $? = 0
configure:17751: result: yes
configure:17828: checking for pthread_rwlock_t
configure:17828: /root/.ppkg/core/wrapper-target-cc -c  -Os  -I/root/.ppkg/run/2404/linux-musl-x86_64/uctags/include -DNDEBUG -I/root/.ppkg/installed/linux-musl-x86_64/libjansson/include -I/root/.ppkg/installed/linux-musl-x86_64/libyaml/include -I/root/.ppkg/installed/linux-musl-x86_64/libiconv/include -I/root/.ppkg/installed/linux-musl-x86_64/libz/include -I/root/.ppkg/installed/linux-musl-x86_64/libxml2/include  conftest.c >&5
configure:17828: $? = 0
configure:17828: /root/.ppkg/core/wrapper-target-cc -c  -Os  -I/root/.ppkg/run/2404/linux-musl-x86_64/uctags/include -DNDEBUG -I/root/.ppkg/installed/linux-musl-x86_64/libjansson/include -I/root/.ppkg/installed/linux-musl-x86_64/libyaml/include -I/root/.ppkg/installed/linux-musl-x86_64/libiconv/include -I/root/.ppkg/installed/linux-musl-x86_64/libz/include -I/root/.ppkg/installed/linux-musl-x86_64/libxml2/include  conftest.c >&5
conftest.c: In function 'main':
conftest.c:111:31: error: expected expression before ')' token
  111 | if (sizeof ((pthread_rwlock_t)))
      |                               ^
configure:17828: $? = 1
configure: failed program was:
| /* confdefs.h */
| #define PACKAGE_NAME "universal-ctags"
| #define PACKAGE_TARNAME "universal-ctags"
| #define PACKAGE_VERSION "6.2.0"
| #define PACKAGE_STRING "universal-ctags 6.2.0"
| #define PACKAGE_BUGREPORT ""
| #define PACKAGE_URL ""
| #define PACKAGE "universal-ctags"
| #define VERSION "6.2.0"
| #define DEFAULT_FILE_FORMAT 2
| #define ETAGS "etags"
| #define HAVE_STDIO_H 1
| #define HAVE_STDLIB_H 1
| #define HAVE_STRING_H 1
| #define HAVE_INTTYPES_H 1
| #define HAVE_STDINT_H 1
| #define HAVE_STRINGS_H 1
| #define HAVE_SYS_STAT_H 1
| #define HAVE_SYS_TYPES_H 1
| #define HAVE_UNISTD_H 1
| #define HAVE_WCHAR_H 1
| #define HAVE_FNMATCH_H 1
| #define HAVE_THREADS_H 1
| #define HAVE_LIMITS_H 1
| #define HAVE_LANGINFO_H 1
| #define HAVE_SYS_MMAN_H 1
| #define HAVE_MALLOC_H 1
| #define HAVE_FEATURES_H 1
| #define HAVE_WCTYPE_H 1
| #define STDC_HEADERS 1
| #define _ALL_SOURCE 1
| #define _DARWIN_C_SOURCE 1
| #define _GNU_SOURCE 1
| #define _HPUX_ALT_XOPEN_SOCKET_API 1
| #define _NETBSD_SOURCE 1
| #define _OPENBSD_SOURCE 1
| #define _POSIX_PTHREAD_SEMANTICS 1
| #define __STDC_WANT_IEC_60559_ATTRIBS_EXT__ 1
| #define __STDC_WANT_IEC_60559_BFP_EXT__ 1
| #define __STDC_WANT_IEC_60559_DFP_EXT__ 1
| #define __STDC_WANT_IEC_60559_EXT__ 1
| #define __STDC_WANT_IEC_60559_FUNCS_EXT__ 1
| #define __STDC_WANT_IEC_60559_TYPES_EXT__ 1
| #define __STDC_WANT_LIB_EXT2__ 1
| #define __STDC_WANT_MATH_SPEC_FUNCS__ 1
| #define _TANDEM_SOURCE 1
| #define __EXTENSIONS__ 1
| #define TMPDIR "/tmp"
| #define EXTERNAL_SORT 1
| #define HAVE_DIRENT_H 1
| #define HAVE_FCNTL_H 1
| #define HAVE_UNISTD_H 1
| #define HAVE_SYS_DIR_H 1
| #define HAVE_SYS_STAT_H 1
| #define HAVE_SYS_TYPES_H 1
| #define HAVE_SYS_WAIT_H 1
| #define HAVE_STDBOOL_H 1
| #define HAVE_TYPEOF 1
| #define HAVE_STATEMENT_EXPRESSION_EXT 1
| #define HAVE_STAT_ST_INO 1
| #define HAVE_ALLOCA_H 1
| #define HAVE_ALLOCA 1
| #define HAVE_BTOWC 1
| #define HAVE_FNMATCH 1
| #define HAVE_MBSRTOWCS 1
| #define HAVE_ISBLANK 1
| #define HAVE_MBSINIT 1
| #define HAVE_MBRTOWC 1
| #define HAVE_MPROTECT 1
| #define HAVE_NL_LANGINFO 1
| #define HAVE_ISWCTYPE 1
| #define HAVE_WCRTOMB 1
| #define HAVE_ISWCNTRL 1
| #define HAVE_LANGINFO_CODESET 1
| #define HAVE_MBSTATE_T 1
| #define HAVE_PTHREAD_API 1
| #define SETLOCALE_NULL_ALL_MTSAFE 0
| #define SETLOCALE_NULL_ONE_MTSAFE 1
| #define HAVE_WINT_T 1
| #define HAVE_LONG_LONG_INT 1
| #define HAVE_UNSIGNED_LONG_LONG_INT 1
| #define restrict __restrict__
| #define HAVE_WCHAR_T 1
| #define USE_POSIX_THREADS 1
| #define HAVE_MAP_ANONYMOUS 1
| #define HAVE_DECL_ALARM 1
| #define MALLOC_0_IS_NONNULL 1
| #define HAVE__BOOL 1
| #define HAVE_DECL_ECVT 1
| #define HAVE_DECL_FCVT 1
| #define HAVE_DECL_GCVT 1
| #define HAVE_DECL_STRNLEN 1
| #define _USE_STD_STAT 1
| #define HAVE_DECL_EXECVPE 1
| #define HAVE_DECL_WCSDUP 1
| #define HAVE_TOWLOWER 1
| #define HAVE_ALLOCA 1
| #define GNULIB_TEST_BTOWC 1
| #define HAVE___BUILTIN_EXPECT 1
| #define FLEXIBLE_ARRAY_MEMBER /**/
| #define GNULIB_TEST_FNMATCH 1
| #define GNULIB_ISBLANK 1
| #define HAVE___INLINE 1
| #define GNULIB_TEST_LOCALECONV 1
| /* end confdefs.h.  */
| #include <pthread.h>
| 
| int
| main (void)
| {
| if (sizeof ((pthread_rwlock_t)))
| 	    return 0;
|   ;
|   return 0;
| }
configure:17828: result: yes
configure:17841: checking whether pthread_rwlock_rdlock prefers a writer to a reader
configure:17986: /root/.ppkg/core/wrapper-target-cc -o conftest  -Os  -I/root/.ppkg/run/2404/linux-musl-x86_64/uctags/include -DNDEBUG -I/root/.ppkg/installed/linux-musl-x86_64/libjansson/include -I/root/.ppkg/installed/linux-musl-x86_64/libyaml/include -I/root/.ppkg/installed/linux-musl-x86_64/libiconv/include -I/root/.ppkg/installed/linux-musl-x86_64/libz/include -I/root/.ppkg/installed/linux-musl-x86_64/libxml2/include  -static --static -ffunction-sections -fdata-sections -Wl,--gc-sections -L/root/.ppkg/run/2404/linux-musl-x86_64/uctags/lib -Wl,--as-needed -flto -Wl,-s -L/root/.ppkg/installed/linux-musl-x86_64/libjansson/lib -Wl,-rpath,/root/.ppkg/installed/linux-musl-x86_64/libjansson/lib -L/root/.ppkg/installed/linux-musl-x86_64/libyaml/lib -Wl,-rpath,/root/.ppkg/installed/linux-musl-x86_64/libyaml/lib -L/root/.ppkg/installed/linux-musl-x86_64/libiconv/lib -Wl,-rpath,/root/.ppkg/installed/linux-musl-x86_64/libiconv/lib -L/root/.ppkg/installed/linux-musl-x86_64/libz/lib -Wl,-rpath,/root/.ppkg/installed/linux-musl-x86_64/libz/lib -L/root/.ppkg/installed/linux-musl-x86_64/libxml2/lib -Wl,-rpath,/root/.ppkg/installed/linux-musl-x86_64/libxml2/lib conftest.c  -lpthread >&5
configure:17986: $? = 0
configure:17986: ./conftest
configure:17986: $? = 1
configure: program exited with status 1
configure: failed program was:
| /* confdefs.h */
| #define PACKAGE_NAME "universal-ctags"
| #define PACKAGE_TARNAME "universal-ctags"
| #define PACKAGE_VERSION "6.2.0"
| #define PACKAGE_STRING "universal-ctags 6.2.0"
| #define PACKAGE_BUGREPORT ""
| #define PACKAGE_URL ""
| #define PACKAGE "universal-ctags"
| #define VERSION "6.2.0"
| #define DEFAULT_FILE_FORMAT 2
| #define ETAGS "etags"
| #define HAVE_STDIO_H 1
| #define HAVE_STDLIB_H 1
| #define HAVE_STRING_H 1
| #define HAVE_INTTYPES_H 1
| #define HAVE_STDINT_H 1
| #define HAVE_STRINGS_H 1
| #define HAVE_SYS_STAT_H 1
| #define HAVE_SYS_TYPES_H 1
| #define HAVE_UNISTD_H 1
| #define HAVE_WCHAR_H 1
| #define HAVE_FNMATCH_H 1
| #define HAVE_THREADS_H 1
| #define HAVE_LIMITS_H 1
| #define HAVE_LANGINFO_H 1
| #define HAVE_SYS_MMAN_H 1
| #define HAVE_MALLOC_H 1
| #define HAVE_FEATURES_H 1
| #define HAVE_WCTYPE_H 1
| #define STDC_HEADERS 1
| #define _ALL_SOURCE 1
| #define _DARWIN_C_SOURCE 1
| #define _GNU_SOURCE 1
| #define _HPUX_ALT_XOPEN_SOCKET_API 1
| #define _NETBSD_SOURCE 1
| #define _OPENBSD_SOURCE 1
| #define _POSIX_PTHREAD_SEMANTICS 1
| #define __STDC_WANT_IEC_60559_ATTRIBS_EXT__ 1
| #define __STDC_WANT_IEC_60559_BFP_EXT__ 1
| #define __STDC_WANT_IEC_60559_DFP_EXT__ 1
| #define __STDC_WANT_IEC_60559_EXT__ 1
| #define __STDC_WANT_IEC_60559_FUNCS_EXT__ 1
| #define __STDC_WANT_IEC_60559_TYPES_EXT__ 1
| #define __STDC_WANT_LIB_EXT2__ 1
| #define __STDC_WANT_MATH_SPEC_FUNCS__ 1
| #define _TANDEM_SOURCE 1
| #define __EXTENSIONS__ 1
| #define TMPDIR "/tmp"
| #define EXTERNAL_SORT 1
| #define HAVE_DIRENT_H 1
| #define HAVE_FCNTL_H 1
| #define HAVE_UNISTD_H 1
| #define HAVE_SYS_DIR_H 1
| #define HAVE_SYS_STAT_H 1
| #define HAVE_SYS_TYPES_H 1
| #define HAVE_SYS_WAIT_H 1
| #define HAVE_STDBOOL_H 1
| #define HAVE_TYPEOF 1
| #define HAVE_STATEMENT_EXPRESSION_EXT 1
| #define HAVE_STAT_ST_INO 1
| #define HAVE_ALLOCA_H 1
| #define HAVE_ALLOCA 1
| #define HAVE_BTOWC 1
| #define HAVE_FNMATCH 1
| #define HAVE_MBSRTOWCS 1
| #define HAVE_ISBLANK 1
| #define HAVE_MBSINIT 1
| #define HAVE_MBRTOWC 1
| #define HAVE_MPROTECT 1
| #define HAVE_NL_LANGINFO 1
| #define HAVE_ISWCTYPE 1
| #define HAVE_WCRTOMB 1
| #define HAVE_ISWCNTRL 1
| #define HAVE_LANGINFO_CODESET 1
| #define HAVE_MBSTATE_T 1
| #define HAVE_PTHREAD_API 1
| #define SETLOCALE_NULL_ALL_MTSAFE 0
| #define SETLOCALE_NULL_ONE_MTSAFE 1
| #define HAVE_WINT_T 1
| #define HAVE_LONG_LONG_INT 1
| #define HAVE_UNSIGNED_LONG_LONG_INT 1
| #define restrict __restrict__
| #define HAVE_WCHAR_T 1
| #define USE_POSIX_THREADS 1
| #define HAVE_MAP_ANONYMOUS 1
| #define HAVE_DECL_ALARM 1
| #define MALLOC_0_IS_NONNULL 1
| #define HAVE__BOOL 1
| #define HAVE_DECL_ECVT 1
| #define HAVE_DECL_FCVT 1
| #define HAVE_DECL_GCVT 1
| #define HAVE_DECL_STRNLEN 1
| #define _USE_STD_STAT 1
| #define HAVE_DECL_EXECVPE 1
| #define HAVE_DECL_WCSDUP 1
| #define HAVE_TOWLOWER 1
| #define HAVE_ALLOCA 1
| #define GNULIB_TEST_BTOWC 1
| #define HAVE___BUILTIN_EXPECT 1
| #define FLEXIBLE_ARRAY_MEMBER /**/
| #define GNULIB_TEST_FNMATCH 1
| #define GNULIB_ISBLANK 1
| #define HAVE___INLINE 1
| #define GNULIB_TEST_LOCALECONV 1
| #define HAVE_PTHREAD_RWLOCK 1
| /* end confdefs.h.  */
| 
| #include <errno.h>
| #include <pthread.h>
| #include <stdlib.h>
| #include <unistd.h>
| 
| #define SUCCEED() exit (0)
| #define FAILURE() exit (1)
| #define UNEXPECTED(n) (exit (10 + (n)))
| 
| /* The main thread creates the waiting writer and the requesting reader threads
|    in the default way; this guarantees that they have the same priority.
|    We can reuse the main thread as first reader thread.  */
| 
| static pthread_rwlock_t lock;
| static pthread_t reader1;
| static pthread_t writer;
| static pthread_t reader2;
| static pthread_t timer;
| /* Used to pass control from writer to reader2 and from reader2 to timer,
|    as in a relay race.
|    Passing control from one running thread to another running thread
|    is most likely faster than to create the second thread.  */
| static pthread_mutex_t baton;
| 
| static void *
| timer_func (void *ignored)
| {
|   /* Step 13 (can be before or after step 12):
|      The timer thread takes the baton, then waits a moment to make sure
|      it can tell whether the second reader thread is blocked at step 12.  */
|   if (pthread_mutex_lock (&baton))
|     UNEXPECTED (13);
|   usleep (100000);
|   /* By the time we get here, it's clear that the second reader thread is
|      blocked at step 12.  This is the desired behaviour.  */
|   SUCCEED ();
| }
| 
| static void *
| reader2_func (void *ignored)
| {
|   int err;
| 
|   /* Step 8 (can be before or after step 7):
|      The second reader thread takes the baton, then waits a moment to make sure
|      the writer thread has reached step 7.  */
|   if (pthread_mutex_lock (&baton))
|     UNEXPECTED (8);
|   usleep (100000);
|   /* Step 9: The second reader thread requests the lock.  */
|   err = pthread_rwlock_tryrdlock (&lock);
|   if (err == 0)
|     FAILURE ();
|   else if (err != EBUSY)
|     UNEXPECTED (9);
|   /* Step 10: Launch a timer, to test whether the next call blocks.  */
|   if (pthread_create (&timer, NULL, timer_func, NULL))
|     UNEXPECTED (10);
|   /* Step 11: Release the baton.  */
|   if (pthread_mutex_unlock (&baton))
|     UNEXPECTED (11);
|   /* Step 12: The second reader thread requests the lock.  */
|   err = pthread_rwlock_rdlock (&lock);
|   if (err == 0)
|     FAILURE ();
|   else
|     UNEXPECTED (12);
| }
| 
| static void *
| writer_func (void *ignored)
| {
|   /* Step 4: Take the baton, so that the second reader thread does not go ahead
|      too early.  */
|   if (pthread_mutex_lock (&baton))
|     UNEXPECTED (4);
|   /* Step 5: Create the second reader thread.  */
|   if (pthread_create (&reader2, NULL, reader2_func, NULL))
|     UNEXPECTED (5);
|   /* Step 6: Release the baton.  */
|   if (pthread_mutex_unlock (&baton))
|     UNEXPECTED (6);
|   /* Step 7: The writer thread requests the lock.  */
|   if (pthread_rwlock_wrlock (&lock))
|     UNEXPECTED (7);
|   return NULL;
| }
| 
| int
| main ()
| {
|   reader1 = pthread_self ();
| 
|   /* Step 1: The main thread initializes the lock and the baton.  */
|   if (pthread_rwlock_init (&lock, NULL))
|     UNEXPECTED (1);
|   if (pthread_mutex_init (&baton, NULL))
|     UNEXPECTED (1);
|   /* Step 2: The main thread acquires the lock as a reader.  */
|   if (pthread_rwlock_rdlock (&lock))
|     UNEXPECTED (2);
|   /* Step 3: Create the writer thread.  */
|   if (pthread_create (&writer, NULL, writer_func, NULL))
|     UNEXPECTED (3);
|   /* Job done.  Go to sleep.  */
|   for (;;)
|     {
|       sleep (1);
|     }
| }
| 
configure:18002: result: no
configure:18036: /root/.ppkg/core/wrapper-target-cc -c  -Os  -I/root/.ppkg/run/2404/linux-musl-x86_64/uctags/include -DNDEBUG -I/root/.ppkg/installed/linux-musl-x86_64/libjansson/include -I/root/.ppkg/installed/linux-musl-x86_64/libyaml/include -I/root/.ppkg/installed/linux-musl-x86_64/libiconv/include -I/root/.ppkg/installed/linux-musl-x86_64/libz/include -I/root/.ppkg/installed/linux-musl-x86_64/libxml2/include  conftest.c >&5
configure:18036: $? = 0
configure:18073: checking whether mbrtowc handles incomplete characters
configure:18170: result: guessing yes
configure:18176: checking whether mbrtowc works as well as mbtowc
configure:18236: result: guessing yes
configure:18279: checking whether mbrtowc handles a NULL pwc argument
configure:18349: result: guessing yes
configure:18355: checking whether mbrtowc handles a NULL string argument
configure:18413: result: guessing yes
configure:18421: checking whether mbrtowc has a correct return value
configure:18550: result: guessing yes
configure:18556: checking whether mbrtowc returns 0 when parsing a NUL character
configure:18611: result: guessing yes
configure:18616: checking whether mbrtowc stores incomplete characters
configure:18745: result: guessing no
configure:18750: checking whether mbrtowc works on empty input
configure:18780: /root/.ppkg/core/wrapper-target-cc -o conftest  -Os  -I/root/.ppkg/run/2404/linux-musl-x86_64/uctags/include -DNDEBUG -I/root/.ppkg/installed/linux-musl-x86_64/libjansson/include -I/root/.ppkg/installed/linux-musl-x86_64/libyaml/include -I/root/.ppkg/installed/linux-musl-x86_64/libiconv/include -I/root/.ppkg/installed/linux-musl-x86_64/libz/include -I/root/.ppkg/installed/linux-musl-x86_64/libxml2/include  -static --static -ffunction-sections -fdata-sections -Wl,--gc-sections -L/root/.ppkg/run/2404/linux-musl-x86_64/uctags/lib -Wl,--as-needed -flto -Wl,-s -L/root/.ppkg/installed/linux-musl-x86_64/libjansson/lib -Wl,-rpath,/root/.ppkg/installed/linux-musl-x86_64/libjansson/lib -L/root/.ppkg/installed/linux-musl-x86_64/libyaml/lib -Wl,-rpath,/root/.ppkg/installed/linux-musl-x86_64/libyaml/lib -L/root/.ppkg/installed/linux-musl-x86_64/libiconv/lib -Wl,-rpath,/root/.ppkg/installed/linux-musl-x86_64/libiconv/lib -L/root/.ppkg/installed/linux-musl-x86_64/libz/lib -Wl,-rpath,/root/.ppkg/installed/linux-musl-x86_64/libz/lib -L/root/.ppkg/installed/linux-musl-x86_64/libxml2/lib -Wl,-rpath,/root/.ppkg/installed/linux-musl-x86_64/libxml2/lib conftest.c  >&5
configure:18780: $? = 0
configure:18780: ./conftest
configure:18780: $? = 0
configure:18795: result: yes
configure:18799: checking whether the C locale is free of encoding errors
configure:18845: /root/.ppkg/core/wrapper-target-cc -o conftest  -Os  -I/root/.ppkg/run/2404/linux-musl-x86_64/uctags/include -DNDEBUG -I/root/.ppkg/installed/linux-musl-x86_64/libjansson/include -I/root/.ppkg/installed/linux-musl-x86_64/libyaml/include -I/root/.ppkg/installed/linux-musl-x86_64/libiconv/include -I/root/.ppkg/installed/linux-musl-x86_64/libz/include -I/root/.ppkg/installed/linux-musl-x86_64/libxml2/include  -static --static -ffunction-sections -fdata-sections -Wl,--gc-sections -L/root/.ppkg/run/2404/linux-musl-x86_64/uctags/lib -Wl,--as-needed -flto -Wl,-s -L/root/.ppkg/installed/linux-musl-x86_64/libjansson/lib -Wl,-rpath,/root/.ppkg/installed/linux-musl-x86_64/libjansson/lib -L/root/.ppkg/installed/linux-musl-x86_64/libyaml/lib -Wl,-rpath,/root/.ppkg/installed/linux-musl-x86_64/libyaml/lib -L/root/.ppkg/installed/linux-musl-x86_64/libiconv/lib -Wl,-rpath,/root/.ppkg/installed/linux-musl-x86_64/libiconv/lib -L/root/.ppkg/installed/linux-musl-x86_64/libz/lib -Wl,-rpath,/root/.ppkg/installed/linux-musl-x86_64/libz/lib -L/root/.ppkg/installed/linux-musl-x86_64/libxml2/lib -Wl,-rpath,/root/.ppkg/installed/linux-musl-x86_64/libxml2/lib conftest.c  >&5
configure:18845: $? = 0
configure:18845: ./conftest
configure:18845: $? = 0
configure:18860: result: yes
configure:19220: checking whether mbrtowc handles incomplete characters
configure:19317: result: guessing yes
configure:19323: checking whether mbrtowc works as well as mbtowc
configure:19383: result: guessing yes
configure:19483: checking whether mbrtowc handles incomplete characters
configure:19580: result: guessing yes
configure:19586: checking whether mbrtowc works as well as mbtowc
configure:19646: result: guessing yes
configure:19692: checking whether mbsrtowcs works
configure:19795: result: guessing yes
configure:19852: checking for mbtowc
configure:19852: /root/.ppkg/core/wrapper-target-cc -o conftest  -Os  -I/root/.ppkg/run/2404/linux-musl-x86_64/uctags/include -DNDEBUG -I/root/.ppkg/installed/linux-musl-x86_64/libjansson/include -I/root/.ppkg/installed/linux-musl-x86_64/libyaml/include -I/root/.ppkg/installed/linux-musl-x86_64/libiconv/include -I/root/.ppkg/installed/linux-musl-x86_64/libz/include -I/root/.ppkg/installed/linux-musl-x86_64/libxml2/include  -static --static -ffunction-sections -fdata-sections -Wl,--gc-sections -L/root/.ppkg/run/2404/linux-musl-x86_64/uctags/lib -Wl,--as-needed -flto -Wl,-s -L/root/.ppkg/installed/linux-musl-x86_64/libjansson/lib -Wl,-rpath,/root/.ppkg/installed/linux-musl-x86_64/libjansson/lib -L/root/.ppkg/installed/linux-musl-x86_64/libyaml/lib -Wl,-rpath,/root/.ppkg/installed/linux-musl-x86_64/libyaml/lib -L/root/.ppkg/installed/linux-musl-x86_64/libiconv/lib -Wl,-rpath,/root/.ppkg/installed/linux-musl-x86_64/libiconv/lib -L/root/.ppkg/installed/linux-musl-x86_64/libz/lib -Wl,-rpath,/root/.ppkg/installed/linux-musl-x86_64/libz/lib -L/root/.ppkg/installed/linux-musl-x86_64/libxml2/lib -Wl,-rpath,/root/.ppkg/installed/linux-musl-x86_64/libxml2/lib conftest.c  >&5
configure:19852: $? = 0
configure:19852: result: yes
configure:19948: checking for mempcpy
configure:19948: /root/.ppkg/core/wrapper-target-cc -o conftest  -Os  -I/root/.ppkg/run/2404/linux-musl-x86_64/uctags/include -DNDEBUG -I/root/.ppkg/installed/linux-musl-x86_64/libjansson/include -I/root/.ppkg/installed/linux-musl-x86_64/libyaml/include -I/root/.ppkg/installed/linux-musl-x86_64/libiconv/include -I/root/.ppkg/installed/linux-musl-x86_64/libz/include -I/root/.ppkg/installed/linux-musl-x86_64/libxml2/include  -static --static -ffunction-sections -fdata-sections -Wl,--gc-sections -L/root/.ppkg/run/2404/linux-musl-x86_64/uctags/lib -Wl,--as-needed -flto -Wl,-s -L/root/.ppkg/installed/linux-musl-x86_64/libjansson/lib -Wl,-rpath,/root/.ppkg/installed/linux-musl-x86_64/libjansson/lib -L/root/.ppkg/installed/linux-musl-x86_64/libyaml/lib -Wl,-rpath,/root/.ppkg/installed/linux-musl-x86_64/libyaml/lib -L/root/.ppkg/installed/linux-musl-x86_64/libiconv/lib -Wl,-rpath,/root/.ppkg/installed/linux-musl-x86_64/libiconv/lib -L/root/.ppkg/installed/linux-musl-x86_64/libz/lib -Wl,-rpath,/root/.ppkg/installed/linux-musl-x86_64/libz/lib -L/root/.ppkg/installed/linux-musl-x86_64/libxml2/lib -Wl,-rpath,/root/.ppkg/installed/linux-musl-x86_64/libxml2/lib conftest.c  >&5
conftest.c:131:6: warning: conflicting types for built-in function 'mempcpy'; expected 'void *(void *, const void *, long unsigned int)' [-Wbuiltin-declaration-mismatch]
  131 | char mempcpy (void);
      |      ^~~~~~~
configure:19948: $? = 0
configure:19948: result: yes
configure:20004: checking whether YESEXPR works
configure:20034: /root/.ppkg/core/wrapper-target-cc -o conftest  -Os  -I/root/.ppkg/run/2404/linux-musl-x86_64/uctags/include -DNDEBUG -I/root/.ppkg/installed/linux-musl-x86_64/libjansson/include -I/root/.ppkg/installed/linux-musl-x86_64/libyaml/include -I/root/.ppkg/installed/linux-musl-x86_64/libiconv/include -I/root/.ppkg/installed/linux-musl-x86_64/libz/include -I/root/.ppkg/installed/linux-musl-x86_64/libxml2/include  -static --static -ffunction-sections -fdata-sections -Wl,--gc-sections -L/root/.ppkg/run/2404/linux-musl-x86_64/uctags/lib -Wl,--as-needed -flto -Wl,-s -L/root/.ppkg/installed/linux-musl-x86_64/libjansson/lib -Wl,-rpath,/root/.ppkg/installed/linux-musl-x86_64/libjansson/lib -L/root/.ppkg/installed/linux-musl-x86_64/libyaml/lib -Wl,-rpath,/root/.ppkg/installed/linux-musl-x86_64/libyaml/lib -L/root/.ppkg/installed/linux-musl-x86_64/libiconv/lib -Wl,-rpath,/root/.ppkg/installed/linux-musl-x86_64/libiconv/lib -L/root/.ppkg/installed/linux-musl-x86_64/libz/lib -Wl,-rpath,/root/.ppkg/installed/linux-musl-x86_64/libz/lib -L/root/.ppkg/installed/linux-musl-x86_64/libxml2/lib -Wl,-rpath,/root/.ppkg/installed/linux-musl-x86_64/libxml2/lib conftest.c  >&5
configure:20034: $? = 0
configure:20034: ./conftest
configure:20034: $? = 0
configure:20049: result: yes
configure:20248: checking for working re_compile_pattern
configure:20563: /root/.ppkg/core/wrapper-target-cc -o conftest  -Os  -I/root/.ppkg/run/2404/linux-musl-x86_64/uctags/include -DNDEBUG -I/root/.ppkg/installed/linux-musl-x86_64/libjansson/include -I/root/.ppkg/installed/linux-musl-x86_64/libyaml/include -I/root/.ppkg/installed/linux-musl-x86_64/libiconv/include -I/root/.ppkg/installed/linux-musl-x86_64/libz/include -I/root/.ppkg/installed/linux-musl-x86_64/libxml2/include  -static --static -ffunction-sections -fdata-sections -Wl,--gc-sections -L/root/.ppkg/run/2404/linux-musl-x86_64/uctags/lib -Wl,--as-needed -flto -Wl,-s -L/root/.ppkg/installed/linux-musl-x86_64/libjansson/lib -Wl,-rpath,/root/.ppkg/installed/linux-musl-x86_64/libjansson/lib -L/root/.ppkg/installed/linux-musl-x86_64/libyaml/lib -Wl,-rpath,/root/.ppkg/installed/linux-musl-x86_64/libyaml/lib -L/root/.ppkg/installed/linux-musl-x86_64/libiconv/lib -Wl,-rpath,/root/.ppkg/installed/linux-musl-x86_64/libiconv/lib -L/root/.ppkg/installed/linux-musl-x86_64/libz/lib -Wl,-rpath,/root/.ppkg/installed/linux-musl-x86_64/libz/lib -L/root/.ppkg/installed/linux-musl-x86_64/libxml2/lib -Wl,-rpath,/root/.ppkg/installed/linux-musl-x86_64/libxml2/lib conftest.c  >&5
conftest.c: In function 'main':
conftest.c:149:33: error: storage size of 'regs' isn't known
  149 |             struct re_registers regs;
      |                                 ^~~~
conftest.c:174:19: error: implicit declaration of function 're_set_syntax' [-Wimplicit-function-declaration]
  174 |                   re_set_syntax (RE_SYNTAX_GREP | RE_HAT_LISTS_NOT_NEWLINE
      |                   ^~~~~~~~~~~~~
conftest.c:174:34: error: 'RE_SYNTAX_GREP' undeclared (first use in this function)
  174 |                   re_set_syntax (RE_SYNTAX_GREP | RE_HAT_LISTS_NOT_NEWLINE
      |                                  ^~~~~~~~~~~~~~
conftest.c:174:34: note: each undeclared identifier is reported only once for each function it appears in
conftest.c:174:51: error: 'RE_HAT_LISTS_NOT_NEWLINE' undeclared (first use in this function)
  174 |                   re_set_syntax (RE_SYNTAX_GREP | RE_HAT_LISTS_NOT_NEWLINE
      |                                                   ^~~~~~~~~~~~~~~~~~~~~~~~
conftest.c:175:36: error: 'RE_ICASE' undeclared (first use in this function); did you mean 'REG_ICASE'?
  175 |                                  | RE_ICASE);
      |                                    ^~~~~~~~
      |                                    REG_ICASE
conftest.c:177:23: error: implicit declaration of function 're_compile_pattern' [-Wimplicit-function-declaration]
  177 |                   s = re_compile_pattern (pat, sizeof pat - 1, &regex);
      |                       ^~~~~~~~~~~~~~~~~~
conftest.c:177:21: error: assignment to 'const char *' from 'int' makes pointer from integer without a cast [-Wint-conversion]
  177 |                   s = re_compile_pattern (pat, sizeof pat - 1, &regex);
      |                     ^
conftest.c:182:27: error: implicit declaration of function 're_search' [-Wimplicit-function-declaration]
  182 |                       if (re_search (&regex, data, sizeof data - 1,
      |                           ^~~~~~~~~
conftest.c:209:21: error: assignment to 'const char *' from 'int' makes pointer from integer without a cast [-Wint-conversion]
  209 |                   s = re_compile_pattern (pat, sizeof pat - 1, &regex);
      |                     ^
conftest.c:227:28: error: 'RE_SYNTAX_EGREP' undeclared (first use in this function)
  227 |             re_set_syntax (RE_SYNTAX_EGREP | RE_HAT_LISTS_NOT_NEWLINE);
      |                            ^~~~~~~~~~~~~~~
conftest.c:229:15: error: assignment to 'const char *' from 'int' makes pointer from integer without a cast [-Wint-conversion]
  229 |             s = re_compile_pattern ("a[^x]b", 6, &regex);
      |               ^
conftest.c:242:28: error: 'RE_SYNTAX_POSIX_EGREP' undeclared (first use in this function)
  242 |             re_set_syntax (RE_SYNTAX_POSIX_EGREP);
      |                            ^~~~~~~~~~~~~~~~~~~~~
conftest.c:246:18: error: 'struct re_pattern_buffer' has no member named 'translate'
  246 |             regex.translate = folded_chars;
      |                  ^
conftest.c:247:15: error: assignment to 'const char *' from 'int' makes pointer from integer without a cast [-Wint-conversion]
  247 |             s = re_compile_pattern ("a[[:]:]]b\n", 11, &regex);
      |               ^
conftest.c:257:52: error: 'RE_NO_EMPTY_RANGES' undeclared (first use in this function)
  257 |             re_set_syntax (RE_SYNTAX_POSIX_EGREP | RE_NO_EMPTY_RANGES);
      |                                                    ^~~~~~~~~~~~~~~~~~
conftest.c:259:15: error: assignment to 'const char *' from 'int' makes pointer from integer without a cast [-Wint-conversion]
  259 |             s = re_compile_pattern ("a[b-a]", 6, &regex);
      |               ^
conftest.c:268:15: error: assignment to 'const char *' from 'int' makes pointer from integer without a cast [-Wint-conversion]
  268 |             s = re_compile_pattern ("{1", 2, &regex);
      |               ^
conftest.c:277:15: error: assignment to 'const char *' from 'int' makes pointer from integer without a cast [-Wint-conversion]
  277 |             s = re_compile_pattern ("[an\371]*n", 7, &regex);
      |               ^
conftest.c:283:21: error: implicit declaration of function 're_match' [-Wimplicit-function-declaration]
  283 |                 if (re_match (&regex, "an", 2, 0, &regs) != 2)
      |                     ^~~~~~~~
conftest.c:294:15: error: assignment to 'const char *' from 'int' makes pointer from integer without a cast [-Wint-conversion]
  294 |             s = re_compile_pattern ("x", 1, &regex);
      |               ^
conftest.c:312:28: error: 'RE_SYNTAX_EMACS' undeclared (first use in this function)
  312 |             re_set_syntax (RE_SYNTAX_EMACS | RE_ICASE);
      |                            ^~~~~~~~~~~~~~~
conftest.c:314:15: error: assignment to 'const char *' from 'int' makes pointer from integer without a cast [-Wint-conversion]
  314 |             s = re_compile_pattern ("x", 1, &regex);
      |               ^
conftest.c:332:28: error: 'RE_SYNTAX_POSIX_BASIC' undeclared (first use in this function)
  332 |             re_set_syntax (RE_SYNTAX_POSIX_BASIC
      |                            ^~~~~~~~~~~~~~~~~~~~~
conftest.c:333:31: error: 'RE_CONTEXT_INVALID_DUP' undeclared (first use in this function)
  333 |                            & ~RE_CONTEXT_INVALID_DUP
      |                               ^~~~~~~~~~~~~~~~~~~~~~
conftest.c:336:15: error: assignment to 'const char *' from 'int' makes pointer from integer without a cast [-Wint-conversion]
  336 |             s = re_compile_pattern ("[[:alnum:]_-]\\+$", 16, &regex);
      |               ^
conftest.c:344:19: error: 'REG_STARTEND' undeclared (first use in this function); did you mean 'REG_EPAREN'?
  344 |             if (! REG_STARTEND)
      |                   ^~~~~~~~~~~~
      |                   REG_EPAREN
conftest.c:354:15: error: assignment to 'const char *' from 'int' makes pointer from integer without a cast [-Wint-conversion]
  354 |             s = re_compile_pattern ("0|()0|\\1|0", 10, &regex);
      |               ^
conftest.c:378:15: error: assignment to 'const char *' from 'int' makes pointer from integer without a cast [-Wint-conversion]
  378 |             s = re_compile_pattern (pat_sub2, sizeof pat_sub2 - 1, &regex);
      |               ^
configure:20563: $? = 1
configure: program exited with status 1
configure: failed program was:
| /* confdefs.h */
| #define PACKAGE_NAME "universal-ctags"
| #define PACKAGE_TARNAME "universal-ctags"
| #define PACKAGE_VERSION "6.2.0"
| #define PACKAGE_STRING "universal-ctags 6.2.0"
| #define PACKAGE_BUGREPORT ""
| #define PACKAGE_URL ""
| #define PACKAGE "universal-ctags"
| #define VERSION "6.2.0"
| #define DEFAULT_FILE_FORMAT 2
| #define ETAGS "etags"
| #define HAVE_STDIO_H 1
| #define HAVE_STDLIB_H 1
| #define HAVE_STRING_H 1
| #define HAVE_INTTYPES_H 1
| #define HAVE_STDINT_H 1
| #define HAVE_STRINGS_H 1
| #define HAVE_SYS_STAT_H 1
| #define HAVE_SYS_TYPES_H 1
| #define HAVE_UNISTD_H 1
| #define HAVE_WCHAR_H 1
| #define HAVE_FNMATCH_H 1
| #define HAVE_THREADS_H 1
| #define HAVE_LIMITS_H 1
| #define HAVE_LANGINFO_H 1
| #define HAVE_SYS_MMAN_H 1
| #define HAVE_MALLOC_H 1
| #define HAVE_FEATURES_H 1
| #define HAVE_WCTYPE_H 1
| #define STDC_HEADERS 1
| #define _ALL_SOURCE 1
| #define _DARWIN_C_SOURCE 1
| #define _GNU_SOURCE 1
| #define _HPUX_ALT_XOPEN_SOCKET_API 1
| #define _NETBSD_SOURCE 1
| #define _OPENBSD_SOURCE 1
| #define _POSIX_PTHREAD_SEMANTICS 1
| #define __STDC_WANT_IEC_60559_ATTRIBS_EXT__ 1
| #define __STDC_WANT_IEC_60559_BFP_EXT__ 1
| #define __STDC_WANT_IEC_60559_DFP_EXT__ 1
| #define __STDC_WANT_IEC_60559_EXT__ 1
| #define __STDC_WANT_IEC_60559_FUNCS_EXT__ 1
| #define __STDC_WANT_IEC_60559_TYPES_EXT__ 1
| #define __STDC_WANT_LIB_EXT2__ 1
| #define __STDC_WANT_MATH_SPEC_FUNCS__ 1
| #define _TANDEM_SOURCE 1
| #define __EXTENSIONS__ 1
| #define TMPDIR "/tmp"
| #define EXTERNAL_SORT 1
| #define HAVE_DIRENT_H 1
| #define HAVE_FCNTL_H 1
| #define HAVE_UNISTD_H 1
| #define HAVE_SYS_DIR_H 1
| #define HAVE_SYS_STAT_H 1
| #define HAVE_SYS_TYPES_H 1
| #define HAVE_SYS_WAIT_H 1
| #define HAVE_STDBOOL_H 1
| #define HAVE_TYPEOF 1
| #define HAVE_STATEMENT_EXPRESSION_EXT 1
| #define HAVE_STAT_ST_INO 1
| #define HAVE_ALLOCA_H 1
| #define HAVE_ALLOCA 1
| #define HAVE_BTOWC 1
| #define HAVE_FNMATCH 1
| #define HAVE_MBSRTOWCS 1
| #define HAVE_ISBLANK 1
| #define HAVE_MBSINIT 1
| #define HAVE_MBRTOWC 1
| #define HAVE_MPROTECT 1
| #define HAVE_NL_LANGINFO 1
| #define HAVE_ISWCTYPE 1
| #define HAVE_WCRTOMB 1
| #define HAVE_ISWCNTRL 1
| #define HAVE_LANGINFO_CODESET 1
| #define HAVE_MBSTATE_T 1
| #define HAVE_PTHREAD_API 1
| #define SETLOCALE_NULL_ALL_MTSAFE 0
| #define SETLOCALE_NULL_ONE_MTSAFE 1
| #define HAVE_WINT_T 1
| #define HAVE_LONG_LONG_INT 1
| #define HAVE_UNSIGNED_LONG_LONG_INT 1
| #define restrict __restrict__
| #define HAVE_WCHAR_T 1
| #define USE_POSIX_THREADS 1
| #define HAVE_MAP_ANONYMOUS 1
| #define HAVE_DECL_ALARM 1
| #define MALLOC_0_IS_NONNULL 1
| #define HAVE__BOOL 1
| #define HAVE_DECL_ECVT 1
| #define HAVE_DECL_FCVT 1
| #define HAVE_DECL_GCVT 1
| #define HAVE_DECL_STRNLEN 1
| #define _USE_STD_STAT 1
| #define HAVE_DECL_EXECVPE 1
| #define HAVE_DECL_WCSDUP 1
| #define HAVE_TOWLOWER 1
| #define HAVE_ALLOCA 1
| #define GNULIB_TEST_BTOWC 1
| #define HAVE___BUILTIN_EXPECT 1
| #define FLEXIBLE_ARRAY_MEMBER /**/
| #define GNULIB_TEST_FNMATCH 1
| #define GNULIB_ISBLANK 1
| #define HAVE___INLINE 1
| #define GNULIB_TEST_LOCALECONV 1
| #define HAVE_PTHREAD_RWLOCK 1
| #define HAVE_PTHREAD_MUTEX_RECURSIVE 1
| #define GNULIB_LOCK 1
| #define GNULIB_TEST_MBRTOWC 1
| #define GNULIB_TEST_MBSINIT 1
| #define GNULIB_TEST_MBSRTOWCS 1
| #define HAVE_MBTOWC 1
| #define GNULIB_TEST_MBTOWC 1
| #define GNULIB_TEST_MEMCHR 1
| #define HAVE_MEMPCPY 1
| #define GNULIB_TEST_MEMPCPY 1
| #define FUNC_NL_LANGINFO_YESEXPR_WORKS 1
| #define NL_LANGINFO_MTSAFE 1
| #define REPLACE_NL_LANGINFO 1
| #define GNULIB_TEST_NL_LANGINFO 1
| /* end confdefs.h.  */
| #include <regex.h>
| 
|             #include <locale.h>
|             #include <limits.h>
|             #include <string.h>
| 
|             #if defined M_CHECK_ACTION || HAVE_DECL_ALARM
|             # include <signal.h>
|             # include <unistd.h>
|             #endif
| 
|             #if HAVE_MALLOC_H
|             # include <malloc.h>
|             #endif
| 
|             #ifdef M_CHECK_ACTION
|             /* Exit with distinguishable exit code.  */
|             static void sigabrt_no_core (int sig) { raise (SIGTERM); }
|             #endif
| 
| int
| main (void)
| {
| int result = 0;
|             static struct re_pattern_buffer regex;
|             unsigned char folded_chars[UCHAR_MAX + 1];
|             int i;
|             const char *s;
|             struct re_registers regs;
| 
|             /* Some builds of glibc go into an infinite loop on this
|                test.  Use alarm to force death, and mallopt to avoid
|                malloc recursion in diagnosing the corrupted heap. */
| #if HAVE_DECL_ALARM
|             signal (SIGALRM, SIG_DFL);
|             alarm (2);
| #endif
| #ifdef M_CHECK_ACTION
|             signal (SIGABRT, sigabrt_no_core);
|             mallopt (M_CHECK_ACTION, 2);
| #endif
| 
|             if (setlocale (LC_ALL, "en_US.UTF-8"))
|               {
|                 {
|                   /* https://sourceware.org/ml/libc-hacker/2006-09/msg00008.html
|                      This test needs valgrind to catch the bug on Debian
|                      GNU/Linux 3.1 x86, but it might catch the bug better
|                      on other platforms and it shouldn't hurt to try the
|                      test here.  */
|                   static char const pat[] = "insert into";
|                   static char const data[] =
|                     "\xFF\0\x12\xA2\xAA\xC4\xB1,K\x12\xC4\xB1*\xACK";
|                   re_set_syntax (RE_SYNTAX_GREP | RE_HAT_LISTS_NOT_NEWLINE
|                                  | RE_ICASE);
|                   memset (&regex, 0, sizeof regex);
|                   s = re_compile_pattern (pat, sizeof pat - 1, &regex);
|                   if (s)
|                     result |= 1;
|                   else
|                     {
|                       if (re_search (&regex, data, sizeof data - 1,
|                                      0, sizeof data - 1, &regs)
|                           != -1)
|                         result |= 1;
|                       regfree (&regex);
|                     }
|                 }
| 
|                 {
|                   /* This test is from glibc bug 15078.
|                      The test case is from Andreas Schwab in
|                      <https://sourceware.org/ml/libc-alpha/2013-01/msg00967.html>.
|                      */
|                   static char const pat[] = "[^x]x";
|                   static char const data[] =
|                     /* <U1000><U103B><U103D><U1014><U103A><U102F><U1015><U103A> */
|                     "\xe1\x80\x80"
|                     "\xe1\x80\xbb"
|                     "\xe1\x80\xbd"
|                     "\xe1\x80\x94"
|                     "\xe1\x80\xba"
|                     "\xe1\x80\xaf"
|                     "\xe1\x80\x95"
|                     "\xe1\x80\xba"
|                     "x";
|                   re_set_syntax (0);
|                   memset (&regex, 0, sizeof regex);
|                   s = re_compile_pattern (pat, sizeof pat - 1, &regex);
|                   if (s)
|                     result |= 1;
|                   else
|                     {
|                       i = re_search (&regex, data, sizeof data - 1,
|                                      0, sizeof data - 1, 0);
|                       if (i != 0 && i != 21)
|                         result |= 1;
|                       regfree (&regex);
|                     }
|                 }
| 
|                 if (! setlocale (LC_ALL, "C"))
|                   return 1;
|               }
| 
|             /* This test is from glibc bug 3957, reported by Andrew Mackey.  */
|             re_set_syntax (RE_SYNTAX_EGREP | RE_HAT_LISTS_NOT_NEWLINE);
|             memset (&regex, 0, sizeof regex);
|             s = re_compile_pattern ("a[^x]b", 6, &regex);
|             if (s)
|               result |= 2;
|             else
|               {
|                 /* This should fail, but succeeds for glibc-2.5.  */
|                 if (re_search (&regex, "a\nb", 3, 0, 3, &regs) != -1)
|                   result |= 2;
|                 regfree (&regex);
|               }
| 
|             /* This regular expression is from Spencer ere test number 75
|                in grep-2.3.  */
|             re_set_syntax (RE_SYNTAX_POSIX_EGREP);
|             memset (&regex, 0, sizeof regex);
|             for (i = 0; i <= UCHAR_MAX; i++)
|               folded_chars[i] = i;
|             regex.translate = folded_chars;
|             s = re_compile_pattern ("a[[:]:]]b\n", 11, &regex);
|             /* This should fail with _Invalid character class name_ error.  */
|             if (!s)
|               {
|                 result |= 4;
|                 regfree (&regex);
|               }
| 
|             /* Ensure that [b-a] is diagnosed as invalid, when
|                using RE_NO_EMPTY_RANGES. */
|             re_set_syntax (RE_SYNTAX_POSIX_EGREP | RE_NO_EMPTY_RANGES);
|             memset (&regex, 0, sizeof regex);
|             s = re_compile_pattern ("a[b-a]", 6, &regex);
|             if (s == 0)
|               {
|                 result |= 8;
|                 regfree (&regex);
|               }
| 
|             /* This should succeed, but does not for glibc-2.1.3.  */
|             memset (&regex, 0, sizeof regex);
|             s = re_compile_pattern ("{1", 2, &regex);
|             if (s)
|               result |= 8;
|             else
|               regfree (&regex);
| 
|             /* The following example is derived from a problem report
|                against gawk from Jorge Stolfi <stolfi@ic.unicamp.br>.  */
|             memset (&regex, 0, sizeof regex);
|             s = re_compile_pattern ("[an\371]*n", 7, &regex);
|             if (s)
|               result |= 8;
|             else
|               {
|                 /* This should match, but does not for glibc-2.2.1.  */
|                 if (re_match (&regex, "an", 2, 0, &regs) != 2)
|                   result |= 8;
|                 else
|                   {
|                     free (regs.start);
|                     free (regs.end);
|                   }
|                 regfree (&regex);
|               }
| 
|             memset (&regex, 0, sizeof regex);
|             s = re_compile_pattern ("x", 1, &regex);
|             if (s)
|               result |= 8;
|             else
|               {
|                 /* glibc-2.2.93 does not work with a negative RANGE argument.  */
|                 if (re_search (&regex, "wxy", 3, 2, -2, &regs) != 1)
|                   result |= 8;
|                 else
|                   {
|                     free (regs.start);
|                     free (regs.end);
|                   }
|                 regfree (&regex);
|               }
| 
|             /* The version of regex.c in older versions of gnulib
|                ignored RE_ICASE.  Detect that problem too.  */
|             re_set_syntax (RE_SYNTAX_EMACS | RE_ICASE);
|             memset (&regex, 0, sizeof regex);
|             s = re_compile_pattern ("x", 1, &regex);
|             if (s)
|               result |= 16;
|             else
|               {
|                 if (re_search (&regex, "WXY", 3, 0, 3, &regs) < 0)
|                   result |= 16;
|                 else
|                   {
|                     free (regs.start);
|                     free (regs.end);
|                   }
|                 regfree (&regex);
|               }
| 
|             /* Catch a bug reported by Vin Shelton in
|                https://lists.gnu.org/r/bug-coreutils/2007-06/msg00089.html
|                */
|             re_set_syntax (RE_SYNTAX_POSIX_BASIC
|                            & ~RE_CONTEXT_INVALID_DUP
|                            & ~RE_NO_EMPTY_RANGES);
|             memset (&regex, 0, sizeof regex);
|             s = re_compile_pattern ("[[:alnum:]_-]\\+$", 16, &regex);
|             if (s)
|               result |= 32;
|             else
|               regfree (&regex);
| 
|             /* REG_STARTEND was added to glibc on 2004-01-15.
|                Reject older versions.  */
|             if (! REG_STARTEND)
|               result |= 64;
| 
|             /* Matching with the compiled form of this regexp would provoke
|                an assertion failure prior to glibc-2.28:
|                  regexec.c:1375: pop_fail_stack: Assertion 'num >= 0' failed
|                With glibc-2.28, compilation fails and reports the invalid
|                back reference.  */
|             re_set_syntax (RE_SYNTAX_POSIX_EGREP);
|             memset (&regex, 0, sizeof regex);
|             s = re_compile_pattern ("0|()0|\\1|0", 10, &regex);
|             if (!s)
|               {
|                 memset (&regs, 0, sizeof regs);
|                 i = re_search (&regex, "x", 1, 0, 1, &regs);
|                 if (i != -1)
|                   result |= 64;
|                 if (0 <= i)
|                   {
|                     free (regs.start);
|                     free (regs.end);
|                   }
|                 regfree (&regex);
|               }
|             else
|               {
|                 if (strcmp (s, "Invalid back reference"))
|                   result |= 64;
|               }
| 
|             /* glibc bug 11053.  */
|             re_set_syntax (RE_SYNTAX_POSIX_BASIC);
|             memset (&regex, 0, sizeof regex);
|             static char const pat_sub2[] = "\\(a*\\)*a*\\1";
|             s = re_compile_pattern (pat_sub2, sizeof pat_sub2 - 1, &regex);
|             if (s)
|               result |= 64;
|             else
|               {
|                 memset (&regs, 0, sizeof regs);
|                 static char const data[] = "a";
|                 int datalen = sizeof data - 1;
|                 i = re_search (&regex, data, datalen, 0, datalen, &regs);
|                 if (i != 0)
|                   result |= 64;
|                 else if (regs.num_regs < 2)
|                   result |= 64;
|                 else if (! (regs.start[0] == 0 && regs.end[0] == 1))
|                   result |= 64;
|                 else if (! (regs.start[1] == 0 && regs.end[1] == 0))
|                   result |= 64;
|                 regfree (&regex);
|                 free (regs.start);
|                 free (regs.end);
|               }
| 
| #if 0
|             /* It would be nice to reject hosts whose regoff_t values are too
|                narrow (including glibc on hosts with 64-bit ptrdiff_t and
|                32-bit int), but we should wait until glibc implements this
|                feature.  Otherwise, support for equivalence classes and
|                multibyte collation symbols would always be broken except
|                when compiling --without-included-regex.   */
|             if (sizeof (regoff_t) < sizeof (ptrdiff_t)
|                 || sizeof (regoff_t) < sizeof (ssize_t))
|               result |= 64;
| #endif
| 
|             return result;
| 
|   ;
|   return 0;
| }
configure:20578: result: no
configure:20660: checking for libintl.h
configure:20660: /root/.ppkg/core/wrapper-target-cc -c  -Os  -I/root/.ppkg/run/2404/linux-musl-x86_64/uctags/include -DNDEBUG -I/root/.ppkg/installed/linux-musl-x86_64/libjansson/include -I/root/.ppkg/installed/linux-musl-x86_64/libyaml/include -I/root/.ppkg/installed/linux-musl-x86_64/libiconv/include -I/root/.ppkg/installed/linux-musl-x86_64/libz/include -I/root/.ppkg/installed/linux-musl-x86_64/libxml2/include  conftest.c >&5
conftest.c:166:10: fatal error: libintl.h: No such file or directory
  166 | #include <libintl.h>
      |          ^~~~~~~~~~~
compilation terminated.
configure:20660: $? = 1
configure: failed program was:
| /* confdefs.h */
| #define PACKAGE_NAME "universal-ctags"
| #define PACKAGE_TARNAME "universal-ctags"
| #define PACKAGE_VERSION "6.2.0"
| #define PACKAGE_STRING "universal-ctags 6.2.0"
| #define PACKAGE_BUGREPORT ""
| #define PACKAGE_URL ""
| #define PACKAGE "universal-ctags"
| #define VERSION "6.2.0"
| #define DEFAULT_FILE_FORMAT 2
| #define ETAGS "etags"
| #define HAVE_STDIO_H 1
| #define HAVE_STDLIB_H 1
| #define HAVE_STRING_H 1
| #define HAVE_INTTYPES_H 1
| #define HAVE_STDINT_H 1
| #define HAVE_STRINGS_H 1
| #define HAVE_SYS_STAT_H 1
| #define HAVE_SYS_TYPES_H 1
| #define HAVE_UNISTD_H 1
| #define HAVE_WCHAR_H 1
| #define HAVE_FNMATCH_H 1
| #define HAVE_THREADS_H 1
| #define HAVE_LIMITS_H 1
| #define HAVE_LANGINFO_H 1
| #define HAVE_SYS_MMAN_H 1
| #define HAVE_MALLOC_H 1
| #define HAVE_FEATURES_H 1
| #define HAVE_WCTYPE_H 1
| #define STDC_HEADERS 1
| #define _ALL_SOURCE 1
| #define _DARWIN_C_SOURCE 1
| #define _GNU_SOURCE 1
| #define _HPUX_ALT_XOPEN_SOCKET_API 1
| #define _NETBSD_SOURCE 1
| #define _OPENBSD_SOURCE 1
| #define _POSIX_PTHREAD_SEMANTICS 1
| #define __STDC_WANT_IEC_60559_ATTRIBS_EXT__ 1
| #define __STDC_WANT_IEC_60559_BFP_EXT__ 1
| #define __STDC_WANT_IEC_60559_DFP_EXT__ 1
| #define __STDC_WANT_IEC_60559_EXT__ 1
| #define __STDC_WANT_IEC_60559_FUNCS_EXT__ 1
| #define __STDC_WANT_IEC_60559_TYPES_EXT__ 1
| #define __STDC_WANT_LIB_EXT2__ 1
| #define __STDC_WANT_MATH_SPEC_FUNCS__ 1
| #define _TANDEM_SOURCE 1
| #define __EXTENSIONS__ 1
| #define TMPDIR "/tmp"
| #define EXTERNAL_SORT 1
| #define HAVE_DIRENT_H 1
| #define HAVE_FCNTL_H 1
| #define HAVE_UNISTD_H 1
| #define HAVE_SYS_DIR_H 1
| #define HAVE_SYS_STAT_H 1
| #define HAVE_SYS_TYPES_H 1
| #define HAVE_SYS_WAIT_H 1
| #define HAVE_STDBOOL_H 1
| #define HAVE_TYPEOF 1
| #define HAVE_STATEMENT_EXPRESSION_EXT 1
| #define HAVE_STAT_ST_INO 1
| #define HAVE_ALLOCA_H 1
| #define HAVE_ALLOCA 1
| #define HAVE_BTOWC 1
| #define HAVE_FNMATCH 1
| #define HAVE_MBSRTOWCS 1
| #define HAVE_ISBLANK 1
| #define HAVE_MBSINIT 1
| #define HAVE_MBRTOWC 1
| #define HAVE_MPROTECT 1
| #define HAVE_NL_LANGINFO 1
| #define HAVE_ISWCTYPE 1
| #define HAVE_WCRTOMB 1
| #define HAVE_ISWCNTRL 1
| #define HAVE_LANGINFO_CODESET 1
| #define HAVE_MBSTATE_T 1
| #define HAVE_PTHREAD_API 1
| #define SETLOCALE_NULL_ALL_MTSAFE 0
| #define SETLOCALE_NULL_ONE_MTSAFE 1
| #define HAVE_WINT_T 1
| #define HAVE_LONG_LONG_INT 1
| #define HAVE_UNSIGNED_LONG_LONG_INT 1
| #define restrict __restrict__
| #define HAVE_WCHAR_T 1
| #define USE_POSIX_THREADS 1
| #define HAVE_MAP_ANONYMOUS 1
| #define HAVE_DECL_ALARM 1
| #define MALLOC_0_IS_NONNULL 1
| #define HAVE__BOOL 1
| #define HAVE_DECL_ECVT 1
| #define HAVE_DECL_FCVT 1
| #define HAVE_DECL_GCVT 1
| #define HAVE_DECL_STRNLEN 1
| #define _USE_STD_STAT 1
| #define HAVE_DECL_EXECVPE 1
| #define HAVE_DECL_WCSDUP 1
| #define HAVE_TOWLOWER 1
| #define HAVE_ALLOCA 1
| #define GNULIB_TEST_BTOWC 1
| #define HAVE___BUILTIN_EXPECT 1
| #define FLEXIBLE_ARRAY_MEMBER /**/
| #define GNULIB_TEST_FNMATCH 1
| #define GNULIB_ISBLANK 1
| #define HAVE___INLINE 1
| #define GNULIB_TEST_LOCALECONV 1
| #define HAVE_PTHREAD_RWLOCK 1
| #define HAVE_PTHREAD_MUTEX_RECURSIVE 1
| #define GNULIB_LOCK 1
| #define GNULIB_TEST_MBRTOWC 1
| #define GNULIB_TEST_MBSINIT 1
| #define GNULIB_TEST_MBSRTOWCS 1
| #define HAVE_MBTOWC 1
| #define GNULIB_TEST_MBTOWC 1
| #define GNULIB_TEST_MEMCHR 1
| #define HAVE_MEMPCPY 1
| #define GNULIB_TEST_MEMPCPY 1
| #define FUNC_NL_LANGINFO_YESEXPR_WORKS 1
| #define NL_LANGINFO_MTSAFE 1
| #define REPLACE_NL_LANGINFO 1
| #define GNULIB_TEST_NL_LANGINFO 1
| #define _REGEX_INCLUDE_LIMITS_H 1
| #define _REGEX_LARGE_OFFSETS 1
| #define re_syntax_options rpl_re_syntax_options
| #define re_set_syntax rpl_re_set_syntax
| #define re_compile_pattern rpl_re_compile_pattern
| #define re_compile_fastmap rpl_re_compile_fastmap
| #define re_search rpl_re_search
| #define re_search_2 rpl_re_search_2
| #define re_match rpl_re_match
| #define re_match_2 rpl_re_match_2
| #define re_set_registers rpl_re_set_registers
| #define re_comp rpl_re_comp
| #define re_exec rpl_re_exec
| #define regcomp rpl_regcomp
| #define regexec rpl_regexec
| #define regerror rpl_regerror
| #define regfree rpl_regfree
| /* end confdefs.h.  */
| #include <stddef.h>
| #ifdef HAVE_STDIO_H
| # include <stdio.h>
| #endif
| #ifdef HAVE_STDLIB_H
| # include <stdlib.h>
| #endif
| #ifdef HAVE_STRING_H
| # include <string.h>
| #endif
| #ifdef HAVE_INTTYPES_H
| # include <inttypes.h>
| #endif
| #ifdef HAVE_STDINT_H
| # include <stdint.h>
| #endif
| #ifdef HAVE_STRINGS_H
| # include <strings.h>
| #endif
| #ifdef HAVE_SYS_TYPES_H
| # include <sys/types.h>
| #endif
| #ifdef HAVE_SYS_STAT_H
| # include <sys/stat.h>
| #endif
| #ifdef HAVE_UNISTD_H
| # include <unistd.h>
| #endif
| #include <libintl.h>
configure:20660: result: no
configure:20668: checking whether isblank is declared
configure:20668: /root/.ppkg/core/wrapper-target-cc -c  -Os   -I/root/.ppkg/run/2404/linux-musl-x86_64/uctags/include -DNDEBUG -I/root/.ppkg/installed/linux-musl-x86_64/libjansson/include -I/root/.ppkg/installed/linux-musl-x86_64/libyaml/include -I/root/.ppkg/installed/linux-musl-x86_64/libiconv/include -I/root/.ppkg/installed/linux-musl-x86_64/libz/include -I/root/.ppkg/installed/linux-musl-x86_64/libxml2/include  conftest.c >&5
configure:20668: $? = 0
configure:20668: result: yes
configure:20686: checking whether setlocale (LC_ALL, NULL) is multithread-safe
configure:20706: result: no
configure:20724: checking whether setlocale (category, NULL) is multithread-safe
configure:20744: result: yes
configure:20768: checking whether imported symbols can be declared weak
configure:20865: result: no
configure:20903: checking whether the -Werror option is usable
configure:20922: /root/.ppkg/core/wrapper-target-cc -c  -Os  -Werror -I/root/.ppkg/run/2404/linux-musl-x86_64/uctags/include -DNDEBUG -I/root/.ppkg/installed/linux-musl-x86_64/libjansson/include -I/root/.ppkg/installed/linux-musl-x86_64/libyaml/include -I/root/.ppkg/installed/linux-musl-x86_64/libiconv/include -I/root/.ppkg/installed/linux-musl-x86_64/libz/include -I/root/.ppkg/installed/linux-musl-x86_64/libxml2/include  conftest.c >&5
configure:20922: $? = 0
configure:20934: result: yes
configure:20936: checking for simple visibility declarations
configure:20968: /root/.ppkg/core/wrapper-target-cc -c  -Os  -fvisibility=hidden -Werror -I/root/.ppkg/run/2404/linux-musl-x86_64/uctags/include -DNDEBUG -I/root/.ppkg/installed/linux-musl-x86_64/libjansson/include -I/root/.ppkg/installed/linux-musl-x86_64/libyaml/include -I/root/.ppkg/installed/linux-musl-x86_64/libiconv/include -I/root/.ppkg/installed/linux-musl-x86_64/libz/include -I/root/.ppkg/installed/linux-musl-x86_64/libxml2/include  conftest.c >&5
configure:20968: $? = 0
configure:20980: result: yes
configure:21015: checking for ssize_t
configure:21033: /root/.ppkg/core/wrapper-target-cc -c  -Os  -I/root/.ppkg/run/2404/linux-musl-x86_64/uctags/include -DNDEBUG -I/root/.ppkg/installed/linux-musl-x86_64/libjansson/include -I/root/.ppkg/installed/linux-musl-x86_64/libyaml/include -I/root/.ppkg/installed/linux-musl-x86_64/libiconv/include -I/root/.ppkg/installed/linux-musl-x86_64/libz/include -I/root/.ppkg/installed/linux-musl-x86_64/libxml2/include  conftest.c >&5
configure:21033: $? = 0
configure:21043: result: yes
configure:21117: checking for working strnlen
configure:21157: /root/.ppkg/core/wrapper-target-cc -o conftest  -Os  -I/root/.ppkg/run/2404/linux-musl-x86_64/uctags/include -DNDEBUG -I/root/.ppkg/installed/linux-musl-x86_64/libjansson/include -I/root/.ppkg/installed/linux-musl-x86_64/libyaml/include -I/root/.ppkg/installed/linux-musl-x86_64/libiconv/include -I/root/.ppkg/installed/linux-musl-x86_64/libz/include -I/root/.ppkg/installed/linux-musl-x86_64/libxml2/include  -static --static -ffunction-sections -fdata-sections -Wl,--gc-sections -L/root/.ppkg/run/2404/linux-musl-x86_64/uctags/lib -Wl,--as-needed -flto -Wl,-s -L/root/.ppkg/installed/linux-musl-x86_64/libjansson/lib -Wl,-rpath,/root/.ppkg/installed/linux-musl-x86_64/libjansson/lib -L/root/.ppkg/installed/linux-musl-x86_64/libyaml/lib -Wl,-rpath,/root/.ppkg/installed/linux-musl-x86_64/libyaml/lib -L/root/.ppkg/installed/linux-musl-x86_64/libiconv/lib -Wl,-rpath,/root/.ppkg/installed/linux-musl-x86_64/libiconv/lib -L/root/.ppkg/installed/linux-musl-x86_64/libz/lib -Wl,-rpath,/root/.ppkg/installed/linux-musl-x86_64/libz/lib -L/root/.ppkg/installed/linux-musl-x86_64/libxml2/lib -Wl,-rpath,/root/.ppkg/installed/linux-musl-x86_64/libxml2/lib conftest.c  >&5
configure:21157: $? = 0
configure:21157: ./conftest
configure:21157: $? = 0
configure:21171: result: yes
configure:21253: checking whether mbrtowc handles incomplete characters
configure:21350: result: guessing yes
configure:21356: checking whether mbrtowc works as well as mbtowc
configure:21416: result: guessing yes
configure:21459: checking whether wcrtomb works in the C locale
configure:21492: /root/.ppkg/core/wrapper-target-cc -o conftest  -Os  -I/root/.ppkg/run/2404/linux-musl-x86_64/uctags/include -DNDEBUG -I/root/.ppkg/installed/linux-musl-x86_64/libjansson/include -I/root/.ppkg/installed/linux-musl-x86_64/libyaml/include -I/root/.ppkg/installed/linux-musl-x86_64/libiconv/include -I/root/.ppkg/installed/linux-musl-x86_64/libz/include -I/root/.ppkg/installed/linux-musl-x86_64/libxml2/include  -static --static -ffunction-sections -fdata-sections -Wl,--gc-sections -L/root/.ppkg/run/2404/linux-musl-x86_64/uctags/lib -Wl,--as-needed -flto -Wl,-s -L/root/.ppkg/installed/linux-musl-x86_64/libjansson/lib -Wl,-rpath,/root/.ppkg/installed/linux-musl-x86_64/libjansson/lib -L/root/.ppkg/installed/linux-musl-x86_64/libyaml/lib -Wl,-rpath,/root/.ppkg/installed/linux-musl-x86_64/libyaml/lib -L/root/.ppkg/installed/linux-musl-x86_64/libiconv/lib -Wl,-rpath,/root/.ppkg/installed/linux-musl-x86_64/libiconv/lib -L/root/.ppkg/installed/linux-musl-x86_64/libz/lib -Wl,-rpath,/root/.ppkg/installed/linux-musl-x86_64/libz/lib -L/root/.ppkg/installed/linux-musl-x86_64/libxml2/lib -Wl,-rpath,/root/.ppkg/installed/linux-musl-x86_64/libxml2/lib conftest.c  >&5
configure:21492: $? = 0
configure:21492: ./conftest
configure:21492: $? = 0
configure:21507: result: yes
configure:21518: checking whether wcrtomb return value is correct
configure:21591: result: guessing yes
configure:21705: checking for wmemchr
configure:21724: /root/.ppkg/core/wrapper-target-cc -o conftest  -Os  -I/root/.ppkg/run/2404/linux-musl-x86_64/uctags/include -DNDEBUG -I/root/.ppkg/installed/linux-musl-x86_64/libjansson/include -I/root/.ppkg/installed/linux-musl-x86_64/libyaml/include -I/root/.ppkg/installed/linux-musl-x86_64/libiconv/include -I/root/.ppkg/installed/linux-musl-x86_64/libz/include -I/root/.ppkg/installed/linux-musl-x86_64/libxml2/include  -static --static -ffunction-sections -fdata-sections -Wl,--gc-sections -L/root/.ppkg/run/2404/linux-musl-x86_64/uctags/lib -Wl,--as-needed -flto -Wl,-s -L/root/.ppkg/installed/linux-musl-x86_64/libjansson/lib -Wl,-rpath,/root/.ppkg/installed/linux-musl-x86_64/libjansson/lib -L/root/.ppkg/installed/linux-musl-x86_64/libyaml/lib -Wl,-rpath,/root/.ppkg/installed/linux-musl-x86_64/libyaml/lib -L/root/.ppkg/installed/linux-musl-x86_64/libiconv/lib -Wl,-rpath,/root/.ppkg/installed/linux-musl-x86_64/libiconv/lib -L/root/.ppkg/installed/linux-musl-x86_64/libz/lib -Wl,-rpath,/root/.ppkg/installed/linux-musl-x86_64/libz/lib -L/root/.ppkg/installed/linux-musl-x86_64/libxml2/lib -Wl,-rpath,/root/.ppkg/installed/linux-musl-x86_64/libxml2/lib conftest.c  >&5
configure:21724: $? = 0
configure:21736: result: yes
configure:21868: checking for asprintf
configure:21868: /root/.ppkg/core/wrapper-target-cc -o conftest  -Os  -I/root/.ppkg/run/2404/linux-musl-x86_64/uctags/include -DNDEBUG -I/root/.ppkg/installed/linux-musl-x86_64/libjansson/include -I/root/.ppkg/installed/linux-musl-x86_64/libyaml/include -I/root/.ppkg/installed/linux-musl-x86_64/libiconv/include -I/root/.ppkg/installed/linux-musl-x86_64/libz/include -I/root/.ppkg/installed/linux-musl-x86_64/libxml2/include  -static --static -ffunction-sections -fdata-sections -Wl,--gc-sections -L/root/.ppkg/run/2404/linux-musl-x86_64/uctags/lib -Wl,--as-needed -flto -Wl,-s -L/root/.ppkg/installed/linux-musl-x86_64/libjansson/lib -Wl,-rpath,/root/.ppkg/installed/linux-musl-x86_64/libjansson/lib -L/root/.ppkg/installed/linux-musl-x86_64/libyaml/lib -Wl,-rpath,/root/.ppkg/installed/linux-musl-x86_64/libyaml/lib -L/root/.ppkg/installed/linux-musl-x86_64/libiconv/lib -Wl,-rpath,/root/.ppkg/installed/linux-musl-x86_64/libiconv/lib -L/root/.ppkg/installed/linux-musl-x86_64/libz/lib -Wl,-rpath,/root/.ppkg/installed/linux-musl-x86_64/libz/lib -L/root/.ppkg/installed/linux-musl-x86_64/libxml2/lib -Wl,-rpath,/root/.ppkg/installed/linux-musl-x86_64/libxml2/lib conftest.c  >&5
configure:21868: $? = 0
configure:21868: result: yes
configure:21879: checking for strcasecmp
configure:21879: /root/.ppkg/core/wrapper-target-cc -o conftest  -Os  -I/root/.ppkg/run/2404/linux-musl-x86_64/uctags/include -DNDEBUG -I/root/.ppkg/installed/linux-musl-x86_64/libjansson/include -I/root/.ppkg/installed/linux-musl-x86_64/libyaml/include -I/root/.ppkg/installed/linux-musl-x86_64/libiconv/include -I/root/.ppkg/installed/linux-musl-x86_64/libz/include -I/root/.ppkg/installed/linux-musl-x86_64/libxml2/include  -static --static -ffunction-sections -fdata-sections -Wl,--gc-sections -L/root/.ppkg/run/2404/linux-musl-x86_64/uctags/lib -Wl,--as-needed -flto -Wl,-s -L/root/.ppkg/installed/linux-musl-x86_64/libjansson/lib -Wl,-rpath,/root/.ppkg/installed/linux-musl-x86_64/libjansson/lib -L/root/.ppkg/installed/linux-musl-x86_64/libyaml/lib -Wl,-rpath,/root/.ppkg/installed/linux-musl-x86_64/libyaml/lib -L/root/.ppkg/installed/linux-musl-x86_64/libiconv/lib -Wl,-rpath,/root/.ppkg/installed/linux-musl-x86_64/libiconv/lib -L/root/.ppkg/installed/linux-musl-x86_64/libz/lib -Wl,-rpath,/root/.ppkg/installed/linux-musl-x86_64/libz/lib -L/root/.ppkg/installed/linux-musl-x86_64/libxml2/lib -Wl,-rpath,/root/.ppkg/installed/linux-musl-x86_64/libxml2/lib conftest.c  >&5
conftest.c:164:6: warning: conflicting types for built-in function 'strcasecmp'; expected 'int(const char *, const char *)' [-Wbuiltin-declaration-mismatch]
  164 | char strcasecmp (void);
      |      ^~~~~~~~~~
configure:21879: $? = 0
configure:21879: result: yes
configure:21893: checking for strncasecmp
configure:21893: /root/.ppkg/core/wrapper-target-cc -o conftest  -Os  -I/root/.ppkg/run/2404/linux-musl-x86_64/uctags/include -DNDEBUG -I/root/.ppkg/installed/linux-musl-x86_64/libjansson/include -I/root/.ppkg/installed/linux-musl-x86_64/libyaml/include -I/root/.ppkg/installed/linux-musl-x86_64/libiconv/include -I/root/.ppkg/installed/linux-musl-x86_64/libz/include -I/root/.ppkg/installed/linux-musl-x86_64/libxml2/include  -static --static -ffunction-sections -fdata-sections -Wl,--gc-sections -L/root/.ppkg/run/2404/linux-musl-x86_64/uctags/lib -Wl,--as-needed -flto -Wl,-s -L/root/.ppkg/installed/linux-musl-x86_64/libjansson/lib -Wl,-rpath,/root/.ppkg/installed/linux-musl-x86_64/libjansson/lib -L/root/.ppkg/installed/linux-musl-x86_64/libyaml/lib -Wl,-rpath,/root/.ppkg/installed/linux-musl-x86_64/libyaml/lib -L/root/.ppkg/installed/linux-musl-x86_64/libiconv/lib -Wl,-rpath,/root/.ppkg/installed/linux-musl-x86_64/libiconv/lib -L/root/.ppkg/installed/linux-musl-x86_64/libz/lib -Wl,-rpath,/root/.ppkg/installed/linux-musl-x86_64/libz/lib -L/root/.ppkg/installed/linux-musl-x86_64/libxml2/lib -Wl,-rpath,/root/.ppkg/installed/linux-musl-x86_64/libxml2/lib conftest.c  >&5
conftest.c:165:6: warning: conflicting types for built-in function 'strncasecmp'; expected 'int(const char *, const char *, long unsigned int)' [-Wbuiltin-declaration-mismatch]
  165 | char strncasecmp (void);
      |      ^~~~~~~~~~~
configure:21893: $? = 0
configure:21893: result: yes
configure:21907: checking for mkstemp
configure:21907: /root/.ppkg/core/wrapper-target-cc -o conftest  -Os  -I/root/.ppkg/run/2404/linux-musl-x86_64/uctags/include -DNDEBUG -I/root/.ppkg/installed/linux-musl-x86_64/libjansson/include -I/root/.ppkg/installed/linux-musl-x86_64/libyaml/include -I/root/.ppkg/installed/linux-musl-x86_64/libiconv/include -I/root/.ppkg/installed/linux-musl-x86_64/libz/include -I/root/.ppkg/installed/linux-musl-x86_64/libxml2/include  -static --static -ffunction-sections -fdata-sections -Wl,--gc-sections -L/root/.ppkg/run/2404/linux-musl-x86_64/uctags/lib -Wl,--as-needed -flto -Wl,-s -L/root/.ppkg/installed/linux-musl-x86_64/libjansson/lib -Wl,-rpath,/root/.ppkg/installed/linux-musl-x86_64/libjansson/lib -L/root/.ppkg/installed/linux-musl-x86_64/libyaml/lib -Wl,-rpath,/root/.ppkg/installed/linux-musl-x86_64/libyaml/lib -L/root/.ppkg/installed/linux-musl-x86_64/libiconv/lib -Wl,-rpath,/root/.ppkg/installed/linux-musl-x86_64/libiconv/lib -L/root/.ppkg/installed/linux-musl-x86_64/libz/lib -Wl,-rpath,/root/.ppkg/installed/linux-musl-x86_64/libz/lib -L/root/.ppkg/installed/linux-musl-x86_64/libxml2/lib -Wl,-rpath,/root/.ppkg/installed/linux-musl-x86_64/libxml2/lib conftest.c  >&5
configure:21907: $? = 0
configure:21907: result: yes
configure:21946: checking for opendir
configure:21946: /root/.ppkg/core/wrapper-target-cc -o conftest  -Os  -I/root/.ppkg/run/2404/linux-musl-x86_64/uctags/include -DNDEBUG -I/root/.ppkg/installed/linux-musl-x86_64/libjansson/include -I/root/.ppkg/installed/linux-musl-x86_64/libyaml/include -I/root/.ppkg/installed/linux-musl-x86_64/libiconv/include -I/root/.ppkg/installed/linux-musl-x86_64/libz/include -I/root/.ppkg/installed/linux-musl-x86_64/libxml2/include  -static --static -ffunction-sections -fdata-sections -Wl,--gc-sections -L/root/.ppkg/run/2404/linux-musl-x86_64/uctags/lib -Wl,--as-needed -flto -Wl,-s -L/root/.ppkg/installed/linux-musl-x86_64/libjansson/lib -Wl,-rpath,/root/.ppkg/installed/linux-musl-x86_64/libjansson/lib -L/root/.ppkg/installed/linux-musl-x86_64/libyaml/lib -Wl,-rpath,/root/.ppkg/installed/linux-musl-x86_64/libyaml/lib -L/root/.ppkg/installed/linux-musl-x86_64/libiconv/lib -Wl,-rpath,/root/.ppkg/installed/linux-musl-x86_64/libiconv/lib -L/root/.ppkg/installed/linux-musl-x86_64/libz/lib -Wl,-rpath,/root/.ppkg/installed/linux-musl-x86_64/libz/lib -L/root/.ppkg/installed/linux-musl-x86_64/libxml2/lib -Wl,-rpath,/root/.ppkg/installed/linux-musl-x86_64/libxml2/lib conftest.c  >&5
configure:21946: $? = 0
configure:21946: result: yes
configure:21956: checking for strerror
configure:21956: /root/.ppkg/core/wrapper-target-cc -o conftest  -Os  -I/root/.ppkg/run/2404/linux-musl-x86_64/uctags/include -DNDEBUG -I/root/.ppkg/installed/linux-musl-x86_64/libjansson/include -I/root/.ppkg/installed/linux-musl-x86_64/libyaml/include -I/root/.ppkg/installed/linux-musl-x86_64/libiconv/include -I/root/.ppkg/installed/linux-musl-x86_64/libz/include -I/root/.ppkg/installed/linux-musl-x86_64/libxml2/include  -static --static -ffunction-sections -fdata-sections -Wl,--gc-sections -L/root/.ppkg/run/2404/linux-musl-x86_64/uctags/lib -Wl,--as-needed -flto -Wl,-s -L/root/.ppkg/installed/linux-musl-x86_64/libjansson/lib -Wl,-rpath,/root/.ppkg/installed/linux-musl-x86_64/libjansson/lib -L/root/.ppkg/installed/linux-musl-x86_64/libyaml/lib -Wl,-rpath,/root/.ppkg/installed/linux-musl-x86_64/libyaml/lib -L/root/.ppkg/installed/linux-musl-x86_64/libiconv/lib -Wl,-rpath,/root/.ppkg/installed/linux-musl-x86_64/libiconv/lib -L/root/.ppkg/installed/linux-musl-x86_64/libz/lib -Wl,-rpath,/root/.ppkg/installed/linux-musl-x86_64/libz/lib -L/root/.ppkg/installed/linux-musl-x86_64/libxml2/lib -Wl,-rpath,/root/.ppkg/installed/linux-musl-x86_64/libxml2/lib conftest.c  >&5
configure:21956: $? = 0
configure:21956: result: yes
configure:21962: checking for strsignal
configure:21962: /root/.ppkg/core/wrapper-target-cc -o conftest  -Os  -I/root/.ppkg/run/2404/linux-musl-x86_64/uctags/include -DNDEBUG -I/root/.ppkg/installed/linux-musl-x86_64/libjansson/include -I/root/.ppkg/installed/linux-musl-x86_64/libyaml/include -I/root/.ppkg/installed/linux-musl-x86_64/libiconv/include -I/root/.ppkg/installed/linux-musl-x86_64/libz/include -I/root/.ppkg/installed/linux-musl-x86_64/libxml2/include  -static --static -ffunction-sections -fdata-sections -Wl,--gc-sections -L/root/.ppkg/run/2404/linux-musl-x86_64/uctags/lib -Wl,--as-needed -flto -Wl,-s -L/root/.ppkg/installed/linux-musl-x86_64/libjansson/lib -Wl,-rpath,/root/.ppkg/installed/linux-musl-x86_64/libjansson/lib -L/root/.ppkg/installed/linux-musl-x86_64/libyaml/lib -Wl,-rpath,/root/.ppkg/installed/linux-musl-x86_64/libyaml/lib -L/root/.ppkg/installed/linux-musl-x86_64/libiconv/lib -Wl,-rpath,/root/.ppkg/installed/linux-musl-x86_64/libiconv/lib -L/root/.ppkg/installed/linux-musl-x86_64/libz/lib -Wl,-rpath,/root/.ppkg/installed/linux-musl-x86_64/libz/lib -L/root/.ppkg/installed/linux-musl-x86_64/libxml2/lib -Wl,-rpath,/root/.ppkg/installed/linux-musl-x86_64/libxml2/lib conftest.c  >&5
configure:21962: $? = 0
configure:21962: result: yes
configure:21973: checking for truncate
configure:21973: /root/.ppkg/core/wrapper-target-cc -o conftest  -Os  -I/root/.ppkg/run/2404/linux-musl-x86_64/uctags/include -DNDEBUG -I/root/.ppkg/installed/linux-musl-x86_64/libjansson/include -I/root/.ppkg/installed/linux-musl-x86_64/libyaml/include -I/root/.ppkg/installed/linux-musl-x86_64/libiconv/include -I/root/.ppkg/installed/linux-musl-x86_64/libz/include -I/root/.ppkg/installed/linux-musl-x86_64/libxml2/include  -static --static -ffunction-sections -fdata-sections -Wl,--gc-sections -L/root/.ppkg/run/2404/linux-musl-x86_64/uctags/lib -Wl,--as-needed -flto -Wl,-s -L/root/.ppkg/installed/linux-musl-x86_64/libjansson/lib -Wl,-rpath,/root/.ppkg/installed/linux-musl-x86_64/libjansson/lib -L/root/.ppkg/installed/linux-musl-x86_64/libyaml/lib -Wl,-rpath,/root/.ppkg/installed/linux-musl-x86_64/libyaml/lib -L/root/.ppkg/installed/linux-musl-x86_64/libiconv/lib -Wl,-rpath,/root/.ppkg/installed/linux-musl-x86_64/libiconv/lib -L/root/.ppkg/installed/linux-musl-x86_64/libz/lib -Wl,-rpath,/root/.ppkg/installed/linux-musl-x86_64/libz/lib -L/root/.ppkg/installed/linux-musl-x86_64/libxml2/lib -Wl,-rpath,/root/.ppkg/installed/linux-musl-x86_64/libxml2/lib conftest.c  >&5
configure:21973: $? = 0
configure:21973: result: yes
configure:22008: checking for setenv
configure:22008: /root/.ppkg/core/wrapper-target-cc -o conftest  -Os  -I/root/.ppkg/run/2404/linux-musl-x86_64/uctags/include -DNDEBUG -I/root/.ppkg/installed/linux-musl-x86_64/libjansson/include -I/root/.ppkg/installed/linux-musl-x86_64/libyaml/include -I/root/.ppkg/installed/linux-musl-x86_64/libiconv/include -I/root/.ppkg/installed/linux-musl-x86_64/libz/include -I/root/.ppkg/installed/linux-musl-x86_64/libxml2/include  -static --static -ffunction-sections -fdata-sections -Wl,--gc-sections -L/root/.ppkg/run/2404/linux-musl-x86_64/uctags/lib -Wl,--as-needed -flto -Wl,-s -L/root/.ppkg/installed/linux-musl-x86_64/libjansson/lib -Wl,-rpath,/root/.ppkg/installed/linux-musl-x86_64/libjansson/lib -L/root/.ppkg/installed/linux-musl-x86_64/libyaml/lib -Wl,-rpath,/root/.ppkg/installed/linux-musl-x86_64/libyaml/lib -L/root/.ppkg/installed/linux-musl-x86_64/libiconv/lib -Wl,-rpath,/root/.ppkg/installed/linux-musl-x86_64/libiconv/lib -L/root/.ppkg/installed/linux-musl-x86_64/libz/lib -Wl,-rpath,/root/.ppkg/installed/linux-musl-x86_64/libz/lib -L/root/.ppkg/installed/linux-musl-x86_64/libxml2/lib -Wl,-rpath,/root/.ppkg/installed/linux-musl-x86_64/libxml2/lib conftest.c  >&5
configure:22008: $? = 0
configure:22008: result: yes
configure:22074: checking for scandir
configure:22074: /root/.ppkg/core/wrapper-target-cc -o conftest  -Os  -I/root/.ppkg/run/2404/linux-musl-x86_64/uctags/include -DNDEBUG -I/root/.ppkg/installed/linux-musl-x86_64/libjansson/include -I/root/.ppkg/installed/linux-musl-x86_64/libyaml/include -I/root/.ppkg/installed/linux-musl-x86_64/libiconv/include -I/root/.ppkg/installed/linux-musl-x86_64/libz/include -I/root/.ppkg/installed/linux-musl-x86_64/libxml2/include  -static --static -ffunction-sections -fdata-sections -Wl,--gc-sections -L/root/.ppkg/run/2404/linux-musl-x86_64/uctags/lib -Wl,--as-needed -flto -Wl,-s -L/root/.ppkg/installed/linux-musl-x86_64/libjansson/lib -Wl,-rpath,/root/.ppkg/installed/linux-musl-x86_64/libjansson/lib -L/root/.ppkg/installed/linux-musl-x86_64/libyaml/lib -Wl,-rpath,/root/.ppkg/installed/linux-musl-x86_64/libyaml/lib -L/root/.ppkg/installed/linux-musl-x86_64/libiconv/lib -Wl,-rpath,/root/.ppkg/installed/linux-musl-x86_64/libiconv/lib -L/root/.ppkg/installed/linux-musl-x86_64/libz/lib -Wl,-rpath,/root/.ppkg/installed/linux-musl-x86_64/libz/lib -L/root/.ppkg/installed/linux-musl-x86_64/libxml2/lib -Wl,-rpath,/root/.ppkg/installed/linux-musl-x86_64/libxml2/lib conftest.c  >&5
configure:22074: $? = 0
configure:22074: result: yes
configure:22086: checking for dirent.h
configure:22086: result: yes
configure:22216: checking pkg-config is at least version 0.9.0
configure:22219: result: yes
configure:22228: $PKG_CONFIG --exists --print-errors "dummy"
Package dummy was not found in the pkg-config search path.
Perhaps you should add the directory containing `dummy.pc'
to the PKG_CONFIG_PATH environment variable
No package 'dummy' found
configure:22231: $? = 1
configure:22252: checking for libxml-2.0 >= 2.7.7
configure:22259: $PKG_CONFIG --exists --print-errors "libxml-2.0 >= 2.7.7"
configure:22262: $? = 0
configure:22276: $PKG_CONFIG --exists --print-errors "libxml-2.0 >= 2.7.7"
configure:22279: $? = 0
configure:22325: result: yes
configure:22327: checking libxml-2.0 CRLF handling bug
configure:22601: /root/.ppkg/core/wrapper-target-cc -o conftest  -Os  -I/root/.ppkg/installed/linux-musl-x86_64/libiconv/lib/pkgconfig/../../include -I/root/.ppkg/installed/linux-musl-x86_64/libz/lib/pkgconfig/../../include -I/root/.ppkg/installed/linux-musl-x86_64/libxml2/lib/pkgconfig/../../include/libxml2 -I/root/.ppkg/run/2404/linux-musl-x86_64/uctags/include -DNDEBUG -I/root/.ppkg/installed/linux-musl-x86_64/libjansson/include -I/root/.ppkg/installed/linux-musl-x86_64/libyaml/include -I/root/.ppkg/installed/linux-musl-x86_64/libiconv/include -I/root/.ppkg/installed/linux-musl-x86_64/libz/include -I/root/.ppkg/installed/linux-musl-x86_64/libxml2/include  -static --static -ffunction-sections -fdata-sections -Wl,--gc-sections -L/root/.ppkg/run/2404/linux-musl-x86_64/uctags/lib -Wl,--as-needed -flto -Wl,-s -L/root/.ppkg/installed/linux-musl-x86_64/libjansson/lib -Wl,-rpath,/root/.ppkg/installed/linux-musl-x86_64/libjansson/lib -L/root/.ppkg/installed/linux-musl-x86_64/libyaml/lib -Wl,-rpath,/root/.ppkg/installed/linux-musl-x86_64/libyaml/lib -L/root/.ppkg/installed/linux-musl-x86_64/libiconv/lib -Wl,-rpath,/root/.ppkg/installed/linux-musl-x86_64/libiconv/lib -L/root/.ppkg/installed/linux-musl-x86_64/libz/lib -Wl,-rpath,/root/.ppkg/installed/linux-musl-x86_64/libz/lib -L/root/.ppkg/installed/linux-musl-x86_64/libxml2/lib -Wl,-rpath,/root/.ppkg/installed/linux-musl-x86_64/libxml2/lib conftest.c  -L/root/.ppkg/installed/linux-musl-x86_64/libiconv/lib/pkgconfig/../../lib -L/root/.ppkg/installed/linux-musl-x86_64/libz/lib/pkgconfig/../../lib -L/root/.ppkg/installed/linux-musl-x86_64/libxml2/lib/pkgconfig/../../lib -lxml2 -lm -lz -liconv >&5
conftest.c: In function 'main':
conftest.c:179:41: warning: 'xmlLineNumbersDefault' is deprecated [-Wdeprecated-declarations]
  179 |                                         xmlLineNumbersDefault (1);
      |                                         ^~~~~~~~~~~~~~~~~~~~~
In file included from conftest.c:159:
/root/.ppkg/installed/linux-musl-x86_64/libxml2/lib/pkgconfig/../../include/libxml2/libxml/parser.h:962:17: note: declared here
  962 |                 xmlLineNumbersDefault   (int val);
      |                 ^~~~~~~~~~~~~~~~~~~~~
configure:22601: $? = 0
configure:22601: ./conftest
configure:22601: $? = 0
configure:22603: result: good
configure:22650: checking for /root/.ppkg/core/wrapper-target-cc way to treat warnings as errors
configure:22667: /root/.ppkg/core/wrapper-target-cc -c  -Os  -Werror -I/root/.ppkg/run/2404/linux-musl-x86_64/uctags/include -DNDEBUG -I/root/.ppkg/installed/linux-musl-x86_64/libjansson/include -I/root/.ppkg/installed/linux-musl-x86_64/libyaml/include -I/root/.ppkg/installed/linux-musl-x86_64/libiconv/include -I/root/.ppkg/installed/linux-musl-x86_64/libz/include -I/root/.ppkg/installed/linux-musl-x86_64/libxml2/include  conftest.c >&5
configure:22667: $? = 0
configure:22721: result: -Werror
configure:22733: checking if /root/.ppkg/core/wrapper-target-cc supports -Wdeprecated-declarations flag
configure:22750: /root/.ppkg/core/wrapper-target-cc -c  -Os  -Wdeprecated-declarations -I/root/.ppkg/run/2404/linux-musl-x86_64/uctags/include -DNDEBUG -I/root/.ppkg/installed/linux-musl-x86_64/libjansson/include -I/root/.ppkg/installed/linux-musl-x86_64/libyaml/include -I/root/.ppkg/installed/linux-musl-x86_64/libiconv/include -I/root/.ppkg/installed/linux-musl-x86_64/libz/include -I/root/.ppkg/installed/linux-musl-x86_64/libxml2/include  conftest.c >&5
configure:22750: $? = 0
configure:22772: result: yes
configure:22787: checking whether xmlLineNumbersDefault is deprecated
configure:22804: /root/.ppkg/core/wrapper-target-cc -c  -Os  -Wdeprecated-declarations -I/root/.ppkg/installed/linux-musl-x86_64/libiconv/lib/pkgconfig/../../include -I/root/.ppkg/installed/linux-musl-x86_64/libz/lib/pkgconfig/../../include -I/root/.ppkg/installed/linux-musl-x86_64/libxml2/lib/pkgconfig/../../include/libxml2 -Werror -Wdeprecated-declarations -I/root/.ppkg/run/2404/linux-musl-x86_64/uctags/include -DNDEBUG -I/root/.ppkg/installed/linux-musl-x86_64/libjansson/include -I/root/.ppkg/installed/linux-musl-x86_64/libyaml/include -I/root/.ppkg/installed/linux-musl-x86_64/libiconv/include -I/root/.ppkg/installed/linux-musl-x86_64/libz/include -I/root/.ppkg/installed/linux-musl-x86_64/libxml2/include  conftest.c >&5
conftest.c: In function 'main':
conftest.c:166:33: error: 'xmlLineNumbersDefault' is deprecated [-Werror=deprecated-declarations]
  166 |                                 int main (void) {xmlLineNumbersDefault (1); return 0;}
      |                                 ^~~
In file included from conftest.c:160:
/root/.ppkg/installed/linux-musl-x86_64/libxml2/lib/pkgconfig/../../include/libxml2/libxml/parser.h:962:17: note: declared here
  962 |                 xmlLineNumbersDefault   (int val);
      |                 ^~~~~~~~~~~~~~~~~~~~~
cc1: all warnings being treated as errors
configure:22804: $? = 1
configure: failed program was:
| /* confdefs.h */
| #define PACKAGE_NAME "universal-ctags"
| #define PACKAGE_TARNAME "universal-ctags"
| #define PACKAGE_VERSION "6.2.0"
| #define PACKAGE_STRING "universal-ctags 6.2.0"
| #define PACKAGE_BUGREPORT ""
| #define PACKAGE_URL ""
| #define PACKAGE "universal-ctags"
| #define VERSION "6.2.0"
| #define DEFAULT_FILE_FORMAT 2
| #define ETAGS "etags"
| #define HAVE_STDIO_H 1
| #define HAVE_STDLIB_H 1
| #define HAVE_STRING_H 1
| #define HAVE_INTTYPES_H 1
| #define HAVE_STDINT_H 1
| #define HAVE_STRINGS_H 1
| #define HAVE_SYS_STAT_H 1
| #define HAVE_SYS_TYPES_H 1
| #define HAVE_UNISTD_H 1
| #define HAVE_WCHAR_H 1
| #define HAVE_FNMATCH_H 1
| #define HAVE_THREADS_H 1
| #define HAVE_LIMITS_H 1
| #define HAVE_LANGINFO_H 1
| #define HAVE_SYS_MMAN_H 1
| #define HAVE_MALLOC_H 1
| #define HAVE_FEATURES_H 1
| #define HAVE_WCTYPE_H 1
| #define STDC_HEADERS 1
| #define _ALL_SOURCE 1
| #define _DARWIN_C_SOURCE 1
| #define _GNU_SOURCE 1
| #define _HPUX_ALT_XOPEN_SOCKET_API 1
| #define _NETBSD_SOURCE 1
| #define _OPENBSD_SOURCE 1
| #define _POSIX_PTHREAD_SEMANTICS 1
| #define __STDC_WANT_IEC_60559_ATTRIBS_EXT__ 1
| #define __STDC_WANT_IEC_60559_BFP_EXT__ 1
| #define __STDC_WANT_IEC_60559_DFP_EXT__ 1
| #define __STDC_WANT_IEC_60559_EXT__ 1
| #define __STDC_WANT_IEC_60559_FUNCS_EXT__ 1
| #define __STDC_WANT_IEC_60559_TYPES_EXT__ 1
| #define __STDC_WANT_LIB_EXT2__ 1
| #define __STDC_WANT_MATH_SPEC_FUNCS__ 1
| #define _TANDEM_SOURCE 1
| #define __EXTENSIONS__ 1
| #define TMPDIR "/tmp"
| #define EXTERNAL_SORT 1
| #define HAVE_DIRENT_H 1
| #define HAVE_FCNTL_H 1
| #define HAVE_UNISTD_H 1
| #define HAVE_SYS_DIR_H 1
| #define HAVE_SYS_STAT_H 1
| #define HAVE_SYS_TYPES_H 1
| #define HAVE_SYS_WAIT_H 1
| #define HAVE_STDBOOL_H 1
| #define HAVE_TYPEOF 1
| #define HAVE_STATEMENT_EXPRESSION_EXT 1
| #define HAVE_STAT_ST_INO 1
| #define HAVE_ALLOCA_H 1
| #define HAVE_ALLOCA 1
| #define HAVE_BTOWC 1
| #define HAVE_FNMATCH 1
| #define HAVE_MBSRTOWCS 1
| #define HAVE_ISBLANK 1
| #define HAVE_MBSINIT 1
| #define HAVE_MBRTOWC 1
| #define HAVE_MPROTECT 1
| #define HAVE_NL_LANGINFO 1
| #define HAVE_ISWCTYPE 1
| #define HAVE_WCRTOMB 1
| #define HAVE_ISWCNTRL 1
| #define HAVE_LANGINFO_CODESET 1
| #define HAVE_MBSTATE_T 1
| #define HAVE_PTHREAD_API 1
| #define SETLOCALE_NULL_ALL_MTSAFE 0
| #define SETLOCALE_NULL_ONE_MTSAFE 1
| #define HAVE_WINT_T 1
| #define HAVE_LONG_LONG_INT 1
| #define HAVE_UNSIGNED_LONG_LONG_INT 1
| #define restrict __restrict__
| #define HAVE_WCHAR_T 1
| #define USE_POSIX_THREADS 1
| #define HAVE_MAP_ANONYMOUS 1
| #define HAVE_DECL_ALARM 1
| #define MALLOC_0_IS_NONNULL 1
| #define HAVE__BOOL 1
| #define HAVE_DECL_ECVT 1
| #define HAVE_DECL_FCVT 1
| #define HAVE_DECL_GCVT 1
| #define HAVE_DECL_STRNLEN 1
| #define _USE_STD_STAT 1
| #define HAVE_DECL_EXECVPE 1
| #define HAVE_DECL_WCSDUP 1
| #define HAVE_TOWLOWER 1
| #define HAVE_ALLOCA 1
| #define GNULIB_TEST_BTOWC 1
| #define HAVE___BUILTIN_EXPECT 1
| #define FLEXIBLE_ARRAY_MEMBER /**/
| #define GNULIB_TEST_FNMATCH 1
| #define GNULIB_ISBLANK 1
| #define HAVE___INLINE 1
| #define GNULIB_TEST_LOCALECONV 1
| #define HAVE_PTHREAD_RWLOCK 1
| #define HAVE_PTHREAD_MUTEX_RECURSIVE 1
| #define GNULIB_LOCK 1
| #define GNULIB_TEST_MBRTOWC 1
| #define GNULIB_TEST_MBSINIT 1
| #define GNULIB_TEST_MBSRTOWCS 1
| #define HAVE_MBTOWC 1
| #define GNULIB_TEST_MBTOWC 1
| #define GNULIB_TEST_MEMCHR 1
| #define HAVE_MEMPCPY 1
| #define GNULIB_TEST_MEMPCPY 1
| #define FUNC_NL_LANGINFO_YESEXPR_WORKS 1
| #define NL_LANGINFO_MTSAFE 1
| #define REPLACE_NL_LANGINFO 1
| #define GNULIB_TEST_NL_LANGINFO 1
| #define _REGEX_INCLUDE_LIMITS_H 1
| #define _REGEX_LARGE_OFFSETS 1
| #define re_syntax_options rpl_re_syntax_options
| #define re_set_syntax rpl_re_set_syntax
| #define re_compile_pattern rpl_re_compile_pattern
| #define re_compile_fastmap rpl_re_compile_fastmap
| #define re_search rpl_re_search
| #define re_search_2 rpl_re_search_2
| #define re_match rpl_re_match
| #define re_match_2 rpl_re_match_2
| #define re_set_registers rpl_re_set_registers
| #define re_comp rpl_re_comp
| #define re_exec rpl_re_exec
| #define regcomp rpl_regcomp
| #define regexec rpl_regexec
| #define regerror rpl_regerror
| #define regfree rpl_regfree
| #define HAVE_DECL_ISBLANK 1
| #define SETLOCALE_NULL_ALL_MTSAFE 0
| #define SETLOCALE_NULL_ONE_MTSAFE 1
| #define HAVE_VISIBILITY 1
| #define GNULIB_TEST_SETLOCALE_NULL 1
| #define GNULIB_TEST_STRNLEN 1
| #define GNULIB_TEST_WCRTOMB 1
| #define GNULIB_TEST_WMEMCHR 1
| #define GNULIB_TEST_WMEMPCPY 1
| #define HAVE_ASPRINTF 1
| #define HAVE_STRCASECMP 1
| #define HAVE_STRNCASECMP 1
| #define HAVE_MKSTEMP 1
| #define HAVE_OPENDIR 1
| #define HAVE_STRERROR 1
| #define HAVE_STRSIGNAL 1
| #define HAVE_TRUNCATE 1
| #define HAVE_SETENV 1
| #define HAVE_SCANDIR 1
| #define HAVE_DIRENT_H 1
| #define HAVE_LIBXML 1
| /* end confdefs.h.  */
| 
| 				#include <libxml/parser.h>
| 
| int
| main (void)
| {
| 
| 				int main (void) {xmlLineNumbersDefault (1); return 0;}
| 
|   ;
|   return 0;
| }
configure:22813: result: yes
configure:22843: checking for jansson
configure:22850: $PKG_CONFIG --exists --print-errors "jansson"
configure:22853: $? = 0
configure:22867: $PKG_CONFIG --exists --print-errors "jansson"
configure:22870: $? = 0
configure:22916: result: yes
configure:22945: checking for libseccomp
configure:22952: $PKG_CONFIG --exists --print-errors "libseccomp"
Package libseccomp was not found in the pkg-config search path.
Perhaps you should add the directory containing `libseccomp.pc'
to the PKG_CONFIG_PATH environment variable
No package 'libseccomp' found
configure:22955: $? = 1
configure:22969: $PKG_CONFIG --exists --print-errors "libseccomp"
Package libseccomp was not found in the pkg-config search path.
Perhaps you should add the directory containing `libseccomp.pc'
to the PKG_CONFIG_PATH environment variable
No package 'libseccomp' found
configure:22972: $? = 1
configure:22986: result: no
No package 'libseccomp' found
configure:23040: checking for yaml-0.1
configure:23047: $PKG_CONFIG --exists --print-errors "yaml-0.1"
configure:23050: $? = 0
configure:23064: $PKG_CONFIG --exists --print-errors "yaml-0.1"
configure:23067: $? = 0
configure:23113: result: yes
configure:23143: checking for libpcre2-8
configure:23150: $PKG_CONFIG --exists --print-errors "libpcre2-8"
Package libpcre2-8 was not found in the pkg-config search path.
Perhaps you should add the directory containing `libpcre2-8.pc'
to the PKG_CONFIG_PATH environment variable
No package 'libpcre2-8' found
configure:23153: $? = 1
configure:23167: $PKG_CONFIG --exists --print-errors "libpcre2-8"
Package libpcre2-8 was not found in the pkg-config search path.
Perhaps you should add the directory containing `libpcre2-8.pc'
to the PKG_CONFIG_PATH environment variable
No package 'libpcre2-8' found
configure:23170: $? = 1
configure:23184: result: no
No package 'libpcre2-8' found
configure:23244: checking for new missing prototypes
configure:23360: checking for iconv_open or libiconv_open with -liconv
configure:23375: /root/.ppkg/core/wrapper-target-cc -o conftest  -Os  -Wdeprecated-declarations -I/root/.ppkg/run/2404/linux-musl-x86_64/uctags/include -DNDEBUG -I/root/.ppkg/installed/linux-musl-x86_64/libjansson/include -I/root/.ppkg/installed/linux-musl-x86_64/libyaml/include -I/root/.ppkg/installed/linux-musl-x86_64/libiconv/include -I/root/.ppkg/installed/linux-musl-x86_64/libz/include -I/root/.ppkg/installed/linux-musl-x86_64/libxml2/include  -static --static -ffunction-sections -fdata-sections -Wl,--gc-sections -L/root/.ppkg/run/2404/linux-musl-x86_64/uctags/lib -Wl,--as-needed -flto -Wl,-s -L/root/.ppkg/installed/linux-musl-x86_64/libjansson/lib -Wl,-rpath,/root/.ppkg/installed/linux-musl-x86_64/libjansson/lib -L/root/.ppkg/installed/linux-musl-x86_64/libyaml/lib -Wl,-rpath,/root/.ppkg/installed/linux-musl-x86_64/libyaml/lib -L/root/.ppkg/installed/linux-musl-x86_64/libiconv/lib -Wl,-rpath,/root/.ppkg/installed/linux-musl-x86_64/libiconv/lib -L/root/.ppkg/installed/linux-musl-x86_64/libz/lib -Wl,-rpath,/root/.ppkg/installed/linux-musl-x86_64/libz/lib -L/root/.ppkg/installed/linux-musl-x86_64/libxml2/lib -Wl,-rpath,/root/.ppkg/installed/linux-musl-x86_64/libxml2/lib conftest.c  -L/root/.ppkg/installed/linux-musl-x86_64/libiconv/lib/pkgconfig/../../lib -L/root/.ppkg/installed/linux-musl-x86_64/libz/lib/pkgconfig/../../lib -L/root/.ppkg/installed/linux-musl-x86_64/libxml2/lib/pkgconfig/../../lib -lxml2 -lm -lz -liconv -L/root/.ppkg/installed/linux-musl-x86_64/libjansson/lib/pkgconfig/../../lib -ljansson  -L/root/.ppkg/installed/linux-musl-x86_64/libyaml/lib/pkgconfig/../../lib -lyaml  -liconv >&5
configure:23375: $? = 0
configure:23383: result: yes(iconv)
configure:23452: checking whether __environ is declared
configure:23452: /root/.ppkg/core/wrapper-target-cc -c  -Os  -Wdeprecated-declarations  -I/root/.ppkg/run/2404/linux-musl-x86_64/uctags/include -DNDEBUG -I/root/.ppkg/installed/linux-musl-x86_64/libjansson/include -I/root/.ppkg/installed/linux-musl-x86_64/libyaml/include -I/root/.ppkg/installed/linux-musl-x86_64/libiconv/include -I/root/.ppkg/installed/linux-musl-x86_64/libz/include -I/root/.ppkg/installed/linux-musl-x86_64/libxml2/include  conftest.c >&5
conftest.c: In function 'main':
conftest.c:174:10: error: '__environ' undeclared (first use in this function); did you mean 'environ'?
  174 |   (void) __environ;
      |          ^~~~~~~~~
      |          environ
conftest.c:174:10: note: each undeclared identifier is reported only once for each function it appears in
configure:23452: $? = 1
configure: failed program was:
| /* confdefs.h */
| #define PACKAGE_NAME "universal-ctags"
| #define PACKAGE_TARNAME "universal-ctags"
| #define PACKAGE_VERSION "6.2.0"
| #define PACKAGE_STRING "universal-ctags 6.2.0"
| #define PACKAGE_BUGREPORT ""
| #define PACKAGE_URL ""
| #define PACKAGE "universal-ctags"
| #define VERSION "6.2.0"
| #define DEFAULT_FILE_FORMAT 2
| #define ETAGS "etags"
| #define HAVE_STDIO_H 1
| #define HAVE_STDLIB_H 1
| #define HAVE_STRING_H 1
| #define HAVE_INTTYPES_H 1
| #define HAVE_STDINT_H 1
| #define HAVE_STRINGS_H 1
| #define HAVE_SYS_STAT_H 1
| #define HAVE_SYS_TYPES_H 1
| #define HAVE_UNISTD_H 1
| #define HAVE_WCHAR_H 1
| #define HAVE_FNMATCH_H 1
| #define HAVE_THREADS_H 1
| #define HAVE_LIMITS_H 1
| #define HAVE_LANGINFO_H 1
| #define HAVE_SYS_MMAN_H 1
| #define HAVE_MALLOC_H 1
| #define HAVE_FEATURES_H 1
| #define HAVE_WCTYPE_H 1
| #define STDC_HEADERS 1
| #define _ALL_SOURCE 1
| #define _DARWIN_C_SOURCE 1
| #define _GNU_SOURCE 1
| #define _HPUX_ALT_XOPEN_SOCKET_API 1
| #define _NETBSD_SOURCE 1
| #define _OPENBSD_SOURCE 1
| #define _POSIX_PTHREAD_SEMANTICS 1
| #define __STDC_WANT_IEC_60559_ATTRIBS_EXT__ 1
| #define __STDC_WANT_IEC_60559_BFP_EXT__ 1
| #define __STDC_WANT_IEC_60559_DFP_EXT__ 1
| #define __STDC_WANT_IEC_60559_EXT__ 1
| #define __STDC_WANT_IEC_60559_FUNCS_EXT__ 1
| #define __STDC_WANT_IEC_60559_TYPES_EXT__ 1
| #define __STDC_WANT_LIB_EXT2__ 1
| #define __STDC_WANT_MATH_SPEC_FUNCS__ 1
| #define _TANDEM_SOURCE 1
| #define __EXTENSIONS__ 1
| #define TMPDIR "/tmp"
| #define EXTERNAL_SORT 1
| #define HAVE_DIRENT_H 1
| #define HAVE_FCNTL_H 1
| #define HAVE_UNISTD_H 1
| #define HAVE_SYS_DIR_H 1
| #define HAVE_SYS_STAT_H 1
| #define HAVE_SYS_TYPES_H 1
| #define HAVE_SYS_WAIT_H 1
| #define HAVE_STDBOOL_H 1
| #define HAVE_TYPEOF 1
| #define HAVE_STATEMENT_EXPRESSION_EXT 1
| #define HAVE_STAT_ST_INO 1
| #define HAVE_ALLOCA_H 1
| #define HAVE_ALLOCA 1
| #define HAVE_BTOWC 1
| #define HAVE_FNMATCH 1
| #define HAVE_MBSRTOWCS 1
| #define HAVE_ISBLANK 1
| #define HAVE_MBSINIT 1
| #define HAVE_MBRTOWC 1
| #define HAVE_MPROTECT 1
| #define HAVE_NL_LANGINFO 1
| #define HAVE_ISWCTYPE 1
| #define HAVE_WCRTOMB 1
| #define HAVE_ISWCNTRL 1
| #define HAVE_LANGINFO_CODESET 1
| #define HAVE_MBSTATE_T 1
| #define HAVE_PTHREAD_API 1
| #define SETLOCALE_NULL_ALL_MTSAFE 0
| #define SETLOCALE_NULL_ONE_MTSAFE 1
| #define HAVE_WINT_T 1
| #define HAVE_LONG_LONG_INT 1
| #define HAVE_UNSIGNED_LONG_LONG_INT 1
| #define restrict __restrict__
| #define HAVE_WCHAR_T 1
| #define USE_POSIX_THREADS 1
| #define HAVE_MAP_ANONYMOUS 1
| #define HAVE_DECL_ALARM 1
| #define MALLOC_0_IS_NONNULL 1
| #define HAVE__BOOL 1
| #define HAVE_DECL_ECVT 1
| #define HAVE_DECL_FCVT 1
| #define HAVE_DECL_GCVT 1
| #define HAVE_DECL_STRNLEN 1
| #define _USE_STD_STAT 1
| #define HAVE_DECL_EXECVPE 1
| #define HAVE_DECL_WCSDUP 1
| #define HAVE_TOWLOWER 1
| #define HAVE_ALLOCA 1
| #define GNULIB_TEST_BTOWC 1
| #define HAVE___BUILTIN_EXPECT 1
| #define FLEXIBLE_ARRAY_MEMBER /**/
| #define GNULIB_TEST_FNMATCH 1
| #define GNULIB_ISBLANK 1
| #define HAVE___INLINE 1
| #define GNULIB_TEST_LOCALECONV 1
| #define HAVE_PTHREAD_RWLOCK 1
| #define HAVE_PTHREAD_MUTEX_RECURSIVE 1
| #define GNULIB_LOCK 1
| #define GNULIB_TEST_MBRTOWC 1
| #define GNULIB_TEST_MBSINIT 1
| #define GNULIB_TEST_MBSRTOWCS 1
| #define HAVE_MBTOWC 1
| #define GNULIB_TEST_MBTOWC 1
| #define GNULIB_TEST_MEMCHR 1
| #define HAVE_MEMPCPY 1
| #define GNULIB_TEST_MEMPCPY 1
| #define FUNC_NL_LANGINFO_YESEXPR_WORKS 1
| #define NL_LANGINFO_MTSAFE 1
| #define REPLACE_NL_LANGINFO 1
| #define GNULIB_TEST_NL_LANGINFO 1
| #define _REGEX_INCLUDE_LIMITS_H 1
| #define _REGEX_LARGE_OFFSETS 1
| #define re_syntax_options rpl_re_syntax_options
| #define re_set_syntax rpl_re_set_syntax
| #define re_compile_pattern rpl_re_compile_pattern
| #define re_compile_fastmap rpl_re_compile_fastmap
| #define re_search rpl_re_search
| #define re_search_2 rpl_re_search_2
| #define re_match rpl_re_match
| #define re_match_2 rpl_re_match_2
| #define re_set_registers rpl_re_set_registers
| #define re_comp rpl_re_comp
| #define re_exec rpl_re_exec
| #define regcomp rpl_regcomp
| #define regexec rpl_regexec
| #define regerror rpl_regerror
| #define regfree rpl_regfree
| #define HAVE_DECL_ISBLANK 1
| #define SETLOCALE_NULL_ALL_MTSAFE 0
| #define SETLOCALE_NULL_ONE_MTSAFE 1
| #define HAVE_VISIBILITY 1
| #define GNULIB_TEST_SETLOCALE_NULL 1
| #define GNULIB_TEST_STRNLEN 1
| #define GNULIB_TEST_WCRTOMB 1
| #define GNULIB_TEST_WMEMCHR 1
| #define GNULIB_TEST_WMEMPCPY 1
| #define HAVE_ASPRINTF 1
| #define HAVE_STRCASECMP 1
| #define HAVE_STRNCASECMP 1
| #define HAVE_MKSTEMP 1
| #define HAVE_OPENDIR 1
| #define HAVE_STRERROR 1
| #define HAVE_STRSIGNAL 1
| #define HAVE_TRUNCATE 1
| #define HAVE_SETENV 1
| #define HAVE_SCANDIR 1
| #define HAVE_DIRENT_H 1
| #define HAVE_LIBXML 1
| #define IS_xmlLineNumbersDefault_DEPRECATED 1
| #define HAVE_JANSSON 1
| #define HAVE_LIBYAML 1
| #define HAVE_ICONV 1
| /* end confdefs.h.  */
| 
| #include <unistd.h>
| 
| 
| int
| main (void)
| {
| #ifndef __environ
| #ifdef __cplusplus
|   (void) __environ;
| #else
|   (void) __environ;
| #endif
| #endif
| 
|   ;
|   return 0;
| }
configure:23452: result: no
configure:23465: checking whether _NSGetEnviron is declared
configure:23465: /root/.ppkg/core/wrapper-target-cc -c  -Os  -Wdeprecated-declarations  -I/root/.ppkg/run/2404/linux-musl-x86_64/uctags/include -DNDEBUG -I/root/.ppkg/installed/linux-musl-x86_64/libjansson/include -I/root/.ppkg/installed/linux-musl-x86_64/libyaml/include -I/root/.ppkg/installed/linux-musl-x86_64/libiconv/include -I/root/.ppkg/installed/linux-musl-x86_64/libz/include -I/root/.ppkg/installed/linux-musl-x86_64/libxml2/include  conftest.c >&5
conftest.c:165:10: fatal error: crt_externs.h: No such file or directory
  165 | #include <crt_externs.h>
      |          ^~~~~~~~~~~~~~~
compilation terminated.
configure:23465: $? = 1
configure: failed program was:
| /* confdefs.h */
| #define PACKAGE_NAME "universal-ctags"
| #define PACKAGE_TARNAME "universal-ctags"
| #define PACKAGE_VERSION "6.2.0"
| #define PACKAGE_STRING "universal-ctags 6.2.0"
| #define PACKAGE_BUGREPORT ""
| #define PACKAGE_URL ""
| #define PACKAGE "universal-ctags"
| #define VERSION "6.2.0"
| #define DEFAULT_FILE_FORMAT 2
| #define ETAGS "etags"
| #define HAVE_STDIO_H 1
| #define HAVE_STDLIB_H 1
| #define HAVE_STRING_H 1
| #define HAVE_INTTYPES_H 1
| #define HAVE_STDINT_H 1
| #define HAVE_STRINGS_H 1
| #define HAVE_SYS_STAT_H 1
| #define HAVE_SYS_TYPES_H 1
| #define HAVE_UNISTD_H 1
| #define HAVE_WCHAR_H 1
| #define HAVE_FNMATCH_H 1
| #define HAVE_THREADS_H 1
| #define HAVE_LIMITS_H 1
| #define HAVE_LANGINFO_H 1
| #define HAVE_SYS_MMAN_H 1
| #define HAVE_MALLOC_H 1
| #define HAVE_FEATURES_H 1
| #define HAVE_WCTYPE_H 1
| #define STDC_HEADERS 1
| #define _ALL_SOURCE 1
| #define _DARWIN_C_SOURCE 1
| #define _GNU_SOURCE 1
| #define _HPUX_ALT_XOPEN_SOCKET_API 1
| #define _NETBSD_SOURCE 1
| #define _OPENBSD_SOURCE 1
| #define _POSIX_PTHREAD_SEMANTICS 1
| #define __STDC_WANT_IEC_60559_ATTRIBS_EXT__ 1
| #define __STDC_WANT_IEC_60559_BFP_EXT__ 1
| #define __STDC_WANT_IEC_60559_DFP_EXT__ 1
| #define __STDC_WANT_IEC_60559_EXT__ 1
| #define __STDC_WANT_IEC_60559_FUNCS_EXT__ 1
| #define __STDC_WANT_IEC_60559_TYPES_EXT__ 1
| #define __STDC_WANT_LIB_EXT2__ 1
| #define __STDC_WANT_MATH_SPEC_FUNCS__ 1
| #define _TANDEM_SOURCE 1
| #define __EXTENSIONS__ 1
| #define TMPDIR "/tmp"
| #define EXTERNAL_SORT 1
| #define HAVE_DIRENT_H 1
| #define HAVE_FCNTL_H 1
| #define HAVE_UNISTD_H 1
| #define HAVE_SYS_DIR_H 1
| #define HAVE_SYS_STAT_H 1
| #define HAVE_SYS_TYPES_H 1
| #define HAVE_SYS_WAIT_H 1
| #define HAVE_STDBOOL_H 1
| #define HAVE_TYPEOF 1
| #define HAVE_STATEMENT_EXPRESSION_EXT 1
| #define HAVE_STAT_ST_INO 1
| #define HAVE_ALLOCA_H 1
| #define HAVE_ALLOCA 1
| #define HAVE_BTOWC 1
| #define HAVE_FNMATCH 1
| #define HAVE_MBSRTOWCS 1
| #define HAVE_ISBLANK 1
| #define HAVE_MBSINIT 1
| #define HAVE_MBRTOWC 1
| #define HAVE_MPROTECT 1
| #define HAVE_NL_LANGINFO 1
| #define HAVE_ISWCTYPE 1
| #define HAVE_WCRTOMB 1
| #define HAVE_ISWCNTRL 1
| #define HAVE_LANGINFO_CODESET 1
| #define HAVE_MBSTATE_T 1
| #define HAVE_PTHREAD_API 1
| #define SETLOCALE_NULL_ALL_MTSAFE 0
| #define SETLOCALE_NULL_ONE_MTSAFE 1
| #define HAVE_WINT_T 1
| #define HAVE_LONG_LONG_INT 1
| #define HAVE_UNSIGNED_LONG_LONG_INT 1
| #define restrict __restrict__
| #define HAVE_WCHAR_T 1
| #define USE_POSIX_THREADS 1
| #define HAVE_MAP_ANONYMOUS 1
| #define HAVE_DECL_ALARM 1
| #define MALLOC_0_IS_NONNULL 1
| #define HAVE__BOOL 1
| #define HAVE_DECL_ECVT 1
| #define HAVE_DECL_FCVT 1
| #define HAVE_DECL_GCVT 1
| #define HAVE_DECL_STRNLEN 1
| #define _USE_STD_STAT 1
| #define HAVE_DECL_EXECVPE 1
| #define HAVE_DECL_WCSDUP 1
| #define HAVE_TOWLOWER 1
| #define HAVE_ALLOCA 1
| #define GNULIB_TEST_BTOWC 1
| #define HAVE___BUILTIN_EXPECT 1
| #define FLEXIBLE_ARRAY_MEMBER /**/
| #define GNULIB_TEST_FNMATCH 1
| #define GNULIB_ISBLANK 1
| #define HAVE___INLINE 1
| #define GNULIB_TEST_LOCALECONV 1
| #define HAVE_PTHREAD_RWLOCK 1
| #define HAVE_PTHREAD_MUTEX_RECURSIVE 1
| #define GNULIB_LOCK 1
| #define GNULIB_TEST_MBRTOWC 1
| #define GNULIB_TEST_MBSINIT 1
| #define GNULIB_TEST_MBSRTOWCS 1
| #define HAVE_MBTOWC 1
| #define GNULIB_TEST_MBTOWC 1
| #define GNULIB_TEST_MEMCHR 1
| #define HAVE_MEMPCPY 1
| #define GNULIB_TEST_MEMPCPY 1
| #define FUNC_NL_LANGINFO_YESEXPR_WORKS 1
| #define NL_LANGINFO_MTSAFE 1
| #define REPLACE_NL_LANGINFO 1
| #define GNULIB_TEST_NL_LANGINFO 1
| #define _REGEX_INCLUDE_LIMITS_H 1
| #define _REGEX_LARGE_OFFSETS 1
| #define re_syntax_options rpl_re_syntax_options
| #define re_set_syntax rpl_re_set_syntax
| #define re_compile_pattern rpl_re_compile_pattern
| #define re_compile_fastmap rpl_re_compile_fastmap
| #define re_search rpl_re_search
| #define re_search_2 rpl_re_search_2
| #define re_match rpl_re_match
| #define re_match_2 rpl_re_match_2
| #define re_set_registers rpl_re_set_registers
| #define re_comp rpl_re_comp
| #define re_exec rpl_re_exec
| #define regcomp rpl_regcomp
| #define regexec rpl_regexec
| #define regerror rpl_regerror
| #define regfree rpl_regfree
| #define HAVE_DECL_ISBLANK 1
| #define SETLOCALE_NULL_ALL_MTSAFE 0
| #define SETLOCALE_NULL_ONE_MTSAFE 1
| #define HAVE_VISIBILITY 1
| #define GNULIB_TEST_SETLOCALE_NULL 1
| #define GNULIB_TEST_STRNLEN 1
| #define GNULIB_TEST_WCRTOMB 1
| #define GNULIB_TEST_WMEMCHR 1
| #define GNULIB_TEST_WMEMPCPY 1
| #define HAVE_ASPRINTF 1
| #define HAVE_STRCASECMP 1
| #define HAVE_STRNCASECMP 1
| #define HAVE_MKSTEMP 1
| #define HAVE_OPENDIR 1
| #define HAVE_STRERROR 1
| #define HAVE_STRSIGNAL 1
| #define HAVE_TRUNCATE 1
| #define HAVE_SETENV 1
| #define HAVE_SCANDIR 1
| #define HAVE_DIRENT_H 1
| #define HAVE_LIBXML 1
| #define IS_xmlLineNumbersDefault_DEPRECATED 1
| #define HAVE_JANSSON 1
| #define HAVE_LIBYAML 1
| #define HAVE_ICONV 1
| #define HAVE_DECL___ENVIRON 0
| /* end confdefs.h.  */
| 
| #include <crt_externs.h>
| 
| 
| int
| main (void)
| {
| #ifndef _NSGetEnviron
| #ifdef __cplusplus
|   (void) _NSGetEnviron;
| #else
|   (void) _NSGetEnviron;
| #endif
| #endif
| 
|   ;
|   return 0;
| }
configure:23465: result: no
configure:23478: checking whether strnlen is declared
configure:23478: result: yes
configure:23552: checking for isnan in -lm
configure:23581: /root/.ppkg/core/wrapper-target-cc -o conftest  -Os  -Wdeprecated-declarations -I/root/.ppkg/run/2404/linux-musl-x86_64/uctags/include -DNDEBUG -I/root/.ppkg/installed/linux-musl-x86_64/libjansson/include -I/root/.ppkg/installed/linux-musl-x86_64/libyaml/include -I/root/.ppkg/installed/linux-musl-x86_64/libiconv/include -I/root/.ppkg/installed/linux-musl-x86_64/libz/include -I/root/.ppkg/installed/linux-musl-x86_64/libxml2/include  -static --static -ffunction-sections -fdata-sections -Wl,--gc-sections -L/root/.ppkg/run/2404/linux-musl-x86_64/uctags/lib -Wl,--as-needed -flto -Wl,-s -L/root/.ppkg/installed/linux-musl-x86_64/libjansson/lib -Wl,-rpath,/root/.ppkg/installed/linux-musl-x86_64/libjansson/lib -L/root/.ppkg/installed/linux-musl-x86_64/libyaml/lib -Wl,-rpath,/root/.ppkg/installed/linux-musl-x86_64/libyaml/lib -L/root/.ppkg/installed/linux-musl-x86_64/libiconv/lib -Wl,-rpath,/root/.ppkg/installed/linux-musl-x86_64/libiconv/lib -L/root/.ppkg/installed/linux-musl-x86_64/libz/lib -Wl,-rpath,/root/.ppkg/installed/linux-musl-x86_64/libz/lib -L/root/.ppkg/installed/linux-musl-x86_64/libxml2/lib -Wl,-rpath,/root/.ppkg/installed/linux-musl-x86_64/libxml2/lib conftest.c -lm   >&5
conftest.c:176:6: warning: conflicting types for built-in function 'isnan'; expected 'int()' [-Wbuiltin-declaration-mismatch]
  176 | char isnan (void);
      |      ^~~~~
conftest.c:1:1: note: 'isnan' is declared in header '<math.h>'
    1 | /* confdefs.h */
/usr/lib/gcc/x86_64-alpine-linux-musl/15.2.0/../../../../x86_64-alpine-linux-musl/bin/ld: /tmp/ccNojNcF.ltrans0.ltrans.o: in function `main':
<artificial>:(.text.startup.main+0x2): undefined reference to `isnan'
collect2: error: ld returned 1 exit status
configure:23581: $? = 1
configure: failed program was:
| /* confdefs.h */
| #define PACKAGE_NAME "universal-ctags"
| #define PACKAGE_TARNAME "universal-ctags"
| #define PACKAGE_VERSION "6.2.0"
| #define PACKAGE_STRING "universal-ctags 6.2.0"
| #define PACKAGE_BUGREPORT ""
| #define PACKAGE_URL ""
| #define PACKAGE "universal-ctags"
| #define VERSION "6.2.0"
| #define DEFAULT_FILE_FORMAT 2
| #define ETAGS "etags"
| #define HAVE_STDIO_H 1
| #define HAVE_STDLIB_H 1
| #define HAVE_STRING_H 1
| #define HAVE_INTTYPES_H 1
| #define HAVE_STDINT_H 1
| #define HAVE_STRINGS_H 1
| #define HAVE_SYS_STAT_H 1
| #define HAVE_SYS_TYPES_H 1
| #define HAVE_UNISTD_H 1
| #define HAVE_WCHAR_H 1
| #define HAVE_FNMATCH_H 1
| #define HAVE_THREADS_H 1
| #define HAVE_LIMITS_H 1
| #define HAVE_LANGINFO_H 1
| #define HAVE_SYS_MMAN_H 1
| #define HAVE_MALLOC_H 1
| #define HAVE_FEATURES_H 1
| #define HAVE_WCTYPE_H 1
| #define STDC_HEADERS 1
| #define _ALL_SOURCE 1
| #define _DARWIN_C_SOURCE 1
| #define _GNU_SOURCE 1
| #define _HPUX_ALT_XOPEN_SOCKET_API 1
| #define _NETBSD_SOURCE 1
| #define _OPENBSD_SOURCE 1
| #define _POSIX_PTHREAD_SEMANTICS 1
| #define __STDC_WANT_IEC_60559_ATTRIBS_EXT__ 1
| #define __STDC_WANT_IEC_60559_BFP_EXT__ 1
| #define __STDC_WANT_IEC_60559_DFP_EXT__ 1
| #define __STDC_WANT_IEC_60559_EXT__ 1
| #define __STDC_WANT_IEC_60559_FUNCS_EXT__ 1
| #define __STDC_WANT_IEC_60559_TYPES_EXT__ 1
| #define __STDC_WANT_LIB_EXT2__ 1
| #define __STDC_WANT_MATH_SPEC_FUNCS__ 1
| #define _TANDEM_SOURCE 1
| #define __EXTENSIONS__ 1
| #define TMPDIR "/tmp"
| #define EXTERNAL_SORT 1
| #define HAVE_DIRENT_H 1
| #define HAVE_FCNTL_H 1
| #define HAVE_UNISTD_H 1
| #define HAVE_SYS_DIR_H 1
| #define HAVE_SYS_STAT_H 1
| #define HAVE_SYS_TYPES_H 1
| #define HAVE_SYS_WAIT_H 1
| #define HAVE_STDBOOL_H 1
| #define HAVE_TYPEOF 1
| #define HAVE_STATEMENT_EXPRESSION_EXT 1
| #define HAVE_STAT_ST_INO 1
| #define HAVE_ALLOCA_H 1
| #define HAVE_ALLOCA 1
| #define HAVE_BTOWC 1
| #define HAVE_FNMATCH 1
| #define HAVE_MBSRTOWCS 1
| #define HAVE_ISBLANK 1
| #define HAVE_MBSINIT 1
| #define HAVE_MBRTOWC 1
| #define HAVE_MPROTECT 1
| #define HAVE_NL_LANGINFO 1
| #define HAVE_ISWCTYPE 1
| #define HAVE_WCRTOMB 1
| #define HAVE_ISWCNTRL 1
| #define HAVE_LANGINFO_CODESET 1
| #define HAVE_MBSTATE_T 1
| #define HAVE_PTHREAD_API 1
| #define SETLOCALE_NULL_ALL_MTSAFE 0
| #define SETLOCALE_NULL_ONE_MTSAFE 1
| #define HAVE_WINT_T 1
| #define HAVE_LONG_LONG_INT 1
| #define HAVE_UNSIGNED_LONG_LONG_INT 1
| #define restrict __restrict__
| #define HAVE_WCHAR_T 1
| #define USE_POSIX_THREADS 1
| #define HAVE_MAP_ANONYMOUS 1
| #define HAVE_DECL_ALARM 1
| #define MALLOC_0_IS_NONNULL 1
| #define HAVE__BOOL 1
| #define HAVE_DECL_ECVT 1
| #define HAVE_DECL_FCVT 1
| #define HAVE_DECL_GCVT 1
| #define HAVE_DECL_STRNLEN 1
| #define _USE_STD_STAT 1
| #define HAVE_DECL_EXECVPE 1
| #define HAVE_DECL_WCSDUP 1
| #define HAVE_TOWLOWER 1
| #define HAVE_ALLOCA 1
| #define GNULIB_TEST_BTOWC 1
| #define HAVE___BUILTIN_EXPECT 1
| #define FLEXIBLE_ARRAY_MEMBER /**/
| #define GNULIB_TEST_FNMATCH 1
| #define GNULIB_ISBLANK 1
| #define HAVE___INLINE 1
| #define GNULIB_TEST_LOCALECONV 1
| #define HAVE_PTHREAD_RWLOCK 1
| #define HAVE_PTHREAD_MUTEX_RECURSIVE 1
| #define GNULIB_LOCK 1
| #define GNULIB_TEST_MBRTOWC 1
| #define GNULIB_TEST_MBSINIT 1
| #define GNULIB_TEST_MBSRTOWCS 1
| #define HAVE_MBTOWC 1
| #define GNULIB_TEST_MBTOWC 1
| #define GNULIB_TEST_MEMCHR 1
| #define HAVE_MEMPCPY 1
| #define GNULIB_TEST_MEMPCPY 1
| #define FUNC_NL_LANGINFO_YESEXPR_WORKS 1
| #define NL_LANGINFO_MTSAFE 1
| #define REPLACE_NL_LANGINFO 1
| #define GNULIB_TEST_NL_LANGINFO 1
| #define _REGEX_INCLUDE_LIMITS_H 1
| #define _REGEX_LARGE_OFFSETS 1
| #define re_syntax_options rpl_re_syntax_options
| #define re_set_syntax rpl_re_set_syntax
| #define re_compile_pattern rpl_re_compile_pattern
| #define re_compile_fastmap rpl_re_compile_fastmap
| #define re_search rpl_re_search
| #define re_search_2 rpl_re_search_2
| #define re_match rpl_re_match
| #define re_match_2 rpl_re_match_2
| #define re_set_registers rpl_re_set_registers
| #define re_comp rpl_re_comp
| #define re_exec rpl_re_exec
| #define regcomp rpl_regcomp
| #define regexec rpl_regexec
| #define regerror rpl_regerror
| #define regfree rpl_regfree
| #define HAVE_DECL_ISBLANK 1
| #define SETLOCALE_NULL_ALL_MTSAFE 0
| #define SETLOCALE_NULL_ONE_MTSAFE 1
| #define HAVE_VISIBILITY 1
| #define GNULIB_TEST_SETLOCALE_NULL 1
| #define GNULIB_TEST_STRNLEN 1
| #define GNULIB_TEST_WCRTOMB 1
| #define GNULIB_TEST_WMEMCHR 1
| #define GNULIB_TEST_WMEMPCPY 1
| #define HAVE_ASPRINTF 1
| #define HAVE_STRCASECMP 1
| #define HAVE_STRNCASECMP 1
| #define HAVE_MKSTEMP 1
| #define HAVE_OPENDIR 1
| #define HAVE_STRERROR 1
| #define HAVE_STRSIGNAL 1
| #define HAVE_TRUNCATE 1
| #define HAVE_SETENV 1
| #define HAVE_SCANDIR 1
| #define HAVE_DIRENT_H 1
| #define HAVE_LIBXML 1
| #define IS_xmlLineNumbersDefault_DEPRECATED 1
| #define HAVE_JANSSON 1
| #define HAVE_LIBYAML 1
| #define HAVE_ICONV 1
| #define HAVE_DECL___ENVIRON 0
| #define HAVE_DECL__NSGETENVIRON 0
| #define HAVE_DECL_STRNLEN 1
| /* end confdefs.h.  */
| 
| /* Override any GCC internal prototype to avoid an error.
|    Use char because int might match the return type of a GCC
|    builtin and then its argument prototype would still apply.
|    The 'extern "C"' is for builds by C++ compilers;
|    although this is not generally supported in C code supporting it here
|    has little cost and some practical benefit (sr 110532).  */
| #ifdef __cplusplus
| extern "C"
| #endif
| char isnan (void);
| int
| main (void)
| {
| return isnan ();
|   ;
|   return 0;
| }
configure:23593: result: no
configure:23604: checking for mblen
configure:23604: /root/.ppkg/core/wrapper-target-cc -o conftest  -Os  -Wdeprecated-declarations -I/root/.ppkg/run/2404/linux-musl-x86_64/uctags/include -DNDEBUG -I/root/.ppkg/installed/linux-musl-x86_64/libjansson/include -I/root/.ppkg/installed/linux-musl-x86_64/libyaml/include -I/root/.ppkg/installed/linux-musl-x86_64/libiconv/include -I/root/.ppkg/installed/linux-musl-x86_64/libz/include -I/root/.ppkg/installed/linux-musl-x86_64/libxml2/include  -static --static -ffunction-sections -fdata-sections -Wl,--gc-sections -L/root/.ppkg/run/2404/linux-musl-x86_64/uctags/lib -Wl,--as-needed -flto -Wl,-s -L/root/.ppkg/installed/linux-musl-x86_64/libjansson/lib -Wl,-rpath,/root/.ppkg/installed/linux-musl-x86_64/libjansson/lib -L/root/.ppkg/installed/linux-musl-x86_64/libyaml/lib -Wl,-rpath,/root/.ppkg/installed/linux-musl-x86_64/libyaml/lib -L/root/.ppkg/installed/linux-musl-x86_64/libiconv/lib -Wl,-rpath,/root/.ppkg/installed/linux-musl-x86_64/libiconv/lib -L/root/.ppkg/installed/linux-musl-x86_64/libz/lib -Wl,-rpath,/root/.ppkg/installed/linux-musl-x86_64/libz/lib -L/root/.ppkg/installed/linux-musl-x86_64/libxml2/lib -Wl,-rpath,/root/.ppkg/installed/linux-musl-x86_64/libxml2/lib conftest.c  >&5
configure:23604: $? = 0
configure:23604: result: yes
configure:23724: checking that generated files are newer than configure
configure:23730: result: done
configure:23920: creating ./config.status

## ---------------------- ##
## Running config.status. ##
## ---------------------- ##

This file was extended by universal-ctags config.status 6.2.0, which was
generated by GNU Autoconf 2.72.  Invocation command line was

  CONFIG_FILES    = 
  CONFIG_HEADERS  = 
  CONFIG_LINKS    = 
  CONFIG_COMMANDS = 
  $ ./config.status 

on runnervm3jyl0

config.status:1766: creating Makefile
config.status:1766: creating gnulib/Makefile
config.status:1766: creating man/GNUmakefile
config.status:1766: creating config.h
config.status:1980: executing depfiles commands
config.status:2055: cd .       && sed -e '/# am--include-marker/d' Makefile         | make -f - am--depfiles
config.status:2062: $? = 0
config.status:2055: cd gnulib       && sed -e '/# am--include-marker/d' Makefile         | make -f - am--depfiles
config.status:2062: $? = 0
configure:25240: result:
##############################################################################
Now you can run make or gmake. When you run as make, make sure it is GNU make.
##############################################################################


## ---------------- ##
## Cache variables. ##
## ---------------- ##

ac_cv_build='x86_64-pc-linux-musl'
ac_cv_c_bigendian='no'
ac_cv_c_compiler_gnu='yes'
ac_cv_c_const='yes'
ac_cv_c_flexmember='yes'
ac_cv_c_inline='inline'
ac_cv_c_restrict='__restrict__'
ac_cv_c_typeof='typeof'
ac_cv_c_undeclared_builtin_options='none needed'
ac_cv_env_AR_set='set'
ac_cv_env_AR_value='/usr/bin/ar'
ac_cv_env_CC_FOR_BUILD_set='set'
ac_cv_env_CC_FOR_BUILD_value='/root/.ppkg/core/wrapper-native-cc'
ac_cv_env_CC_set='set'
ac_cv_env_CC_value='/root/.ppkg/core/wrapper-target-cc'
ac_cv_env_CFLAGS_FOR_BUILD_set='set'
ac_cv_env_CFLAGS_FOR_BUILD_value='-fPIC -fno-common -Os'
ac_cv_env_CFLAGS_set='set'
ac_cv_env_CFLAGS_value=' -Os '
ac_cv_env_CGCC_CFLAGS_set=''
ac_cv_env_CGCC_CFLAGS_value=''
ac_cv_env_CPPFLAGS_FOR_BUILD_set='set'
ac_cv_env_CPPFLAGS_FOR_BUILD_value=''
ac_cv_env_CPPFLAGS_set='set'
ac_cv_env_CPPFLAGS_value='-I/root/.ppkg/run/2404/linux-musl-x86_64/uctags/include -DNDEBUG -I/root/.ppkg/installed/linux-musl-x86_64/libjansson/include -I/root/.ppkg/installed/linux-musl-x86_64/libyaml/include -I/root/.ppkg/installed/linux-musl-x86_64/libiconv/include -I/root/.ppkg/installed/linux-musl-x86_64/libz/include -I/root/.ppkg/installed/linux-musl-x86_64/libxml2/include '
ac_cv_env_CPP_set='set'
ac_cv_env_CPP_value='/root/.ppkg/core/wrapper-target-cc -E'
ac_cv_env_DEBUG_CPPFLAGS_set=''
ac_cv_env_DEBUG_CPPFLAGS_value=''
ac_cv_env_EXTRA_CFLAGS_set=''
ac_cv_env_EXTRA_CFLAGS_value=''
ac_cv_env_EXTRA_CPPFLAGS_set=''
ac_cv_env_EXTRA_CPPFLAGS_value=''
ac_cv_env_EXTRA_LDFLAGS_set=''
ac_cv_env_EXTRA_LDFLAGS_value=''
ac_cv_env_JANSSON_CFLAGS_set=''
ac_cv_env_JANSSON_CFLAGS_value=''
ac_cv_env_JANSSON_LIBS_set=''
ac_cv_env_JANSSON_LIBS_value=''
ac_cv_env_LDFLAGS_FOR_BUILD_set='set'
ac_cv_env_LDFLAGS_FOR_BUILD_value='-Wl,--as-needed -Wl,-S -L/root/.ppkg/core/lib'
ac_cv_env_LDFLAGS_set='set'
ac_cv_env_LDFLAGS_value='-static --static -ffunction-sections -fdata-sections -Wl,--gc-sections -L/root/.ppkg/run/2404/linux-musl-x86_64/uctags/lib -Wl,--as-needed -flto -Wl,-s -L/root/.ppkg/installed/linux-musl-x86_64/libjansson/lib -Wl,-rpath,/root/.ppkg/installed/linux-musl-x86_64/libjansson/lib -L/root/.ppkg/installed/linux-musl-x86_64/libyaml/lib -Wl,-rpath,/root/.ppkg/installed/linux-musl-x86_64/libyaml/lib -L/root/.ppkg/installed/linux-musl-x86_64/libiconv/lib -Wl,-rpath,/root/.ppkg/installed/linux-musl-x86_64/libiconv/lib -L/root/.ppkg/installed/linux-musl-x86_64/libz/lib -Wl,-rpath,/root/.ppkg/installed/linux-musl-x86_64/libz/lib -L/root/.ppkg/installed/linux-musl-x86_64/libxml2/lib -Wl,-rpath,/root/.ppkg/installed/linux-musl-x86_64/libxml2/lib'
ac_cv_env_LIBS_set=''
ac_cv_env_LIBS_value=''
ac_cv_env_LIBXML12d0_CFLAGS_set=''
ac_cv_env_LIBXML12d0_CFLAGS_value=''
ac_cv_env_LIBXML12d0_LIBS_set=''
ac_cv_env_LIBXML12d0_LIBS_value=''
ac_cv_env_LIBXML12d1_CFLAGS_set=''
ac_cv_env_LIBXML12d1_CFLAGS_value=''
ac_cv_env_LIBXML12d1_LIBS_set=''
ac_cv_env_LIBXML12d1_LIBS_value=''
ac_cv_env_LIBXML_CFLAGS_set=''
ac_cv_env_LIBXML_CFLAGS_value=''
ac_cv_env_LIBXML_LIBS_set=''
ac_cv_env_LIBXML_LIBS_value=''
ac_cv_env_LIBYAML_CFLAGS_set=''
ac_cv_env_LIBYAML_CFLAGS_value=''
ac_cv_env_LIBYAML_LIBS_set=''
ac_cv_env_LIBYAML_LIBS_value=''
ac_cv_env_PCRE2_CFLAGS_set=''
ac_cv_env_PCRE2_CFLAGS_value=''
ac_cv_env_PCRE2_LIBS_set=''
ac_cv_env_PCRE2_LIBS_value=''
ac_cv_env_PKG_CONFIG_LIBDIR_set='set'
ac_cv_env_PKG_CONFIG_LIBDIR_value='/root/.ppkg/run/2404/linux-musl-x86_64/uctags/lib/pkgconfig'
ac_cv_env_PKG_CONFIG_PATH_set='set'
ac_cv_env_PKG_CONFIG_PATH_value='/root/.ppkg/run/2404/linux-musl-x86_64/uctags/lib/pkgconfig::/root/.ppkg/installed/linux-musl-x86_64/libjansson/lib/pkgconfig:/root/.ppkg/installed/linux-musl-x86_64/libyaml/lib/pkgconfig:/root/.ppkg/installed/linux-musl-x86_64/libiconv/lib/pkgconfig:/root/.ppkg/installed/linux-musl-x86_64/libz/lib/pkgconfig:/root/.ppkg/installed/linux-musl-x86_64/libxml2/lib/pkgconfig'
ac_cv_env_PKG_CONFIG_set='set'
ac_cv_env_PKG_CONFIG_value='/root/.uppm/installed/pkg-config/bin/pkg-config'
ac_cv_env_RANLIB_set='set'
ac_cv_env_RANLIB_value='/usr/bin/ranlib'
ac_cv_env_SECCOMP_CFLAGS_set=''
ac_cv_env_SECCOMP_CFLAGS_value=''
ac_cv_env_SECCOMP_LIBS_set=''
ac_cv_env_SECCOMP_LIBS_value=''
ac_cv_env_WARNING_CFLAGS_set=''
ac_cv_env_WARNING_CFLAGS_value=''
ac_cv_env_WINDRES_set=''
ac_cv_env_WINDRES_value=''
ac_cv_env_build_alias_set=''
ac_cv_env_build_alias_value=''
ac_cv_env_host_alias_set=''
ac_cv_env_host_alias_value=''
ac_cv_env_target_alias_set=''
ac_cv_env_target_alias_value=''
ac_cv_func_alloca_works='yes'
ac_cv_func_asprintf='yes'
ac_cv_func_btowc='yes'
ac_cv_func_calloc_0_nonnull='yes'
ac_cv_func_fnmatch='yes'
ac_cv_func_isblank='yes'
ac_cv_func_iswcntrl='yes'
ac_cv_func_iswctype='yes'
ac_cv_func_malloc_0_nonnull='yes'
ac_cv_func_mblen='yes'
ac_cv_func_mbrtowc='yes'
ac_cv_func_mbsinit='yes'
ac_cv_func_mbsrtowcs='yes'
ac_cv_func_mbtowc='yes'
ac_cv_func_mempcpy='yes'
ac_cv_func_mkstemp='yes'
ac_cv_func_mmap='yes'
ac_cv_func_mprotect='yes'
ac_cv_func_nl_langinfo='yes'
ac_cv_func_opendir='yes'
ac_cv_func_realloc_0_nonnull='yes'
ac_cv_func_scandir='yes'
ac_cv_func_setenv='yes'
ac_cv_func_strcasecmp='yes'
ac_cv_func_strerror='yes'
ac_cv_func_strncasecmp='yes'
ac_cv_func_strnlen_working='yes'
ac_cv_func_strsignal='yes'
ac_cv_func_towlower='yes'
ac_cv_func_truncate='yes'
ac_cv_func_wcrtomb='yes'
ac_cv_func_wmempcpy='no'
ac_cv_have_decl__NSGetEnviron='no'
ac_cv_have_decl___environ='no'
ac_cv_have_decl_alarm='yes'
ac_cv_have_decl_ecvt='yes'
ac_cv_have_decl_execvpe='yes'
ac_cv_have_decl_fcvt='yes'
ac_cv_have_decl_gcvt='yes'
ac_cv_have_decl_isblank='yes'
ac_cv_have_decl_strnlen='yes'
ac_cv_have_decl_wcsdup='yes'
ac_cv_header_crtdefs_h='no'
ac_cv_header_direct_h='no'
ac_cv_header_dirent_h='yes'
ac_cv_header_fcntl_h='yes'
ac_cv_header_features_h='yes'
ac_cv_header_fnmatch_h='yes'
ac_cv_header_inttypes_h='yes'
ac_cv_header_io_h='no'
ac_cv_header_langinfo_h='yes'
ac_cv_header_libintl_h='no'
ac_cv_header_limits_h='yes'
ac_cv_header_malloc_h='yes'
ac_cv_header_minix_config_h='no'
ac_cv_header_pthread_h='yes'
ac_cv_header_stat_h='no'
ac_cv_header_stdbool_h='yes'
ac_cv_header_stdint_h='yes'
ac_cv_header_stdio_h='yes'
ac_cv_header_stdlib_h='yes'
ac_cv_header_string_h='yes'
ac_cv_header_strings_h='yes'
ac_cv_header_sys_dir_h='yes'
ac_cv_header_sys_mman_h='yes'
ac_cv_header_sys_stat_h='yes'
ac_cv_header_sys_types_h='yes'
ac_cv_header_sys_wait_h='yes'
ac_cv_header_threads_h='yes'
ac_cv_header_types_h='no'
ac_cv_header_unistd_h='yes'
ac_cv_header_wchar_h='yes'
ac_cv_header_wctype_h='yes'
ac_cv_header_xlocale_h='no'
ac_cv_host='x86_64-pc-linux-musl'
ac_cv_lib_m_isnan='no'
ac_cv_lib_pthread_pthread_kill='yes'
ac_cv_objext='o'
ac_cv_path_EGREP_TRADITIONAL='/root/.uppm/installed/grep/bin/grep -E'
ac_cv_path_install='/root/.uppm/installed/coreutils/bin/install -c'
ac_cv_path_mkdir='/root/.uppm/installed/coreutils/bin/mkdir'
ac_cv_prog_AWK='gawk'
ac_cv_prog_CPP='/root/.ppkg/core/wrapper-target-cc -E'
ac_cv_prog_GIT='git'
ac_cv_prog_STRIP='/usr/bin/strip'
ac_cv_prog_TESTING_TIMEOUT='timeout'
ac_cv_prog_ac_ct_AR='/usr/bin/ar'
ac_cv_prog_ac_ct_CC='/root/.ppkg/core/wrapper-target-cc'
ac_cv_prog_ac_ct_RANLIB='/usr/bin/ranlib'
ac_cv_prog_cc_c11=''
ac_cv_prog_cc_g='yes'
ac_cv_prog_cc_stdc=''
ac_cv_prog_make_make_set='yes'
ac_cv_prog_perl_found='yes'
ac_cv_prog_sort_found='yes'
ac_cv_safe_to_define___extensions__='yes'
ac_cv_should_define__xopen_source='no'
ac_cv_sys_largefile_opts='none needed'
ac_cv_type__Bool='yes'
ac_cv_type_mbstate_t='yes'
ac_cv_type_mode_t='yes'
ac_cv_type_off_t='yes'
ac_cv_type_pid_t='yes'
ac_cv_type_pthread_rwlock_t='yes'
ac_cv_type_size_t='yes'
ac_cv_working_alloca_h='yes'
am_cv_CC_dependencies_compiler_type='gcc3'
am_cv_filesystem_timestamp_resolution='0.01'
am_cv_langinfo_codeset='yes'
am_cv_make_support_nested_variables='yes'
am_cv_prog_cc_c_o='yes'
am_cv_prog_tar_ustar='none'
am_cv_sleep_fractional_seconds='yes'
am_cv_xargs_n_works='yes'
cc_cv_cflags__Wdeprecated_declarations='yes'
cc_cv_cflags__Werror='yes'
cc_cv_werror='-Werror'
gl_cv___builtin_expect='yes'
gl_cv_c___inline='yes'
gl_cv_c_amsterdam_compiler='no'
gl_cv_c_multiarch='no'
gl_cv_cc_vis_werror='yes'
gl_cv_cc_visibility='yes'
gl_cv_compiler_check_decl_option='none'
gl_cv_compiler_clang='no'
gl_cv_decl_null_works='yes'
gl_cv_func_btowc_eof='guessing yes'
gl_cv_func_btowc_nul='yes'
gl_cv_func_fnmatch_posix='yes'
gl_cv_func_iswcntrl_works='yes'
gl_cv_func_malloc_0_nonnull='1'
gl_cv_func_mbrtowc_C_locale_sans_EILSEQ='yes'
gl_cv_func_mbrtowc_empty_input='yes'
gl_cv_func_mbrtowc_incomplete_state='guessing yes'
gl_cv_func_mbrtowc_nul_retval='guessing yes'
gl_cv_func_mbrtowc_null_arg1='guessing yes'
gl_cv_func_mbrtowc_null_arg2='guessing yes'
gl_cv_func_mbrtowc_retval='guessing yes'
gl_cv_func_mbrtowc_sanitycheck='guessing yes'
gl_cv_func_mbrtowc_stores_incomplete='guessing no'
gl_cv_func_mbsrtowcs_works='guessing yes'
gl_cv_func_memchr_works='yes'
gl_cv_func_nl_langinfo_yesexpr_works='yes'
gl_cv_func_re_compile_pattern_working='no'
gl_cv_func_setlocale_null_all_mtsafe='no'
gl_cv_func_setlocale_null_one_mtsafe='yes'
gl_cv_func_wcrtomb_retval='guessing yes'
gl_cv_func_wcrtomb_works='yes'
gl_cv_func_wmemchr='yes'
gl_cv_have_include_next='yes'
gl_cv_have_weak='no'
gl_cv_header_langinfo_altmon='no'
gl_cv_header_langinfo_codeset='yes'
gl_cv_header_langinfo_era='yes'
gl_cv_header_langinfo_t_fmt_ampm='yes'
gl_cv_header_langinfo_yesexpr='yes'
gl_cv_header_limits_width='no'
gl_cv_header_locale_h_needs_xlocale_h='no'
gl_cv_header_locale_h_posix2001='yes'
gl_cv_header_locale_has_locale_t='yes'
gl_cv_header_stdint_width='no'
gl_cv_header_stdint_without_STDC_macros='yes'
gl_cv_header_wchar_h_correct_inline='yes'
gl_cv_header_working_stdint_h='yes'
gl_cv_next_ctype_h='<ctype.h>'
gl_cv_next_fnmatch_h='<fnmatch.h>'
gl_cv_next_inttypes_h='<inttypes.h>'
gl_cv_next_langinfo_h='<langinfo.h>'
gl_cv_next_limits_h='<limits.h>'
gl_cv_next_locale_h='<locale.h>'
gl_cv_next_stdint_h='<stdint.h>'
gl_cv_next_stdlib_h='<stdlib.h>'
gl_cv_next_string_h='<string.h>'
gl_cv_next_sys_types_h='<sys/types.h>'
gl_cv_next_unistd_h='<unistd.h>'
gl_cv_next_wchar_h='<wchar.h>'
gl_cv_next_wctype_h='<wctype.h>'
gl_cv_pthread_rwlock_rdlock_prefer_writer='no'
gl_cv_rpl_alloca='yes'
gl_cv_source_line_length_unlimited='yes'
gl_cv_sys_struct_lconv_ok='yes'
gl_cv_type_max_align_t='yes'
gl_cv_type_wctrans_t='yes'
gl_cv_type_wctype_t='yes'
gl_cv_type_wint_t_large_enough='yes'
gt_cv_c_wchar_t='yes'
gt_cv_c_wint_t='yes'
gt_cv_locale_fr='none'
gt_cv_locale_fr_utf8='none'
gt_cv_locale_ja='none'
gt_cv_locale_zh_CN='none'
gt_cv_ssize_t='yes'
pkg_cv_JANSSON_CFLAGS='-I/root/.ppkg/installed/linux-musl-x86_64/libjansson/lib/pkgconfig/../../include'
pkg_cv_JANSSON_LIBS='-L/root/.ppkg/installed/linux-musl-x86_64/libjansson/lib/pkgconfig/../../lib -ljansson'
pkg_cv_LIBXML_CFLAGS='-I/root/.ppkg/installed/linux-musl-x86_64/libiconv/lib/pkgconfig/../../include -I/root/.ppkg/installed/linux-musl-x86_64/libz/lib/pkgconfig/../../include -I/root/.ppkg/installed/linux-musl-x86_64/libxml2/lib/pkgconfig/../../include/libxml2'
pkg_cv_LIBXML_LIBS='-L/root/.ppkg/installed/linux-musl-x86_64/libiconv/lib/pkgconfig/../../lib -L/root/.ppkg/installed/linux-musl-x86_64/libz/lib/pkgconfig/../../lib -L/root/.ppkg/installed/linux-musl-x86_64/libxml2/lib/pkgconfig/../../lib -lxml2 -lm -lz -liconv'
pkg_cv_LIBYAML_CFLAGS='-I/root/.ppkg/installed/linux-musl-x86_64/libyaml/lib/pkgconfig/../../include'
pkg_cv_LIBYAML_LIBS='-L/root/.ppkg/installed/linux-musl-x86_64/libyaml/lib/pkgconfig/../../lib -lyaml'

## ----------------- ##
## Output variables. ##
## ----------------- ##

ACLOCAL='${SHELL} '\''/root/.ppkg/run/2404/linux-musl-x86_64/uctags/src/missing'\'' aclocal-1.18'
ALLOCA=''
ALLOCA_H='alloca.h'
AMDEPBACKSLASH='\'
AMDEP_FALSE='#'
AMDEP_TRUE=''
AMTAR='$${TAR-tar}'
AM_BACKSLASH='\'
AM_DEFAULT_V='$(AM_DEFAULT_VERBOSITY)'
AM_DEFAULT_VERBOSITY='0'
AM_V='$(V)'
APPLE_UNIVERSAL_BUILD='0'
AR='/usr/bin/ar'
ARFLAGS='cr'
AUTOCONF='${SHELL} '\''/root/.ppkg/run/2404/linux-musl-x86_64/uctags/src/missing'\'' autoconf'
AUTOHEADER='${SHELL} '\''/root/.ppkg/run/2404/linux-musl-x86_64/uctags/src/missing'\'' autoheader'
AUTOMAKE='${SHELL} '\''/root/.ppkg/run/2404/linux-musl-x86_64/uctags/src/missing'\'' automake-1.18'
AWK='gawk'
BITSIZEOF_PTRDIFF_T=''
BITSIZEOF_SIG_ATOMIC_T=''
BITSIZEOF_SIZE_T=''
BITSIZEOF_WCHAR_T=''
BITSIZEOF_WINT_T=''
BUILD_EXEEXT=''
BUILD_IN_GIT_REPO_FALSE='#'
BUILD_IN_GIT_REPO_TRUE=''
BUILD_OBJEXT='o'
CC='/root/.ppkg/core/wrapper-target-cc'
CCDEPMODE='depmode=gcc3'
CC_FOR_BUILD='/root/.ppkg/core/wrapper-target-cc'
CFLAGS=' -Os  -Wdeprecated-declarations'
CFLAGS_FOR_BUILD=' -Os '
CFLAG_VISIBILITY='-fvisibility=hidden'
CGCC_CFLAGS=''
COVERAGE_CFLAGS=''
COVERAGE_LDFLAGS=''
CPP='/root/.ppkg/core/wrapper-target-cc -E'
CPPFLAGS='-I/root/.ppkg/run/2404/linux-musl-x86_64/uctags/include -DNDEBUG -I/root/.ppkg/installed/linux-musl-x86_64/libjansson/include -I/root/.ppkg/installed/linux-musl-x86_64/libyaml/include -I/root/.ppkg/installed/linux-musl-x86_64/libiconv/include -I/root/.ppkg/installed/linux-musl-x86_64/libz/include -I/root/.ppkg/installed/linux-musl-x86_64/libxml2/include '
CPPFLAGS_FOR_BUILD='-I/root/.ppkg/run/2404/linux-musl-x86_64/uctags/include -DNDEBUG -I/root/.ppkg/installed/linux-musl-x86_64/libjansson/include -I/root/.ppkg/installed/linux-musl-x86_64/libyaml/include -I/root/.ppkg/installed/linux-musl-x86_64/libiconv/include -I/root/.ppkg/installed/linux-musl-x86_64/libz/include -I/root/.ppkg/installed/linux-musl-x86_64/libxml2/include '
CSCOPE='cscope'
CTAGS='ctags'
CTAGS_NAME_EXECUTABLE='ctags'
CYGPATH_W='echo'
DEBUG_CPPFLAGS='-DDEBUG'
DEFS='-DHAVE_CONFIG_H'
DEPDIR='.deps'
ECHO_C=''
ECHO_N='-n'
ECHO_T=''
ENABLE_DEBUGGING_FALSE=''
ENABLE_DEBUGGING_TRUE='#'
ETAGS='etags'
ETAGS_NAME_EXECUTABLE='etags'
EXEEXT=''
EXTRA_CFLAGS='-std=gnu99'
EXTRA_CPPFLAGS='-D_GNU_SOURCE -D__USE_GNU'
EXTRA_LDFLAGS=''
FNMATCH_H=''
GIT='git'
GL_COND_LIBTOOL_FALSE=''
GL_COND_LIBTOOL_TRUE='#'
GL_GENERATE_ALLOCA_H_FALSE='#'
GL_GENERATE_ALLOCA_H_TRUE=''
GL_GENERATE_FNMATCH_H_FALSE=''
GL_GENERATE_FNMATCH_H_TRUE='#'
GL_GENERATE_LIMITS_H_FALSE='#'
GL_GENERATE_LIMITS_H_TRUE=''
GL_GENERATE_STDBOOL_H_FALSE=''
GL_GENERATE_STDBOOL_H_TRUE='#'
GL_GENERATE_STDDEF_H_FALSE=''
GL_GENERATE_STDDEF_H_TRUE='#'
GL_GENERATE_STDINT_H_FALSE='#'
GL_GENERATE_STDINT_H_TRUE=''
GL_GNULIB_ACCESS='0'
GL_GNULIB_ALIGNED_ALLOC='0'
GL_GNULIB_ATOLL='0'
GL_GNULIB_BTOWC='1'
GL_GNULIB_CALLOC_POSIX='0'
GL_GNULIB_CANONICALIZE_FILE_NAME='0'
GL_GNULIB_CHDIR='0'
GL_GNULIB_CHOWN='0'
GL_GNULIB_CLOSE='0'
GL_GNULIB_COPY_FILE_RANGE='0'
GL_GNULIB_DUP2='0'
GL_GNULIB_DUP3='0'
GL_GNULIB_DUP='0'
GL_GNULIB_DUPLOCALE='0'
GL_GNULIB_ENVIRON='0'
GL_GNULIB_EUIDACCESS='0'
GL_GNULIB_EXECL='0'
GL_GNULIB_EXECLE='0'
GL_GNULIB_EXECLP='0'
GL_GNULIB_EXECV='0'
GL_GNULIB_EXECVE='0'
GL_GNULIB_EXECVP='0'
GL_GNULIB_EXECVPE='0'
GL_GNULIB_EXPLICIT_BZERO='0'
GL_GNULIB_FACCESSAT='0'
GL_GNULIB_FCHDIR='0'
GL_GNULIB_FCHOWNAT='0'
GL_GNULIB_FDATASYNC='0'
GL_GNULIB_FFSL='0'
GL_GNULIB_FFSLL='0'
GL_GNULIB_FNMATCH='1'
GL_GNULIB_FREE_POSIX='0'
GL_GNULIB_FSYNC='0'
GL_GNULIB_FTRUNCATE='0'
GL_GNULIB_GETCWD='0'
GL_GNULIB_GETDOMAINNAME='0'
GL_GNULIB_GETDTABLESIZE='0'
GL_GNULIB_GETENTROPY='0'
GL_GNULIB_GETGROUPS='0'
GL_GNULIB_GETHOSTNAME='0'
GL_GNULIB_GETLOADAVG='0'
GL_GNULIB_GETLOGIN='0'
GL_GNULIB_GETLOGIN_R='0'
GL_GNULIB_GETOPT_POSIX='0'
GL_GNULIB_GETPAGESIZE='0'
GL_GNULIB_GETPASS='0'
GL_GNULIB_GETSUBOPT='0'
GL_GNULIB_GETUSERSHELL='0'
GL_GNULIB_GRANTPT='0'
GL_GNULIB_GROUP_MEMBER='0'
GL_GNULIB_IMAXABS='0'
GL_GNULIB_IMAXDIV='0'
GL_GNULIB_ISATTY='0'
GL_GNULIB_ISBLANK='1'
GL_GNULIB_ISWBLANK='0'
GL_GNULIB_ISWCTYPE='0'
GL_GNULIB_ISWDIGIT='0'
GL_GNULIB_ISWXDIGIT='0'
GL_GNULIB_LCHOWN='0'
GL_GNULIB_LINK='0'
GL_GNULIB_LINKAT='0'
GL_GNULIB_LOCALECONV='1'
GL_GNULIB_LOCALENAME='0'
GL_GNULIB_LSEEK='0'
GL_GNULIB_MALLOC_POSIX='0'
GL_GNULIB_MBRLEN='0'
GL_GNULIB_MBRTOWC='1'
GL_GNULIB_MBSCASECMP='0'
GL_GNULIB_MBSCASESTR='0'
GL_GNULIB_MBSCHR='0'
GL_GNULIB_MBSCSPN='0'
GL_GNULIB_MBSINIT='1'
GL_GNULIB_MBSLEN='0'
GL_GNULIB_MBSNCASECMP='0'
GL_GNULIB_MBSNLEN='0'
GL_GNULIB_MBSNRTOWCS='0'
GL_GNULIB_MBSPBRK='0'
GL_GNULIB_MBSPCASECMP='0'
GL_GNULIB_MBSRCHR='0'
GL_GNULIB_MBSRTOWCS='1'
GL_GNULIB_MBSSEP='0'
GL_GNULIB_MBSSPN='0'
GL_GNULIB_MBSSTR='0'
GL_GNULIB_MBSTOK_R='0'
GL_GNULIB_MBTOWC='1'
GL_GNULIB_MDA_ACCESS='1'
GL_GNULIB_MDA_CHDIR='1'
GL_GNULIB_MDA_CLOSE='1'
GL_GNULIB_MDA_DUP2='1'
GL_GNULIB_MDA_DUP='1'
GL_GNULIB_MDA_ECVT='1'
GL_GNULIB_MDA_EXECL='1'
GL_GNULIB_MDA_EXECLE='1'
GL_GNULIB_MDA_EXECLP='1'
GL_GNULIB_MDA_EXECV='1'
GL_GNULIB_MDA_EXECVE='1'
GL_GNULIB_MDA_EXECVP='1'
GL_GNULIB_MDA_EXECVPE='1'
GL_GNULIB_MDA_FCVT='1'
GL_GNULIB_MDA_GCVT='1'
GL_GNULIB_MDA_GETCWD='1'
GL_GNULIB_MDA_GETPID='1'
GL_GNULIB_MDA_ISATTY='1'
GL_GNULIB_MDA_LSEEK='1'
GL_GNULIB_MDA_MEMCCPY='1'
GL_GNULIB_MDA_MKTEMP='1'
GL_GNULIB_MDA_PUTENV='1'
GL_GNULIB_MDA_READ='1'
GL_GNULIB_MDA_RMDIR='1'
GL_GNULIB_MDA_STRDUP='1'
GL_GNULIB_MDA_SWAB='1'
GL_GNULIB_MDA_UNLINK='1'
GL_GNULIB_MDA_WCSDUP='1'
GL_GNULIB_MDA_WRITE='1'
GL_GNULIB_MEMCHR='1'
GL_GNULIB_MEMMEM='0'
GL_GNULIB_MEMPCPY='1'
GL_GNULIB_MEMRCHR='0'
GL_GNULIB_MKDTEMP='0'
GL_GNULIB_MKOSTEMP='0'
GL_GNULIB_MKOSTEMPS='0'
GL_GNULIB_MKSTEMP='0'
GL_GNULIB_MKSTEMPS='0'
GL_GNULIB_NL_LANGINFO='1'
GL_GNULIB_PIPE2='0'
GL_GNULIB_PIPE='0'
GL_GNULIB_POSIX_MEMALIGN='0'
GL_GNULIB_POSIX_OPENPT='0'
GL_GNULIB_PREAD='0'
GL_GNULIB_PTSNAME='0'
GL_GNULIB_PTSNAME_R='0'
GL_GNULIB_PUTENV='0'
GL_GNULIB_PWRITE='0'
GL_GNULIB_QSORT_R='0'
GL_GNULIB_RANDOM='0'
GL_GNULIB_RANDOM_R='0'
GL_GNULIB_RAWMEMCHR='0'
GL_GNULIB_READ='0'
GL_GNULIB_READLINK='0'
GL_GNULIB_READLINKAT='0'
GL_GNULIB_REALLOCARRAY='0'
GL_GNULIB_REALLOC_POSIX='0'
GL_GNULIB_REALPATH='0'
GL_GNULIB_RMDIR='0'
GL_GNULIB_RPMATCH='0'
GL_GNULIB_SECURE_GETENV='0'
GL_GNULIB_SETENV='0'
GL_GNULIB_SETHOSTNAME='0'
GL_GNULIB_SETLOCALE='0'
GL_GNULIB_SETLOCALE_NULL='1'
GL_GNULIB_SIGABBREV_NP='0'
GL_GNULIB_SIGDESCR_NP='0'
GL_GNULIB_SLEEP='0'
GL_GNULIB_STPCPY='0'
GL_GNULIB_STPNCPY='0'
GL_GNULIB_STRCASESTR='0'
GL_GNULIB_STRCHRNUL='0'
GL_GNULIB_STRDUP='0'
GL_GNULIB_STRERROR='0'
GL_GNULIB_STRERRORNAME_NP='0'
GL_GNULIB_STRERROR_R='0'
GL_GNULIB_STRNCAT='0'
GL_GNULIB_STRNDUP='0'
GL_GNULIB_STRNLEN='1'
GL_GNULIB_STRPBRK='0'
GL_GNULIB_STRSEP='0'
GL_GNULIB_STRSIGNAL='0'
GL_GNULIB_STRSTR='0'
GL_GNULIB_STRTOD='0'
GL_GNULIB_STRTOIMAX='0'
GL_GNULIB_STRTOK_R='0'
GL_GNULIB_STRTOL='0'
GL_GNULIB_STRTOLD='0'
GL_GNULIB_STRTOLL='0'
GL_GNULIB_STRTOUL='0'
GL_GNULIB_STRTOULL='0'
GL_GNULIB_STRTOUMAX='0'
GL_GNULIB_STRVERSCMP='0'
GL_GNULIB_SYMLINK='0'
GL_GNULIB_SYMLINKAT='0'
GL_GNULIB_SYSTEM_POSIX='0'
GL_GNULIB_TOWCTRANS='0'
GL_GNULIB_TRUNCATE='0'
GL_GNULIB_TTYNAME_R='0'
GL_GNULIB_UNISTD_H_GETOPT='0'
GL_GNULIB_UNISTD_H_NONBLOCKING='0'
GL_GNULIB_UNISTD_H_SIGPIPE='0'
GL_GNULIB_UNLINK='0'
GL_GNULIB_UNLINKAT='0'
GL_GNULIB_UNLOCKPT='0'
GL_GNULIB_UNSETENV='0'
GL_GNULIB_USLEEP='0'
GL_GNULIB_WCPCPY='0'
GL_GNULIB_WCPNCPY='0'
GL_GNULIB_WCRTOMB='1'
GL_GNULIB_WCSCASECMP='0'
GL_GNULIB_WCSCAT='0'
GL_GNULIB_WCSCHR='0'
GL_GNULIB_WCSCMP='0'
GL_GNULIB_WCSCOLL='0'
GL_GNULIB_WCSCPY='0'
GL_GNULIB_WCSCSPN='0'
GL_GNULIB_WCSDUP='0'
GL_GNULIB_WCSFTIME='0'
GL_GNULIB_WCSLEN='0'
GL_GNULIB_WCSNCASECMP='0'
GL_GNULIB_WCSNCAT='0'
GL_GNULIB_WCSNCMP='0'
GL_GNULIB_WCSNCPY='0'
GL_GNULIB_WCSNLEN='0'
GL_GNULIB_WCSNRTOMBS='0'
GL_GNULIB_WCSPBRK='0'
GL_GNULIB_WCSRCHR='0'
GL_GNULIB_WCSRTOMBS='0'
GL_GNULIB_WCSSPN='0'
GL_GNULIB_WCSSTR='0'
GL_GNULIB_WCSTOK='0'
GL_GNULIB_WCSWIDTH='0'
GL_GNULIB_WCSXFRM='0'
GL_GNULIB_WCTOB='0'
GL_GNULIB_WCTOMB='0'
GL_GNULIB_WCTRANS='0'
GL_GNULIB_WCTYPE='0'
GL_GNULIB_WCWIDTH='0'
GL_GNULIB_WMEMCHR='1'
GL_GNULIB_WMEMCMP='0'
GL_GNULIB_WMEMCPY='0'
GL_GNULIB_WMEMMOVE='0'
GL_GNULIB_WMEMPCPY='1'
GL_GNULIB_WMEMSET='0'
GL_GNULIB_WRITE='0'
GL_GNULIB__EXIT='0'
GNULIBHEADERS_OVERRIDE_WINT_T='0'
HAS_GNU_SED_FALSE='#'
HAS_GNU_SED_TRUE=''
HAVE_ALIGNED_ALLOC='1'
HAVE_ALLOCA_H='1'
HAVE_ATOLL='1'
HAVE_BTOWC='1'
HAVE_C99_STDINT_H='1'
HAVE_CANONICALIZE_FILE_NAME='1'
HAVE_CHOWN='1'
HAVE_COPY_FILE_RANGE='1'
HAVE_CRTDEFS_H='0'
HAVE_DECL_ECVT='1'
HAVE_DECL_ENVIRON='1'
HAVE_DECL_EXECVPE='1'
HAVE_DECL_FCHDIR='1'
HAVE_DECL_FCVT='1'
HAVE_DECL_FDATASYNC='1'
HAVE_DECL_GCVT='1'
HAVE_DECL_GETDOMAINNAME='1'
HAVE_DECL_GETLOADAVG='1'
HAVE_DECL_GETLOGIN='1'
HAVE_DECL_GETLOGIN_R='1'
HAVE_DECL_GETPAGESIZE='1'
HAVE_DECL_GETUSERSHELL='1'
HAVE_DECL_IMAXABS='1'
HAVE_DECL_IMAXDIV='1'
HAVE_DECL_INITSTATE='1'
HAVE_DECL_MEMMEM='1'
HAVE_DECL_MEMRCHR='1'
HAVE_DECL_SETENV='1'
HAVE_DECL_SETHOSTNAME='1'
HAVE_DECL_SETSTATE='1'
HAVE_DECL_STRDUP='1'
HAVE_DECL_STRERROR_R='1'
HAVE_DECL_STRNDUP='1'
HAVE_DECL_STRNLEN='1'
HAVE_DECL_STRSIGNAL='1'
HAVE_DECL_STRTOIMAX='1'
HAVE_DECL_STRTOK_R='1'
HAVE_DECL_STRTOUMAX='1'
HAVE_DECL_TRUNCATE='1'
HAVE_DECL_TTYNAME_R='1'
HAVE_DECL_UNSETENV='1'
HAVE_DECL_WCSDUP='1'
HAVE_DECL_WCTOB='1'
HAVE_DECL_WCWIDTH='1'
HAVE_DUP3='1'
HAVE_DUPLOCALE='1'
HAVE_EUIDACCESS='1'
HAVE_EXECVPE='1'
HAVE_EXPLICIT_BZERO='1'
HAVE_FACCESSAT='1'
HAVE_FCHDIR='1'
HAVE_FCHOWNAT='1'
HAVE_FDATASYNC='1'
HAVE_FEATURES_H='1'
HAVE_FFSL='1'
HAVE_FFSLL='1'
HAVE_FNMATCH='1'
HAVE_FNMATCH_H='1'
HAVE_FREELOCALE='1'
HAVE_FSYNC='1'
HAVE_FTRUNCATE='1'
HAVE_GETDTABLESIZE='1'
HAVE_GETENTROPY='1'
HAVE_GETGROUPS='1'
HAVE_GETHOSTNAME='1'
HAVE_GETLOGIN='1'
HAVE_GETPAGESIZE='1'
HAVE_GETPASS='1'
HAVE_GETSUBOPT='1'
HAVE_GRANTPT='1'
HAVE_GROUP_MEMBER='1'
HAVE_IMAXDIV_T='1'
HAVE_INITSTATE='1'
HAVE_INTTYPES_H='1'
HAVE_ISBLANK='1'
HAVE_ISWBLANK='1'
HAVE_ISWCNTRL='1'
HAVE_JANSSON_FALSE='#'
HAVE_JANSSON_TRUE=''
HAVE_LANGINFO_ALTMON='0'
HAVE_LANGINFO_CODESET='1'
HAVE_LANGINFO_ERA='1'
HAVE_LANGINFO_H='1'
HAVE_LANGINFO_T_FMT_AMPM='1'
HAVE_LANGINFO_YESEXPR='1'
HAVE_LCHOWN='1'
HAVE_LIBXML_FALSE='#'
HAVE_LIBXML_TRUE=''
HAVE_LIBYAML_FALSE='#'
HAVE_LIBYAML_TRUE=''
HAVE_LINK='1'
HAVE_LINKAT='1'
HAVE_MAX_ALIGN_T='1'
HAVE_MBRLEN='1'
HAVE_MBRTOWC='1'
HAVE_MBSINIT='1'
HAVE_MBSLEN='0'
HAVE_MBSNRTOWCS='1'
HAVE_MBSRTOWCS='1'
HAVE_MBTOWC='1'
HAVE_MEMPCPY='1'
HAVE_MKDTEMP='1'
HAVE_MKOSTEMP='1'
HAVE_MKOSTEMPS='1'
HAVE_MKSTEMP='1'
HAVE_MKSTEMPS='1'
HAVE_NEWLOCALE='1'
HAVE_NL_LANGINFO='1'
HAVE_OS_H='0'
HAVE_PCRE2_FALSE=''
HAVE_PCRE2_TRUE='#'
HAVE_PEGOF_FALSE=''
HAVE_PEGOF_TRUE='#'
HAVE_PIPE2='1'
HAVE_PIPE='1'
HAVE_POSIX_MEMALIGN='1'
HAVE_POSIX_OPENPT='1'
HAVE_PREAD='1'
HAVE_PTSNAME='1'
HAVE_PTSNAME_R='1'
HAVE_PWRITE='1'
HAVE_QSORT_R='1'
HAVE_RANDOM='1'
HAVE_RANDOM_H='1'
HAVE_RANDOM_R='1'
HAVE_RAWMEMCHR='1'
HAVE_READLINK='1'
HAVE_READLINKAT='1'
HAVE_REALLOCARRAY='1'
HAVE_REALPATH='1'
HAVE_RPMATCH='1'
HAVE_RST2HTML_FALSE=''
HAVE_RST2HTML_TRUE='#'
HAVE_RST2MAN_FALSE=''
HAVE_RST2MAN_TRUE='#'
HAVE_RST2PDF_FALSE=''
HAVE_RST2PDF_TRUE='#'
HAVE_SECURE_GETENV='1'
HAVE_SETENV='1'
HAVE_SETHOSTNAME='1'
HAVE_SETSTATE='1'
HAVE_SIGABBREV_NP='1'
HAVE_SIGDESCR_NP='1'
HAVE_SIGNED_SIG_ATOMIC_T=''
HAVE_SIGNED_WCHAR_T=''
HAVE_SIGNED_WINT_T=''
HAVE_SLEEP='1'
HAVE_STDINT_H='1'
HAVE_STPCPY='1'
HAVE_STPNCPY='1'
HAVE_STRCASESTR='1'
HAVE_STRCHRNUL='1'
HAVE_STRERRORNAME_NP='1'
HAVE_STRNLEN_FALSE='#'
HAVE_STRNLEN_FOR_BUILD_FALSE='#'
HAVE_STRNLEN_FOR_BUILD_TRUE=''
HAVE_STRNLEN_TRUE=''
HAVE_STRPBRK='1'
HAVE_STRSEP='1'
HAVE_STRTOD='1'
HAVE_STRTOL='1'
HAVE_STRTOLD='1'
HAVE_STRTOLL='1'
HAVE_STRTOUL='1'
HAVE_STRTOULL='1'
HAVE_STRUCT_RANDOM_DATA='1'
HAVE_STRVERSCMP='1'
HAVE_SYMLINK='1'
HAVE_SYMLINKAT='1'
HAVE_SYS_BITYPES_H='0'
HAVE_SYS_INTTYPES_H='0'
HAVE_SYS_LOADAVG_H='0'
HAVE_SYS_PARAM_H='0'
HAVE_SYS_TYPES_H='1'
HAVE_TIMEOUT_FALSE='#'
HAVE_TIMEOUT_TRUE=''
HAVE_UNISTD_H='1'
HAVE_UNLINKAT='1'
HAVE_UNLOCKPT='1'
HAVE_USLEEP='1'
HAVE_VISIBILITY='1'
HAVE_WCHAR_H='1'
HAVE_WCHAR_T='1'
HAVE_WCPCPY='1'
HAVE_WCPNCPY='1'
HAVE_WCRTOMB='1'
HAVE_WCSCASECMP='1'
HAVE_WCSCAT='1'
HAVE_WCSCHR='1'
HAVE_WCSCMP='1'
HAVE_WCSCOLL='1'
HAVE_WCSCPY='1'
HAVE_WCSCSPN='1'
HAVE_WCSDUP='1'
HAVE_WCSFTIME='1'
HAVE_WCSLEN='1'
HAVE_WCSNCASECMP='1'
HAVE_WCSNCAT='1'
HAVE_WCSNCMP='1'
HAVE_WCSNCPY='1'
HAVE_WCSNLEN='1'
HAVE_WCSNRTOMBS='1'
HAVE_WCSPBRK='1'
HAVE_WCSRCHR='1'
HAVE_WCSRTOMBS='1'
HAVE_WCSSPN='1'
HAVE_WCSSTR='1'
HAVE_WCSTOK='1'
HAVE_WCSWIDTH='1'
HAVE_WCSXFRM='1'
HAVE_WCTRANS_T='1'
HAVE_WCTYPE_H='1'
HAVE_WCTYPE_T='1'
HAVE_WINT_T='1'
HAVE_WMEMCHR='1'
HAVE_WMEMCMP='1'
HAVE_WMEMCPY='1'
HAVE_WMEMMOVE='1'
HAVE_WMEMPCPY='0'
HAVE_WMEMSET='1'
HAVE_XLOCALE_H='0'
HAVE__BOOL='1'
HAVE__EXIT='1'
HOST_MINGW_FALSE=''
HOST_MINGW_TRUE='#'
ICONV_LIBS='-liconv'
INCLUDE_NEXT='include_next'
INCLUDE_NEXT_AS_FIRST_DIRECTIVE='include_next'
INSTALL_DATA='${INSTALL} -m 644'
INSTALL_ETAGS_FALSE=''
INSTALL_ETAGS_TRUE='#'
INSTALL_PROGRAM='${INSTALL}'
INSTALL_SCRIPT='${INSTALL}'
INSTALL_STRIP_PROGRAM='$(install_sh) -c -s'
INT32_MAX_LT_INTMAX_MAX='1'
INT64_MAX_EQ_LONG_MAX='defined _LP64'
JANSSON_CFLAGS='-I/root/.ppkg/installed/linux-musl-x86_64/libjansson/lib/pkgconfig/../../include'
JANSSON_LIBS='-L/root/.ppkg/installed/linux-musl-x86_64/libjansson/lib/pkgconfig/../../lib -ljansson'
LDFLAGS='-static --static -ffunction-sections -fdata-sections -Wl,--gc-sections -L/root/.ppkg/run/2404/linux-musl-x86_64/uctags/lib -Wl,--as-needed -flto -Wl,-s -L/root/.ppkg/installed/linux-musl-x86_64/libjansson/lib -Wl,-rpath,/root/.ppkg/installed/linux-musl-x86_64/libjansson/lib -L/root/.ppkg/installed/linux-musl-x86_64/libyaml/lib -Wl,-rpath,/root/.ppkg/installed/linux-musl-x86_64/libyaml/lib -L/root/.ppkg/installed/linux-musl-x86_64/libiconv/lib -Wl,-rpath,/root/.ppkg/installed/linux-musl-x86_64/libiconv/lib -L/root/.ppkg/installed/linux-musl-x86_64/libz/lib -Wl,-rpath,/root/.ppkg/installed/linux-musl-x86_64/libz/lib -L/root/.ppkg/installed/linux-musl-x86_64/libxml2/lib -Wl,-rpath,/root/.ppkg/installed/linux-musl-x86_64/libxml2/lib'
LDFLAGS_FOR_BUILD='-static --static -ffunction-sections -fdata-sections -Wl,--gc-sections -L/root/.ppkg/run/2404/linux-musl-x86_64/uctags/lib -Wl,--as-needed -flto -Wl,-s -L/root/.ppkg/installed/linux-musl-x86_64/libjansson/lib -Wl,-rpath,/root/.ppkg/installed/linux-musl-x86_64/libjansson/lib -L/root/.ppkg/installed/linux-musl-x86_64/libyaml/lib -Wl,-rpath,/root/.ppkg/installed/linux-musl-x86_64/libyaml/lib -L/root/.ppkg/installed/linux-musl-x86_64/libiconv/lib -Wl,-rpath,/root/.ppkg/installed/linux-musl-x86_64/libiconv/lib -L/root/.ppkg/installed/linux-musl-x86_64/libz/lib -Wl,-rpath,/root/.ppkg/installed/linux-musl-x86_64/libz/lib -L/root/.ppkg/installed/linux-musl-x86_64/libxml2/lib -Wl,-rpath,/root/.ppkg/installed/linux-musl-x86_64/libxml2/lib'
LIBGNU_LIBDEPS=''
LIBGNU_LTLIBDEPS=''
LIBMULTITHREAD='-lpthread'
LIBOBJS=''
LIBPMULTITHREAD='-lpthread'
LIBPTHREAD=''
LIBS=''
LIBSTDTHREAD=''
LIBTHREAD=''
LIBXML12d0_CFLAGS=''
LIBXML12d0_LIBS=''
LIBXML12d1_CFLAGS=''
LIBXML12d1_LIBS=''
LIBXML_CFLAGS='-I/root/.ppkg/installed/linux-musl-x86_64/libiconv/lib/pkgconfig/../../include -I/root/.ppkg/installed/linux-musl-x86_64/libz/lib/pkgconfig/../../include -I/root/.ppkg/installed/linux-musl-x86_64/libxml2/lib/pkgconfig/../../include/libxml2'
LIBXML_LIBS='-L/root/.ppkg/installed/linux-musl-x86_64/libiconv/lib/pkgconfig/../../lib -L/root/.ppkg/installed/linux-musl-x86_64/libz/lib/pkgconfig/../../lib -L/root/.ppkg/installed/linux-musl-x86_64/libxml2/lib/pkgconfig/../../lib -lxml2 -lm -lz -liconv'
LIBYAML_CFLAGS='-I/root/.ppkg/installed/linux-musl-x86_64/libyaml/lib/pkgconfig/../../include'
LIBYAML_LIBS='-L/root/.ppkg/installed/linux-musl-x86_64/libyaml/lib/pkgconfig/../../lib -lyaml'
LIB_HARD_LOCALE=''
LIB_MBRTOWC=''
LIB_NL_LANGINFO=''
LIB_SCHED_YIELD=''
LIB_SETLOCALE_NULL=''
LIMITS_H='limits.h'
LN_S='ln -s'
LOCALCHARSET_TESTS_ENVIRONMENT=''
LOCALENAME_ENHANCE_LOCALE_FUNCS='0'
LOCALE_FR='none'
LOCALE_FR_UTF8='none'
LOCALE_JA='none'
LOCALE_ZH_CN='none'
LTLIBMULTITHREAD='-lpthread'
LTLIBOBJS=''
LTLIBTHREAD=''
LTO_AR=''
LTO_RANLIB=''
MAKEINFO='${SHELL} '\''/root/.ppkg/run/2404/linux-musl-x86_64/uctags/src/missing'\'' makeinfo'
MKDIR_P='/root/.uppm/installed/coreutils/bin/mkdir -p'
NEXT_AS_FIRST_DIRECTIVE_CTYPE_H='<ctype.h>'
NEXT_AS_FIRST_DIRECTIVE_FNMATCH_H='<fnmatch.h>'
NEXT_AS_FIRST_DIRECTIVE_INTTYPES_H='<inttypes.h>'
NEXT_AS_FIRST_DIRECTIVE_LANGINFO_H='<langinfo.h>'
NEXT_AS_FIRST_DIRECTIVE_LIMITS_H='<limits.h>'
NEXT_AS_FIRST_DIRECTIVE_LOCALE_H='<locale.h>'
NEXT_AS_FIRST_DIRECTIVE_STDDEF_H=''
NEXT_AS_FIRST_DIRECTIVE_STDINT_H='<stdint.h>'
NEXT_AS_FIRST_DIRECTIVE_STDLIB_H='<stdlib.h>'
NEXT_AS_FIRST_DIRECTIVE_STRING_H='<string.h>'
NEXT_AS_FIRST_DIRECTIVE_SYS_TYPES_H='<sys/types.h>'
NEXT_AS_FIRST_DIRECTIVE_UNISTD_H='<unistd.h>'
NEXT_AS_FIRST_DIRECTIVE_WCHAR_H='<wchar.h>'
NEXT_AS_FIRST_DIRECTIVE_WCTYPE_H='<wctype.h>'
NEXT_CTYPE_H='<ctype.h>'
NEXT_FNMATCH_H='<fnmatch.h>'
NEXT_INTTYPES_H='<inttypes.h>'
NEXT_LANGINFO_H='<langinfo.h>'
NEXT_LIMITS_H='<limits.h>'
NEXT_LOCALE_H='<locale.h>'
NEXT_STDDEF_H=''
NEXT_STDINT_H='<stdint.h>'
NEXT_STDLIB_H='<stdlib.h>'
NEXT_STRING_H='<string.h>'
NEXT_SYS_TYPES_H='<sys/types.h>'
NEXT_UNISTD_H='<unistd.h>'
NEXT_WCHAR_H='<wchar.h>'
NEXT_WCTYPE_H='<wctype.h>'
OBJEXT='o'
PACKAGE='universal-ctags'
PACKAGE_BUGREPORT=''
PACKAGE_NAME='universal-ctags'
PACKAGE_STRING='universal-ctags 6.2.0'
PACKAGE_TARNAME='universal-ctags'
PACKAGE_URL=''
PACKAGE_VERSION='6.2.0'
PATH_SEPARATOR=':'
PCRE2_CFLAGS=''
PCRE2_LIBS=''
PEGOF='no'
PKG_CONFIG='/root/.uppm/installed/pkg-config/bin/pkg-config'
PKG_CONFIG_LIBDIR='/root/.ppkg/run/2404/linux-musl-x86_64/uctags/lib/pkgconfig'
PKG_CONFIG_PATH='/root/.ppkg/run/2404/linux-musl-x86_64/uctags/lib/pkgconfig::/root/.ppkg/installed/linux-musl-x86_64/libjansson/lib/pkgconfig:/root/.ppkg/installed/linux-musl-x86_64/libyaml/lib/pkgconfig:/root/.ppkg/installed/linux-musl-x86_64/libiconv/lib/pkgconfig:/root/.ppkg/installed/linux-musl-x86_64/libz/lib/pkgconfig:/root/.ppkg/installed/linux-musl-x86_64/libxml2/lib/pkgconfig'
PRAGMA_COLUMNS=''
PRAGMA_SYSTEM_HEADER='#pragma GCC system_header'
PRIPTR_PREFIX='__PRIPTR_PREFIX'
PTRDIFF_T_SUFFIX=''
PYTHON=''
RANLIB='/usr/bin/ranlib'
REAL_CC=''
REPLACE_ACCESS='0'
REPLACE_ALIGNED_ALLOC='0'
REPLACE_BTOWC='0'
REPLACE_CALLOC='0'
REPLACE_CANONICALIZE_FILE_NAME='0'
REPLACE_CHOWN='0'
REPLACE_CLOSE='0'
REPLACE_DUP2='0'
REPLACE_DUP='0'
REPLACE_DUPLOCALE='0'
REPLACE_EXECL='0'
REPLACE_EXECLE='0'
REPLACE_EXECLP='0'
REPLACE_EXECV='0'
REPLACE_EXECVE='0'
REPLACE_EXECVP='0'
REPLACE_EXECVPE='0'
REPLACE_FACCESSAT='0'
REPLACE_FCHOWNAT='0'
REPLACE_FFSLL='0'
REPLACE_FNMATCH='0'
REPLACE_FREE='0'
REPLACE_FREELOCALE='0'
REPLACE_FTRUNCATE='0'
REPLACE_GETCWD='0'
REPLACE_GETDOMAINNAME='0'
REPLACE_GETDTABLESIZE='0'
REPLACE_GETGROUPS='0'
REPLACE_GETLOGIN_R='0'
REPLACE_GETPAGESIZE='0'
REPLACE_GETPASS='0'
REPLACE_INITSTATE='0'
REPLACE_ISATTY='0'
REPLACE_ISWBLANK='0'
REPLACE_ISWCNTRL='0'
REPLACE_ISWDIGIT='0'
REPLACE_ISWXDIGIT='0'
REPLACE_LCHOWN='0'
REPLACE_LINK='0'
REPLACE_LINKAT='0'
REPLACE_LOCALECONV='0'
REPLACE_LSEEK='0'
REPLACE_MALLOC='0'
REPLACE_MBRLEN='0'
REPLACE_MBRTOWC='0'
REPLACE_MBSINIT='0'
REPLACE_MBSNRTOWCS='0'
REPLACE_MBSRTOWCS='0'
REPLACE_MBSTATE_T='0'
REPLACE_MBTOWC='0'
REPLACE_MEMCHR='0'
REPLACE_MEMMEM='0'
REPLACE_MKSTEMP='0'
REPLACE_NEWLOCALE='0'
REPLACE_NL_LANGINFO='1'
REPLACE_NULL='0'
REPLACE_POSIX_MEMALIGN='0'
REPLACE_PREAD='0'
REPLACE_PTSNAME='0'
REPLACE_PTSNAME_R='0'
REPLACE_PUTENV='0'
REPLACE_PWRITE='0'
REPLACE_QSORT_R='0'
REPLACE_RANDOM='0'
REPLACE_RANDOM_R='0'
REPLACE_READ='0'
REPLACE_READLINK='0'
REPLACE_READLINKAT='0'
REPLACE_REALLOC='0'
REPLACE_REALLOCARRAY='0'
REPLACE_REALPATH='0'
REPLACE_RMDIR='0'
REPLACE_SETENV='0'
REPLACE_SETLOCALE='0'
REPLACE_SETSTATE='0'
REPLACE_SLEEP='0'
REPLACE_STPNCPY='0'
REPLACE_STRCASESTR='0'
REPLACE_STRCHRNUL='0'
REPLACE_STRDUP='0'
REPLACE_STRERROR='0'
REPLACE_STRERRORNAME_NP='0'
REPLACE_STRERROR_R='0'
REPLACE_STRNCAT='0'
REPLACE_STRNDUP='0'
REPLACE_STRNLEN='0'
REPLACE_STRSIGNAL='0'
REPLACE_STRSTR='0'
REPLACE_STRTOD='0'
REPLACE_STRTOIMAX='0'
REPLACE_STRTOK_R='0'
REPLACE_STRTOL='0'
REPLACE_STRTOLD='0'
REPLACE_STRTOLL='0'
REPLACE_STRTOUL='0'
REPLACE_STRTOULL='0'
REPLACE_STRTOUMAX='0'
REPLACE_STRUCT_LCONV='0'
REPLACE_SYMLINK='0'
REPLACE_SYMLINKAT='0'
REPLACE_TOWLOWER='0'
REPLACE_TRUNCATE='0'
REPLACE_TTYNAME_R='0'
REPLACE_UNLINK='0'
REPLACE_UNLINKAT='0'
REPLACE_UNSETENV='0'
REPLACE_USLEEP='0'
REPLACE_WCRTOMB='0'
REPLACE_WCSFTIME='0'
REPLACE_WCSNRTOMBS='0'
REPLACE_WCSRTOMBS='0'
REPLACE_WCSTOK='0'
REPLACE_WCSWIDTH='0'
REPLACE_WCTOB='0'
REPLACE_WCTOMB='0'
REPLACE_WCWIDTH='0'
REPLACE_WRITE='0'
RST2HTML='no'
RST2MAN='no'
RST2MAN_OPTIONS=''
RST2PDF='no'
RUN_OPTLIB2C_FALSE='#'
RUN_OPTLIB2C_TRUE=''
RUN_TXT2CSTR_FALSE='#'
RUN_TXT2CSTR_TRUE=''
SECCOMP_CFLAGS=''
SECCOMP_LIBS=''
SET_MAKE=''
SHELL='/bin/sh'
SIG_ATOMIC_T_SUFFIX=''
SIZE_T_SUFFIX=''
STDBOOL_H=''
STDDEF_H=''
STDINT_H='stdint.h'
STRIP='/usr/bin/strip'
TESTING_TIMEOUT='timeout'
UINT32_MAX_LT_UINTMAX_MAX='1'
UINT64_MAX_EQ_ULONG_MAX='defined _LP64'
UNDEFINE_STRTOK_R='0'
UNISTD_H_HAVE_SYS_RANDOM_H='0'
UNISTD_H_HAVE_WINSOCK2_H='0'
UNISTD_H_HAVE_WINSOCK2_H_AND_USE_SOCKETS='0'
USE_READCMD_FALSE='#'
USE_READCMD_TRUE=''
VERSION='6.2.0'
WARNING_CFLAGS='-Wall'
WCHAR_T_SUFFIX=''
WINDOWS_64_BIT_OFF_T='0'
WINDOWS_STAT_INODES='0'
WINDRES='windres'
WINT_T_SUFFIX=''
ac_ct_CC='/root/.ppkg/core/wrapper-target-cc'
am__EXEEXT_FALSE=''
am__EXEEXT_TRUE='#'
am__fastdepCC_FALSE='#'
am__fastdepCC_TRUE=''
am__include='include'
am__isrc=' -I$(srcdir)'
am__leading_dot='.'
am__nodep='_no'
am__quote=''
am__rm_f_notfound=''
am__tar='false'
am__untar='false'
am__xargs_n='xargs -n'
bindir='${exec_prefix}/bin'
build='x86_64-pc-linux-musl'
build_alias=''
build_cpu='x86_64'
build_os='linux-musl'
build_vendor='pc'
datadir='${datarootdir}'
datarootdir='${prefix}/share'
docdir='${datarootdir}/doc/${PACKAGE_TARNAME}'
dvidir='${docdir}'
exec_prefix='${prefix}'
gl_LIBOBJS=' nl_langinfo.o regex.o setlocale-lock.o wmempcpy.o'
gl_LTLIBOBJS=' nl_langinfo.lo regex.lo setlocale-lock.lo wmempcpy.lo'
gltests_LIBOBJS=''
gltests_LTLIBOBJS=''
gltests_WITNESS='IN_UNIVERSAL_CTAGS_GNULIB_TESTS'
host='x86_64-pc-linux-musl'
host_alias=''
host_cpu='x86_64'
host_os='linux-musl'
host_vendor='pc'
htmldir='${docdir}'
includedir='${prefix}/include'
infodir='${datarootdir}/info'
install_sh='${SHELL} /root/.ppkg/run/2404/linux-musl-x86_64/uctags/src/install-sh'
libdir='${exec_prefix}/lib'
libexecdir='${exec_prefix}/libexec'
localedir='${datarootdir}/locale'
localstatedir='${prefix}/var'
mandir='${datarootdir}/man'
mkdir_p='$(MKDIR_P)'
oldincludedir='/usr/include'
pdfdir='${docdir}'
perl_found='yes'
prefix='/root/.ppkg/installed/linux-musl-x86_64/9c748f62cb7f8d4ca5e371beb76ad7ab781ac910a87f519f979c4a86e54d9950'
program_transform_name='s,x,x,'
psdir='${docdir}'
runstatedir='${localstatedir}/run'
sbindir='${exec_prefix}/sbin'
sharedstatedir='${prefix}/com'
sort_found='yes'
sysconfdir='${prefix}/etc'
target_alias=''

## ----------- ##
## confdefs.h. ##
## ----------- ##

/* confdefs.h */
#define PACKAGE_NAME "universal-ctags"
#define PACKAGE_TARNAME "universal-ctags"
#define PACKAGE_VERSION "6.2.0"
#define PACKAGE_STRING "universal-ctags 6.2.0"
#define PACKAGE_BUGREPORT ""
#define PACKAGE_URL ""
#define PACKAGE "universal-ctags"
#define VERSION "6.2.0"
#define DEFAULT_FILE_FORMAT 2
#define ETAGS "etags"
#define HAVE_STDIO_H 1
#define HAVE_STDLIB_H 1
#define HAVE_STRING_H 1
#define HAVE_INTTYPES_H 1
#define HAVE_STDINT_H 1
#define HAVE_STRINGS_H 1
#define HAVE_SYS_STAT_H 1
#define HAVE_SYS_TYPES_H 1
#define HAVE_UNISTD_H 1
#define HAVE_WCHAR_H 1
#define HAVE_FNMATCH_H 1
#define HAVE_THREADS_H 1
#define HAVE_LIMITS_H 1
#define HAVE_LANGINFO_H 1
#define HAVE_SYS_MMAN_H 1
#define HAVE_MALLOC_H 1
#define HAVE_FEATURES_H 1
#define HAVE_WCTYPE_H 1
#define STDC_HEADERS 1
#define _ALL_SOURCE 1
#define _DARWIN_C_SOURCE 1
#define _GNU_SOURCE 1
#define _HPUX_ALT_XOPEN_SOCKET_API 1
#define _NETBSD_SOURCE 1
#define _OPENBSD_SOURCE 1
#define _POSIX_PTHREAD_SEMANTICS 1
#define __STDC_WANT_IEC_60559_ATTRIBS_EXT__ 1
#define __STDC_WANT_IEC_60559_BFP_EXT__ 1
#define __STDC_WANT_IEC_60559_DFP_EXT__ 1
#define __STDC_WANT_IEC_60559_EXT__ 1
#define __STDC_WANT_IEC_60559_FUNCS_EXT__ 1
#define __STDC_WANT_IEC_60559_TYPES_EXT__ 1
#define __STDC_WANT_LIB_EXT2__ 1
#define __STDC_WANT_MATH_SPEC_FUNCS__ 1
#define _TANDEM_SOURCE 1
#define __EXTENSIONS__ 1
#define TMPDIR "/tmp"
#define EXTERNAL_SORT 1
#define HAVE_DIRENT_H 1
#define HAVE_FCNTL_H 1
#define HAVE_UNISTD_H 1
#define HAVE_SYS_DIR_H 1
#define HAVE_SYS_STAT_H 1
#define HAVE_SYS_TYPES_H 1
#define HAVE_SYS_WAIT_H 1
#define HAVE_STDBOOL_H 1
#define HAVE_TYPEOF 1
#define HAVE_STATEMENT_EXPRESSION_EXT 1
#define HAVE_STAT_ST_INO 1
#define HAVE_ALLOCA_H 1
#define HAVE_ALLOCA 1
#define HAVE_BTOWC 1
#define HAVE_FNMATCH 1
#define HAVE_MBSRTOWCS 1
#define HAVE_ISBLANK 1
#define HAVE_MBSINIT 1
#define HAVE_MBRTOWC 1
#define HAVE_MPROTECT 1
#define HAVE_NL_LANGINFO 1
#define HAVE_ISWCTYPE 1
#define HAVE_WCRTOMB 1
#define HAVE_ISWCNTRL 1
#define HAVE_LANGINFO_CODESET 1
#define HAVE_MBSTATE_T 1
#define HAVE_PTHREAD_API 1
#define SETLOCALE_NULL_ALL_MTSAFE 0
#define SETLOCALE_NULL_ONE_MTSAFE 1
#define HAVE_WINT_T 1
#define HAVE_LONG_LONG_INT 1
#define HAVE_UNSIGNED_LONG_LONG_INT 1
#define restrict __restrict__
#define HAVE_WCHAR_T 1
#define USE_POSIX_THREADS 1
#define HAVE_MAP_ANONYMOUS 1
#define HAVE_DECL_ALARM 1
#define MALLOC_0_IS_NONNULL 1
#define HAVE__BOOL 1
#define HAVE_DECL_ECVT 1
#define HAVE_DECL_FCVT 1
#define HAVE_DECL_GCVT 1
#define HAVE_DECL_STRNLEN 1
#define _USE_STD_STAT 1
#define HAVE_DECL_EXECVPE 1
#define HAVE_DECL_WCSDUP 1
#define HAVE_TOWLOWER 1
#define HAVE_ALLOCA 1
#define GNULIB_TEST_BTOWC 1
#define HAVE___BUILTIN_EXPECT 1
#define FLEXIBLE_ARRAY_MEMBER /**/
#define GNULIB_TEST_FNMATCH 1
#define GNULIB_ISBLANK 1
#define HAVE___INLINE 1
#define GNULIB_TEST_LOCALECONV 1
#define HAVE_PTHREAD_RWLOCK 1
#define HAVE_PTHREAD_MUTEX_RECURSIVE 1
#define GNULIB_LOCK 1
#define GNULIB_TEST_MBRTOWC 1
#define GNULIB_TEST_MBSINIT 1
#define GNULIB_TEST_MBSRTOWCS 1
#define HAVE_MBTOWC 1
#define GNULIB_TEST_MBTOWC 1
#define GNULIB_TEST_MEMCHR 1
#define HAVE_MEMPCPY 1
#define GNULIB_TEST_MEMPCPY 1
#define FUNC_NL_LANGINFO_YESEXPR_WORKS 1
#define NL_LANGINFO_MTSAFE 1
#define REPLACE_NL_LANGINFO 1
#define GNULIB_TEST_NL_LANGINFO 1
#define _REGEX_INCLUDE_LIMITS_H 1
#define _REGEX_LARGE_OFFSETS 1
#define re_syntax_options rpl_re_syntax_options
#define re_set_syntax rpl_re_set_syntax
#define re_compile_pattern rpl_re_compile_pattern
#define re_compile_fastmap rpl_re_compile_fastmap
#define re_search rpl_re_search
#define re_search_2 rpl_re_search_2
#define re_match rpl_re_match
#define re_match_2 rpl_re_match_2
#define re_set_registers rpl_re_set_registers
#define re_comp rpl_re_comp
#define re_exec rpl_re_exec
#define regcomp rpl_regcomp
#define regexec rpl_regexec
#define regerror rpl_regerror
#define regfree rpl_regfree
#define HAVE_DECL_ISBLANK 1
#define SETLOCALE_NULL_ALL_MTSAFE 0
#define SETLOCALE_NULL_ONE_MTSAFE 1
#define HAVE_VISIBILITY 1
#define GNULIB_TEST_SETLOCALE_NULL 1
#define GNULIB_TEST_STRNLEN 1
#define GNULIB_TEST_WCRTOMB 1
#define GNULIB_TEST_WMEMCHR 1
#define GNULIB_TEST_WMEMPCPY 1
#define HAVE_ASPRINTF 1
#define HAVE_STRCASECMP 1
#define HAVE_STRNCASECMP 1
#define HAVE_MKSTEMP 1
#define HAVE_OPENDIR 1
#define HAVE_STRERROR 1
#define HAVE_STRSIGNAL 1
#define HAVE_TRUNCATE 1
#define HAVE_SETENV 1
#define HAVE_SCANDIR 1
#define HAVE_DIRENT_H 1
#define HAVE_LIBXML 1
#define IS_xmlLineNumbersDefault_DEPRECATED 1
#define HAVE_JANSSON 1
#define HAVE_LIBYAML 1
#define HAVE_ICONV 1
#define HAVE_DECL___ENVIRON 0
#define HAVE_DECL__NSGETENVIRON 0
#define HAVE_DECL_STRNLEN 1
#define HAVE_MBLEN 1

configure: exit 0
